unsigned char dash_tex_raw[] = {
  0x00, 0x00, 0x10, 0x00, 0x00, 0x00, 0x73, 0x73, 0x84, 0x10, 0x10, 0x21,
  0x10, 0x10, 0x21, 0x52, 0x52, 0x63, 0x10, 0x10, 0x21, 0x73, 0x73, 0x84,
  0x00, 0x00, 0x00, 0x00, 0x00, 0x00, 0x00, 0x00, 0x00, 0x00, 0x00, 0x00,
  0x00, 0x00, 0x00, 0x00, 0x00, 0x00, 0x00, 0x00, 0x00, 0x00, 0x00, 0x00,
  0x00, 0x00, 0x00, 0x52, 0x52, 0x63, 0x10, 0x10, 0x21, 0x10, 0x10, 0x21,
  0x52, 0x52, 0x63, 0x10, 0x10, 0x21, 0x52, 0x52, 0x63, 0x00, 0x00, 0x00,
  0x00, 0x00, 0x00, 0x00, 0x00, 0x00, 0x73, 0x73, 0x84, 0x00, 0x00, 0x00,
  0x00, 0x00, 0x00, 0x00, 0x00, 0x00, 0x00, 0x00, 0x00, 0x73, 0x73, 0x84,
  0x00, 0x00, 0x10, 0x00, 0x00, 0x10, 0x00, 0x00, 0x00, 0x00, 0x00, 0x00,
  0x73, 0x73, 0x84, 0x73, 0x73, 0x84, 0x31, 0x31, 0x42, 0x31, 0x31, 0x42,
  0x31, 0x31, 0x42, 0x21, 0x21, 0x31, 0x21, 0x21, 0x31, 0x21, 0x21, 0x31,
  0x21, 0x21, 0x31, 0x00, 0x00, 0x00, 0x00, 0x00, 0x00, 0x00, 0x00, 0x00,
  0x00, 0x00, 0x00, 0x00, 0x00, 0x00, 0x10, 0x10, 0x21, 0x10, 0x10, 0x21,
  0x21, 0x21, 0x31, 0x73, 0x73, 0x84, 0x10, 0x10, 0x21, 0x10, 0x10, 0x21,
  0xa5, 0x00, 0x00, 0x84, 0x00, 0x00, 0x10, 0x10, 0x21, 0x10, 0x10, 0x21,
  0x10, 0x10, 0x21, 0x10, 0x10, 0x21, 0x73, 0x73, 0x84, 0x00, 0x00, 0x00,
  0x00, 0x00, 0x00, 0x00, 0x00, 0x10, 0x00, 0x00, 0x10, 0xf7, 0xf7, 0xf7,
  0x00, 0x00, 0x00, 0x00, 0x00, 0x00, 0x73, 0x73, 0x84, 0x00, 0x00, 0x10,
  0x00, 0x00, 0x00, 0x00, 0x00, 0x00, 0x00, 0x00, 0x00, 0xf7, 0xf7, 0xf7,
  0xf7, 0xf7, 0xf7, 0x00, 0x00, 0x00, 0x00, 0x00, 0x00, 0x00, 0x00, 0x00,
  0x00, 0x00, 0x00, 0x00, 0x00, 0x00, 0x00, 0x00, 0x00, 0x00, 0x00, 0x00,
  0x00, 0x00, 0x00, 0x00, 0x00, 0x00, 0x00, 0x00, 0x00, 0x00, 0x00, 0x00,
  0x00, 0x00, 0x00, 0x00, 0x00, 0x00, 0x00, 0x00, 0x00, 0x00, 0x00, 0x00,
  0x00, 0x00, 0x00, 0x00, 0x00, 0x00, 0x00, 0x00, 0x00, 0x00, 0x00, 0x00,
  0x00, 0x00, 0x00, 0x00, 0x00, 0x00, 0x00, 0x00, 0x00, 0x00, 0x00, 0x00,
  0x00, 0x00, 0x00, 0xf7, 0xf7, 0xf7, 0xf7, 0xf7, 0xf7, 0xf7, 0xf7, 0xf7,
  0xf7, 0xf7, 0xf7, 0x00, 0x00, 0x00, 0x00, 0x00, 0x00, 0x00, 0x00, 0x00,
  0xf7, 0xf7, 0xf7, 0x00, 0x00, 0x00, 0x00, 0x00, 0x00, 0x73, 0x73, 0x84,
  0x31, 0x31, 0x42, 0x00, 0x00, 0x00, 0x00, 0x00, 0x00, 0x00, 0x00, 0x00,
  0x00, 0x00, 0x00, 0x00, 0x00, 0x00, 0x00, 0x00, 0x00, 0x00, 0x00, 0x00,
  0x00, 0x00, 0x00, 0x00, 0x00, 0x00, 0x00, 0x00, 0x00, 0x00, 0x00, 0x00,
  0x00, 0x00, 0x00, 0x00, 0x00, 0x00, 0x00, 0x00, 0x00, 0x00, 0x00, 0x00,
  0x00, 0x00, 0x00, 0x21, 0x21, 0x31, 0x21, 0x21, 0x31, 0x00, 0x00, 0x00,
  0x00, 0x00, 0x00, 0x00, 0x00, 0x00, 0x00, 0x00, 0x00, 0x00, 0x00, 0x00,
  0x00, 0x00, 0x00, 0x00, 0x00, 0x00, 0x00, 0x00, 0x00, 0x00, 0x00, 0x00,
  0x00, 0x00, 0x00, 0x00, 0x00, 0x00, 0x00, 0x00, 0x00, 0x00, 0x00, 0x00,
  0x00, 0x00, 0x00, 0x00, 0x00, 0x00, 0x00, 0x00, 0x00, 0x31, 0x31, 0x42,
  0x21, 0x21, 0x31, 0x00, 0x00, 0x00, 0x00, 0x00, 0x00, 0x00, 0x00, 0x00,
  0x00, 0x00, 0x00, 0x00, 0x00, 0x00, 0x00, 0x00, 0x00, 0x00, 0x00, 0x00,
  0x21, 0x21, 0x31, 0x21, 0x21, 0x31, 0x21, 0x21, 0x31, 0x21, 0x21, 0x31,
  0x31, 0x31, 0x42, 0x31, 0x31, 0x42, 0x31, 0x31, 0x42, 0x73, 0x73, 0x84,
  0x73, 0x73, 0x84, 0xf7, 0xc6, 0x00, 0xf7, 0xc6, 0x00, 0xf7, 0xc6, 0x00,
  0x00, 0x00, 0x00, 0x00, 0x00, 0x00, 0x00, 0x00, 0x00, 0x73, 0x73, 0x84,
  0x10, 0x10, 0x21, 0x10, 0x10, 0x21, 0x73, 0x73, 0x84, 0x10, 0x10, 0x21,
  0x73, 0x73, 0x84, 0x00, 0x00, 0x00, 0x00, 0x00, 0x00, 0x00, 0x00, 0x10,
  0xb5, 0xb5, 0xc6, 0x00, 0x00, 0x00, 0x00, 0x00, 0x00, 0x00, 0x00, 0x00,
  0x00, 0x00, 0x00, 0x00, 0x00, 0x00, 0x00, 0x00, 0x00, 0xb5, 0xb5, 0xc6,
  0xb5, 0xb5, 0xc6, 0x00, 0x00, 0x10, 0x21, 0x21, 0x31, 0x21, 0x21, 0x31,
  0x73, 0x73, 0x84, 0x73, 0x73, 0x84, 0x52, 0x52, 0x63, 0x21, 0x21, 0x31,
  0x21, 0x21, 0x31, 0x21, 0x21, 0x31, 0x21, 0x21, 0x31, 0x52, 0x52, 0x63,
  0x73, 0x73, 0x84, 0x73, 0x73, 0x84, 0x73, 0x73, 0x84, 0xb5, 0xb5, 0xc6,
  0x21, 0x21, 0x31, 0x21, 0x21, 0x31, 0x21, 0x21, 0x31, 0xb5, 0xb5, 0xc6,
  0xb5, 0xb5, 0xc6, 0xb5, 0xb5, 0xc6, 0x73, 0x73, 0x84, 0x00, 0x00, 0x10,
  0x21, 0x21, 0x31, 0x21, 0x21, 0x31, 0x73, 0x73, 0x84, 0x21, 0x21, 0x31,
  0x21, 0x21, 0x31, 0x21, 0x21, 0x31, 0x21, 0x21, 0x31, 0x21, 0x21, 0x31,
  0x21, 0x21, 0x31, 0x00, 0x00, 0x10, 0x73, 0x73, 0x84, 0x73, 0x73, 0x84,
  0x21, 0x21, 0x31, 0x21, 0x21, 0x31, 0xb5, 0xb5, 0xc6, 0x73, 0x73, 0x84,
  0x21, 0x21, 0x31, 0x21, 0x21, 0x31, 0x21, 0x21, 0x31, 0x52, 0x52, 0x63,
  0x73, 0x73, 0x84, 0x73, 0x73, 0x84, 0x00, 0x00, 0x10, 0x00, 0x00, 0x10,
  0xb5, 0xb5, 0xc6, 0xb5, 0xb5, 0xc6, 0x00, 0x00, 0x00, 0x00, 0x00, 0x00,
  0x00, 0x00, 0x00, 0x00, 0x00, 0x00, 0x00, 0x00, 0x00, 0x00, 0x00, 0x00,
  0x00, 0x00, 0x10, 0x00, 0x00, 0x10, 0x00, 0x00, 0x00, 0x00, 0x00, 0x00,
  0x00, 0x00, 0x00, 0x00, 0x00, 0x00, 0x00, 0x00, 0x00, 0x00, 0x00, 0x00,
  0x00, 0x00, 0x00, 0x00, 0x00, 0x00, 0x00, 0x00, 0x00, 0x00, 0x00, 0x00,
  0x00, 0x00, 0x00, 0x73, 0x73, 0x84, 0x10, 0x10, 0x21, 0x10, 0x10, 0x21,
  0x10, 0x10, 0x21, 0x73, 0x73, 0x84, 0x10, 0x10, 0x21, 0x73, 0x73, 0x84,
  0x00, 0x00, 0x00, 0x00, 0x00, 0x00, 0x00, 0x00, 0x00, 0x00, 0x00, 0x00,
  0x00, 0x00, 0x00, 0x00, 0x00, 0x00, 0x00, 0x00, 0x00, 0x00, 0x00, 0x00,
  0x00, 0x00, 0x00, 0x52, 0x52, 0x63, 0x10, 0x10, 0x21, 0x10, 0x10, 0x21,
  0x73, 0x73, 0x84, 0x10, 0x10, 0x21, 0x10, 0x10, 0x21, 0x52, 0x52, 0x63,
  0x00, 0x00, 0x00, 0x00, 0x00, 0x00, 0x00, 0x00, 0x10, 0x73, 0x73, 0x84,
  0x00, 0x00, 0x00, 0x00, 0x00, 0x00, 0x00, 0x00, 0x00, 0x73, 0x73, 0x84,
  0x00, 0x00, 0x10, 0x00, 0x00, 0x10, 0x00, 0x00, 0x00, 0x00, 0x00, 0x00,
  0x73, 0x73, 0x84, 0x31, 0x31, 0x42, 0x21, 0x21, 0x31, 0x31, 0x31, 0x42,
  0x21, 0x21, 0x31, 0x21, 0x21, 0x31, 0x00, 0x00, 0x00, 0x21, 0x21, 0x31,
  0x00, 0x00, 0x00, 0x00, 0x00, 0x00, 0x10, 0x10, 0x21, 0x00, 0x00, 0x00,
  0x00, 0x00, 0x00, 0x10, 0x10, 0x21, 0x10, 0x10, 0x21, 0x21, 0x21, 0x31,
  0x00, 0x00, 0x00, 0x73, 0x73, 0x84, 0x10, 0x10, 0x21, 0xa5, 0x00, 0x00,
  0x84, 0x00, 0x00, 0x10, 0x10, 0x21, 0x10, 0x10, 0x21, 0x10, 0x10, 0x21,
  0xf7, 0xf7, 0xf7, 0x10, 0x10, 0x21, 0x73, 0x73, 0x84, 0x00, 0x00, 0x00,
  0x00, 0x00, 0x00, 0x00, 0x00, 0x00, 0x00, 0x00, 0x10, 0x73, 0x73, 0x84,
  0x00, 0x00, 0x00, 0x00, 0x00, 0x00, 0x73, 0x73, 0x84, 0xf7, 0xf7, 0xf7,
  0x00, 0x00, 0x00, 0x00, 0x00, 0x00, 0xf7, 0xf7, 0xf7, 0x00, 0x00, 0x00,
  0x00, 0x00, 0x00, 0xf7, 0xf7, 0xf7, 0x00, 0x00, 0x00, 0x00, 0x00, 0x00,
  0x00, 0x00, 0x00, 0x00, 0x00, 0x00, 0x00, 0x00, 0x00, 0x00, 0x00, 0x00,
  0x00, 0x00, 0x00, 0x00, 0x00, 0x00, 0x00, 0x00, 0x00, 0x00, 0x00, 0x00,
  0x00, 0x00, 0x00, 0x00, 0x00, 0x00, 0x00, 0x00, 0x00, 0x00, 0x00, 0x00,
  0x00, 0x00, 0x00, 0x00, 0x00, 0x00, 0x00, 0x00, 0x00, 0x00, 0x00, 0x00,
  0x00, 0x00, 0x00, 0x00, 0x00, 0x00, 0x00, 0x00, 0x00, 0x00, 0x00, 0x00,
  0x00, 0x00, 0x00, 0x00, 0x00, 0x00, 0x00, 0x00, 0x00, 0x00, 0x00, 0x00,
  0xf7, 0xf7, 0xf7, 0x00, 0x00, 0x00, 0x00, 0x00, 0x00, 0xf7, 0xf7, 0xf7,
  0x73, 0x73, 0x84, 0x00, 0x00, 0x00, 0x00, 0x00, 0x00, 0xf7, 0xf7, 0xf7,
  0x00, 0x00, 0x00, 0xf7, 0xf7, 0xf7, 0x00, 0x00, 0x00, 0x00, 0x00, 0x00,
  0x00, 0x00, 0x00, 0x00, 0x00, 0x00, 0x00, 0x00, 0x00, 0x00, 0x00, 0x00,
  0x00, 0x00, 0x00, 0x00, 0x00, 0x00, 0x00, 0x00, 0x00, 0x00, 0x00, 0x00,
  0x00, 0x00, 0x00, 0x00, 0x00, 0x00, 0x00, 0x00, 0x00, 0x00, 0x00, 0x00,
  0x00, 0x00, 0x00, 0xf7, 0xf7, 0xf7, 0xf7, 0xf7, 0xf7, 0x00, 0x00, 0x00,
  0x00, 0x00, 0x00, 0x00, 0x00, 0x00, 0x00, 0x00, 0x00, 0x00, 0x00, 0x00,
  0x00, 0x00, 0x00, 0x00, 0x00, 0x00, 0x00, 0x00, 0x00, 0x00, 0x00, 0x00,
  0x00, 0x00, 0x00, 0x00, 0x00, 0x00, 0x00, 0x00, 0x00, 0x00, 0x00, 0x00,
  0x00, 0x00, 0x00, 0x21, 0x21, 0x31, 0x00, 0x00, 0x00, 0x31, 0x31, 0x42,
  0x00, 0x00, 0x00, 0x21, 0x21, 0x31, 0x00, 0x00, 0x00, 0x00, 0x00, 0x00,
  0x00, 0x00, 0x00, 0x00, 0x00, 0x00, 0x10, 0x10, 0x21, 0x00, 0x00, 0x00,
  0x00, 0x00, 0x00, 0x21, 0x21, 0x31, 0x00, 0x00, 0x00, 0x21, 0x21, 0x31,
  0x21, 0x21, 0x31, 0x31, 0x31, 0x42, 0x21, 0x21, 0x31, 0x31, 0x31, 0x42,
  0x73, 0x73, 0x84, 0x73, 0x73, 0x84, 0xf7, 0xc6, 0x00, 0xf7, 0xc6, 0x00,
  0x00, 0x00, 0x00, 0x00, 0x00, 0x00, 0x00, 0x00, 0x00, 0x73, 0x73, 0x84,
  0x10, 0x10, 0x21, 0x10, 0x10, 0x21, 0x10, 0x10, 0x21, 0x10, 0x10, 0x21,
  0x10, 0x10, 0x21, 0x73, 0x73, 0x84, 0x00, 0x00, 0x00, 0x00, 0x00, 0x10,
  0x00, 0x00, 0x10, 0xf7, 0xf7, 0xf7, 0x00, 0x00, 0x00, 0x00, 0x00, 0x00,
  0x00, 0x00, 0x00, 0x00, 0x00, 0x00, 0x00, 0x00, 0x00, 0xb5, 0xb5, 0xc6,
  0xb5, 0xb5, 0xc6, 0x00, 0x00, 0x10, 0x21, 0x21, 0x31, 0x21, 0x21, 0x31,
  0xb5, 0xb5, 0xc6, 0x73, 0x73, 0x84, 0x52, 0x52, 0x63, 0x21, 0x21, 0x31,
  0x21, 0x21, 0x31, 0x52, 0x52, 0x63, 0x52, 0x52, 0x63, 0x21, 0x21, 0x31,
  0x21, 0x21, 0x31, 0x73, 0x73, 0x84, 0x73, 0x73, 0x84, 0x73, 0x73, 0x84,
  0x73, 0x73, 0x84, 0x21, 0x21, 0x31, 0x21, 0x21, 0x31, 0x21, 0x21, 0x31,
  0x21, 0x21, 0x31, 0x21, 0x21, 0x31, 0x73, 0x73, 0x84, 0x00, 0x00, 0x10,
  0x52, 0x52, 0x63, 0x73, 0x73, 0x84, 0xf7, 0xf7, 0xf7, 0x73, 0x73, 0x84,
  0x21, 0x21, 0x31, 0x21, 0x21, 0x31, 0xb5, 0xb5, 0xc6, 0x73, 0x73, 0x84,
  0xb5, 0xb5, 0xc6, 0x00, 0x00, 0x10, 0x00, 0x00, 0x10, 0x73, 0x73, 0x84,
  0x21, 0x21, 0x31, 0xb5, 0xb5, 0xc6, 0x73, 0x73, 0x84, 0x73, 0x73, 0x84,
  0x21, 0x21, 0x31, 0x21, 0x21, 0x31, 0x52, 0x52, 0x63, 0x52, 0x52, 0x63,
  0x73, 0x73, 0x84, 0x73, 0x73, 0x84, 0x00, 0x00, 0x10, 0x00, 0x00, 0x10,
  0xb5, 0xb5, 0xc6, 0xb5, 0xb5, 0xc6, 0x00, 0x00, 0x00, 0x00, 0x00, 0x00,
  0x00, 0x00, 0x00, 0x00, 0x00, 0x00, 0x00, 0x00, 0x00, 0x00, 0x00, 0x00,
  0x00, 0x00, 0x00, 0x00, 0x00, 0x00, 0x00, 0x00, 0x00, 0x00, 0x00, 0x00,
  0x00, 0x00, 0x00, 0x00, 0x00, 0x00, 0x00, 0x00, 0x00, 0x00, 0x00, 0x00,
  0x00, 0x00, 0x00, 0x00, 0x00, 0x00, 0x00, 0x00, 0x00, 0x00, 0x00, 0x00,
  0x00, 0x00, 0x00, 0x73, 0x73, 0x84, 0x10, 0x10, 0x21, 0x10, 0x10, 0x21,
  0x10, 0x10, 0x21, 0x10, 0x10, 0x21, 0x10, 0x10, 0x21, 0x10, 0x10, 0x21,
  0x73, 0x73, 0x84, 0x00, 0x00, 0x00, 0x00, 0x00, 0x00, 0x00, 0x00, 0x00,
  0x00, 0x00, 0x00, 0x00, 0x00, 0x00, 0x00, 0x00, 0x00, 0x00, 0x00, 0x00,
  0x52, 0x52, 0x63, 0x10, 0x10, 0x21, 0x10, 0x10, 0x21, 0x10, 0x10, 0x21,
  0x10, 0x10, 0x21, 0x10, 0x10, 0x21, 0x10, 0x10, 0x21, 0x52, 0x52, 0x63,
  0x00, 0x00, 0x00, 0x00, 0x00, 0x00, 0x00, 0x00, 0x00, 0x73, 0x73, 0x84,
  0x00, 0x00, 0x00, 0x00, 0x00, 0x00, 0x00, 0x00, 0x00, 0x73, 0x73, 0x84,
  0x00, 0x00, 0x10, 0x00, 0x00, 0x00, 0x00, 0x00, 0x00, 0x73, 0x73, 0x84,
  0x31, 0x31, 0x42, 0x31, 0x31, 0x42, 0x31, 0x31, 0x42, 0x21, 0x21, 0x31,
  0x21, 0x21, 0x31, 0x21, 0x21, 0x31, 0x21, 0x21, 0x31, 0x00, 0x00, 0x00,
  0x00, 0x00, 0x00, 0x00, 0x00, 0x00, 0x00, 0x00, 0x00, 0x00, 0x00, 0x00,
  0x00, 0x00, 0x00, 0x10, 0x10, 0x21, 0x21, 0x21, 0x31, 0x00, 0x00, 0x00,
  0x00, 0x00, 0x00, 0x00, 0x00, 0x00, 0x73, 0x73, 0x84, 0x84, 0x00, 0x00,
  0x10, 0x10, 0x21, 0x10, 0x10, 0x21, 0x10, 0x10, 0x21, 0x10, 0x10, 0x21,
  0x52, 0x52, 0x63, 0x10, 0x10, 0x21, 0x73, 0x73, 0x84, 0x00, 0x00, 0x00,
  0x00, 0x00, 0x00, 0x00, 0x00, 0x00, 0x00, 0x00, 0x10, 0x73, 0x73, 0x84,
  0x00, 0x00, 0x00, 0x00, 0x00, 0x00, 0x73, 0x73, 0x84, 0x52, 0x52, 0x63,
  0x00, 0x00, 0x00, 0x00, 0x00, 0x00, 0x00, 0x00, 0x00, 0x00, 0x00, 0x00,
  0xf7, 0xf7, 0xf7, 0x00, 0x00, 0x00, 0x00, 0x00, 0x00, 0x00, 0x00, 0x00,
  0x00, 0x00, 0x00, 0x00, 0x00, 0x00, 0x00, 0x00, 0x00, 0x00, 0x00, 0x00,
  0x00, 0x00, 0x00, 0x00, 0x00, 0x00, 0x00, 0x00, 0x00, 0x00, 0x00, 0x00,
  0x00, 0x00, 0x00, 0x00, 0x00, 0x00, 0x00, 0x00, 0x00, 0x00, 0x00, 0x00,
  0x00, 0x00, 0x00, 0x00, 0x00, 0x00, 0x00, 0x00, 0x00, 0x00, 0x00, 0x00,
  0x00, 0x00, 0x00, 0x00, 0x00, 0x00, 0x00, 0x00, 0x00, 0x00, 0x00, 0x00,
  0x00, 0x00, 0x00, 0x00, 0x00, 0x00, 0x00, 0x00, 0x00, 0xf7, 0xf7, 0xf7,
  0x21, 0x21, 0x31, 0x00, 0x00, 0x00, 0x00, 0x00, 0x00, 0x52, 0x52, 0x63,
  0x73, 0x73, 0x84, 0x00, 0x00, 0x00, 0x00, 0x00, 0x00, 0x73, 0x73, 0x84,
  0x00, 0x00, 0x00, 0x00, 0x00, 0x00, 0x00, 0x00, 0x00, 0x00, 0x00, 0x00,
  0xf7, 0xf7, 0xf7, 0x00, 0x00, 0x00, 0x00, 0x00, 0x00, 0x00, 0x00, 0x00,
  0x73, 0x73, 0x84, 0xf7, 0xf7, 0xf7, 0x73, 0x73, 0x84, 0x00, 0x00, 0x00,
  0x00, 0x00, 0x00, 0x00, 0x00, 0x00, 0x00, 0x00, 0x00, 0x00, 0x00, 0x00,
  0x00, 0x00, 0x00, 0x00, 0x00, 0x00, 0x00, 0x00, 0x00, 0x00, 0x00, 0x00,
  0x00, 0x00, 0x00, 0xf7, 0xf7, 0xf7, 0xf7, 0xf7, 0xf7, 0x73, 0x73, 0x84,
  0x00, 0x00, 0x00, 0x73, 0x73, 0x84, 0xf7, 0xf7, 0xf7, 0x73, 0x73, 0x84,
  0x00, 0x00, 0x00, 0x52, 0x52, 0x63, 0xf7, 0xf7, 0xf7, 0x73, 0x73, 0x84,
  0x00, 0x00, 0x00, 0x00, 0x00, 0x00, 0x00, 0x00, 0x00, 0x31, 0x31, 0x42,
  0x00, 0x00, 0x00, 0x00, 0x00, 0x00, 0x21, 0x21, 0x31, 0x00, 0x00, 0x00,
  0x00, 0x00, 0x00, 0x00, 0x00, 0x00, 0x00, 0x00, 0x00, 0x00, 0x00, 0x00,
  0x00, 0x00, 0x00, 0x00, 0x00, 0x00, 0x21, 0x21, 0x31, 0x21, 0x21, 0x31,
  0x21, 0x21, 0x31, 0x21, 0x21, 0x31, 0x31, 0x31, 0x42, 0x31, 0x31, 0x42,
  0x31, 0x31, 0x42, 0x73, 0x73, 0x84, 0x00, 0x00, 0x00, 0x00, 0x00, 0x00,
  0x00, 0x00, 0x00, 0x00, 0x00, 0x00, 0x73, 0x73, 0x84, 0x10, 0x10, 0x21,
  0x10, 0x10, 0x21, 0x10, 0x10, 0x21, 0x10, 0x10, 0x21, 0x10, 0x10, 0x21,
  0x10, 0x10, 0x21, 0x73, 0x73, 0x84, 0x00, 0x00, 0x00, 0x00, 0x00, 0x00,
  0x00, 0x00, 0x10, 0xb5, 0xb5, 0xc6, 0x00, 0x00, 0x00, 0x00, 0x00, 0x00,
  0x00, 0x00, 0x00, 0x00, 0x00, 0x00, 0x00, 0x00, 0x00, 0xb5, 0xb5, 0xc6,
  0xb5, 0xb5, 0xc6, 0x00, 0x00, 0x10, 0x00, 0x00, 0x10, 0x21, 0x21, 0x31,
  0x21, 0x21, 0x31, 0x73, 0x73, 0x84, 0x52, 0x52, 0x63, 0x21, 0x21, 0x31,
  0x21, 0x21, 0x31, 0x52, 0x52, 0x63, 0x73, 0x73, 0x84, 0x73, 0x73, 0x84,
  0x21, 0x21, 0x31, 0x73, 0x73, 0x84, 0x73, 0x73, 0x84, 0x21, 0x21, 0x31,
  0x73, 0x73, 0x84, 0xb5, 0xb5, 0xc6, 0x73, 0x73, 0x84, 0x73, 0x73, 0x84,
  0x21, 0x21, 0x31, 0x21, 0x21, 0x31, 0x21, 0x21, 0x31, 0x00, 0x00, 0x10,
  0x52, 0x52, 0x63, 0x73, 0x73, 0x84, 0xb5, 0xb5, 0xc6, 0xb5, 0xb5, 0xc6,
  0x73, 0x73, 0x84, 0xb5, 0xb5, 0xc6, 0xb5, 0xb5, 0xc6, 0xf7, 0xf7, 0xf7,
  0xf7, 0xf7, 0xf7, 0x73, 0x73, 0x84, 0x00, 0x00, 0x10, 0x21, 0x21, 0x31,
  0x21, 0x21, 0x31, 0x21, 0x21, 0x31, 0x73, 0x73, 0x84, 0x21, 0x21, 0x31,
  0x21, 0x21, 0x31, 0x21, 0x21, 0x31, 0x52, 0x52, 0x63, 0x52, 0x52, 0x63,
  0xb5, 0xb5, 0xc6, 0x21, 0x21, 0x31, 0x00, 0x00, 0x10, 0x00, 0x00, 0x10,
  0xb5, 0xb5, 0xc6, 0xb5, 0xb5, 0xc6, 0x00, 0x00, 0x00, 0x00, 0x00, 0x00,
  0x00, 0x00, 0x00, 0x00, 0x00, 0x00, 0x00, 0x00, 0x00, 0x00, 0x00, 0x00,
  0x00, 0x00, 0x10, 0x00, 0x00, 0x10, 0x00, 0x00, 0x00, 0x00, 0x00, 0x00,
  0x00, 0x00, 0x00, 0x00, 0x00, 0x00, 0x00, 0x00, 0x00, 0x00, 0x00, 0x00,
  0x00, 0x00, 0x00, 0x00, 0x00, 0x00, 0x00, 0x00, 0x00, 0x00, 0x00, 0x00,
  0x73, 0x73, 0x84, 0x10, 0x10, 0x21, 0x10, 0x10, 0x21, 0x73, 0x73, 0x84,
  0x10, 0x10, 0x21, 0x10, 0x10, 0x21, 0x10, 0x10, 0x21, 0x10, 0x10, 0x21,
  0x73, 0x73, 0x84, 0x00, 0x00, 0x00, 0x00, 0x00, 0x00, 0x00, 0x00, 0x00,
  0x00, 0x00, 0x00, 0x00, 0x00, 0x00, 0x00, 0x00, 0x00, 0x00, 0x00, 0x00,
  0x52, 0x52, 0x63, 0x10, 0x10, 0x21, 0x10, 0x10, 0x21, 0x10, 0x10, 0x21,
  0x10, 0x10, 0x21, 0x52, 0x52, 0x63, 0x10, 0x10, 0x21, 0x10, 0x10, 0x21,
  0x52, 0x52, 0x63, 0x00, 0x00, 0x00, 0x00, 0x00, 0x00, 0x00, 0x00, 0x10,
  0x73, 0x73, 0x84, 0x00, 0x00, 0x00, 0x73, 0x73, 0x84, 0x31, 0x31, 0x42,
  0x00, 0x00, 0x10, 0x00, 0x00, 0x00, 0x73, 0x73, 0x84, 0x31, 0x31, 0x42,
  0x21, 0x21, 0x31, 0x31, 0x31, 0x42, 0x21, 0x21, 0x31, 0x31, 0x31, 0x42,
  0x21, 0x21, 0x31, 0x21, 0x21, 0x31, 0x00, 0x00, 0x00, 0x21, 0x21, 0x31,
  0x10, 0x10, 0x21, 0x00, 0x00, 0x00, 0x00, 0x00, 0x00, 0x00, 0x00, 0x00,
  0x10, 0x10, 0x21, 0x10, 0x10, 0x21, 0x21, 0x21, 0x31, 0x00, 0x00, 0x00,
  0x00, 0x00, 0x00, 0x00, 0x00, 0x00, 0x73, 0x73, 0x84, 0x10, 0x10, 0x21,
  0x10, 0x10, 0x21, 0x10, 0x10, 0x21, 0x10, 0x10, 0x21, 0x10, 0x10, 0x21,
  0x10, 0x10, 0x21, 0x10, 0x10, 0x21, 0x10, 0x10, 0x21, 0x73, 0x73, 0x84,
  0x00, 0x00, 0x00, 0x00, 0x00, 0x00, 0x00, 0x00, 0x10, 0x00, 0x00, 0x10,
  0xb5, 0xb5, 0xc6, 0x00, 0x00, 0x00, 0x73, 0x73, 0x84, 0x00, 0x00, 0x10,
  0x00, 0x00, 0x00, 0x00, 0x00, 0x00, 0x00, 0x00, 0x00, 0xf7, 0xf7, 0xf7,
  0x00, 0x00, 0x00, 0x00, 0x00, 0x00, 0x00, 0x00, 0x00, 0x00, 0x00, 0x00,
  0x00, 0x00, 0x00, 0x00, 0x00, 0x00, 0x00, 0x00, 0x00, 0x00, 0x00, 0x00,
  0x00, 0x00, 0x00, 0x00, 0x00, 0x00, 0x00, 0x00, 0x00, 0x00, 0x00, 0x00,
  0x00, 0x00, 0x00, 0x00, 0x00, 0x00, 0x00, 0x00, 0x00, 0x00, 0x00, 0x00,
  0x00, 0x00, 0x00, 0x00, 0x00, 0x00, 0x00, 0x00, 0x00, 0x00, 0x00, 0x00,
  0x00, 0x00, 0x00, 0x00, 0x00, 0x00, 0x00, 0x00, 0x00, 0x00, 0x00, 0x00,
  0x00, 0x00, 0x00, 0x00, 0x00, 0x00, 0xf7, 0xf7, 0xf7, 0x21, 0x21, 0x31,
  0x00, 0x00, 0x00, 0x00, 0x00, 0x00, 0x00, 0x00, 0x00, 0x00, 0x00, 0x00,
  0x73, 0x73, 0x84, 0x00, 0x00, 0x00, 0x73, 0x73, 0x84, 0x00, 0x00, 0x00,
  0x00, 0x00, 0x00, 0x00, 0x00, 0x00, 0x00, 0x00, 0x00, 0x00, 0x00, 0x00,
  0xf7, 0xf7, 0xf7, 0x00, 0x00, 0x00, 0x00, 0x00, 0x00, 0x00, 0x00, 0x00,
  0xf7, 0xf7, 0xf7, 0x00, 0x00, 0x00, 0xf7, 0xf7, 0xf7, 0x00, 0x00, 0x00,
  0x00, 0x00, 0x00, 0x00, 0x00, 0x00, 0x00, 0x00, 0x00, 0x00, 0x00, 0x00,
  0x00, 0x00, 0x00, 0x00, 0x00, 0x00, 0x00, 0x00, 0x00, 0x00, 0x00, 0x00,
  0x00, 0x00, 0x00, 0x00, 0x00, 0x00, 0x00, 0x00, 0x00, 0xf7, 0xf7, 0xf7,
  0x00, 0x00, 0x00, 0xf7, 0xf7, 0xf7, 0x00, 0x00, 0x00, 0xf7, 0xf7, 0xf7,
  0x00, 0x00, 0x00, 0xf7, 0xf7, 0xf7, 0x00, 0x00, 0x00, 0xf7, 0xf7, 0xf7,
  0x00, 0x00, 0x00, 0x00, 0x00, 0x00, 0x00, 0x00, 0x00, 0x00, 0x00, 0x00,
  0x31, 0x31, 0x42, 0x00, 0x00, 0x00, 0x21, 0x21, 0x31, 0x00, 0x00, 0x00,
  0x10, 0x10, 0x21, 0x00, 0x00, 0x00, 0x00, 0x00, 0x00, 0x00, 0x00, 0x00,
  0x10, 0x10, 0x21, 0x21, 0x21, 0x31, 0x00, 0x00, 0x00, 0x21, 0x21, 0x31,
  0x21, 0x21, 0x31, 0x31, 0x31, 0x42, 0x21, 0x21, 0x31, 0x31, 0x31, 0x42,
  0x21, 0x21, 0x31, 0x31, 0x31, 0x42, 0x73, 0x73, 0x84, 0x00, 0x00, 0x00,
  0x00, 0x00, 0x00, 0x00, 0x00, 0x00, 0x73, 0x73, 0x84, 0x10, 0x10, 0x21,
  0x10, 0x10, 0x21, 0x10, 0x10, 0x21, 0x10, 0x10, 0x21, 0x10, 0x10, 0x21,
  0x73, 0x73, 0x84, 0x10, 0x10, 0x21, 0x73, 0x73, 0x84, 0x00, 0x00, 0x00,
  0x00, 0x00, 0x10, 0x00, 0x00, 0x10, 0xf7, 0xf7, 0xf7, 0x00, 0x00, 0x00,
  0x00, 0x00, 0x00, 0x00, 0x00, 0x00, 0x00, 0x00, 0x00, 0xb5, 0xb5, 0xc6,
  0xb5, 0xb5, 0xc6, 0x00, 0x00, 0x10, 0x00, 0x00, 0x10, 0x21, 0x21, 0x31,
  0x21, 0x21, 0x31, 0x73, 0x73, 0x84, 0x52, 0x52, 0x63, 0x21, 0x21, 0x31,
  0x21, 0x21, 0x31, 0x52, 0x52, 0x63, 0x73, 0x73, 0x84, 0x73, 0x73, 0x84,
  0x21, 0x21, 0x31, 0x73, 0x73, 0x84, 0x73, 0x73, 0x84, 0x21, 0x21, 0x31,
  0x73, 0x73, 0x84, 0xb5, 0xb5, 0xc6, 0x73, 0x73, 0x84, 0x73, 0x73, 0x84,
  0x21, 0x21, 0x31, 0x21, 0x21, 0x31, 0x21, 0x21, 0x31, 0x00, 0x00, 0x10,
  0x52, 0x52, 0x63, 0x73, 0x73, 0x84, 0xb5, 0xb5, 0xc6, 0xb5, 0xb5, 0xc6,
  0x73, 0x73, 0x84, 0xb5, 0xb5, 0xc6, 0xb5, 0xb5, 0xc6, 0xf7, 0xf7, 0xf7,
  0xf7, 0xf7, 0xf7, 0x73, 0x73, 0x84, 0x00, 0x00, 0x10, 0x21, 0x21, 0x31,
  0x21, 0x21, 0x31, 0x21, 0x21, 0x31, 0x73, 0x73, 0x84, 0x21, 0x21, 0x31,
  0x21, 0x21, 0x31, 0x21, 0x21, 0x31, 0x52, 0x52, 0x63, 0x52, 0x52, 0x63,
  0xb5, 0xb5, 0xc6, 0x21, 0x21, 0x31, 0x00, 0x00, 0x10, 0x00, 0x00, 0x10,
  0xb5, 0xb5, 0xc6, 0xb5, 0xb5, 0xc6, 0x00, 0x00, 0x00, 0x00, 0x00, 0x00,
  0x00, 0x00, 0x00, 0x00, 0x00, 0x00, 0x00, 0x00, 0x00, 0x00, 0x00, 0x00,
  0x00, 0x00, 0x10, 0x00, 0x00, 0x00, 0x00, 0x00, 0x00, 0x00, 0x00, 0x00,
  0x00, 0x00, 0x00, 0x00, 0x00, 0x00, 0x00, 0x00, 0x00, 0x00, 0x00, 0x00,
  0x00, 0x00, 0x00, 0x00, 0x00, 0x00, 0x00, 0x00, 0x00, 0x00, 0x00, 0x00,
  0x73, 0x73, 0x84, 0x10, 0x10, 0x21, 0x10, 0x10, 0x21, 0x73, 0x73, 0x84,
  0x10, 0x10, 0x21, 0x10, 0x10, 0x21, 0x10, 0x10, 0x21, 0x73, 0x73, 0x84,
  0x00, 0x00, 0x00, 0x00, 0x00, 0x00, 0x00, 0x00, 0x00, 0x00, 0x00, 0x00,
  0x00, 0x00, 0x00, 0x00, 0x00, 0x00, 0x00, 0x00, 0x00, 0x00, 0x00, 0x00,
  0x00, 0x00, 0x00, 0x52, 0x52, 0x63, 0x10, 0x10, 0x21, 0x10, 0x10, 0x21,
  0x10, 0x10, 0x21, 0x73, 0x73, 0x84, 0x10, 0x10, 0x21, 0x10, 0x10, 0x21,
  0x52, 0x52, 0x63, 0x00, 0x00, 0x00, 0x00, 0x00, 0x00, 0x00, 0x00, 0x10,
  0x73, 0x73, 0x84, 0x00, 0x00, 0x00, 0x73, 0x73, 0x84, 0x00, 0x00, 0x10,
  0x00, 0x00, 0x10, 0x00, 0x00, 0x00, 0x73, 0x73, 0x84, 0x31, 0x31, 0x42,
  0x31, 0x31, 0x42, 0x21, 0x21, 0x31, 0x21, 0x21, 0x31, 0x21, 0x21, 0x31,
  0x21, 0x21, 0x31, 0x00, 0x00, 0x00, 0x00, 0x00, 0x00, 0x10, 0x10, 0x21,
  0x00, 0x00, 0x00, 0x00, 0x00, 0x00, 0x00, 0x00, 0x00, 0x10, 0x10, 0x21,
  0x10, 0x10, 0x21, 0x21, 0x21, 0x31, 0x00, 0x00, 0x00, 0x00, 0x00, 0x00,
  0x00, 0x00, 0x00, 0x00, 0x00, 0x00, 0x00, 0x00, 0x00, 0x73, 0x73, 0x84,
  0x10, 0x10, 0x21, 0x10, 0x10, 0x21, 0x10, 0x10, 0x21, 0x10, 0x10, 0x21,
  0x10, 0x10, 0x21, 0x10, 0x10, 0x21, 0x10, 0x10, 0x21, 0x73, 0x73, 0x84,
  0x00, 0x00, 0x00, 0x00, 0x00, 0x00, 0x00, 0x00, 0x00, 0x00, 0x00, 0x10,
  0xf7, 0xf7, 0xf7, 0x00, 0x00, 0x00, 0x73, 0x73, 0x84, 0x00, 0x00, 0x10,
  0x00, 0x00, 0x00, 0x00, 0x00, 0x00, 0xf7, 0xf7, 0xf7, 0xf7, 0xf7, 0xf7,
  0xf7, 0xf7, 0xf7, 0xf7, 0xf7, 0xf7, 0x00, 0x00, 0x00, 0x00, 0x00, 0x00,
  0x00, 0x00, 0x00, 0x00, 0x00, 0x00, 0x00, 0x00, 0x00, 0x00, 0x00, 0x00,
  0x00, 0x00, 0x00, 0x00, 0x00, 0x00, 0x00, 0x00, 0x00, 0x00, 0x00, 0x00,
  0x00, 0x00, 0x00, 0x00, 0x00, 0x00, 0x00, 0x00, 0x00, 0x00, 0x00, 0x00,
  0x00, 0x00, 0x00, 0x00, 0x00, 0x00, 0x00, 0x00, 0x00, 0x00, 0x00, 0x00,
  0x00, 0x00, 0x00, 0x00, 0x00, 0x00, 0x00, 0x00, 0x00, 0x00, 0x00, 0x00,
  0x00, 0x00, 0x00, 0x00, 0x00, 0x00, 0xf7, 0xf7, 0xf7, 0x00, 0x00, 0x00,
  0x00, 0x00, 0x00, 0x00, 0x00, 0x00, 0x00, 0x00, 0x00, 0x00, 0x00, 0x00,
  0x73, 0x73, 0x84, 0x00, 0x00, 0x00, 0x73, 0x73, 0x84, 0x00, 0x00, 0x00,
  0x00, 0x00, 0x00, 0x00, 0x00, 0x00, 0x00, 0x00, 0x00, 0x00, 0x00, 0x00,
  0xf7, 0xf7, 0xf7, 0xf7, 0xf7, 0xf7, 0x73, 0x73, 0x84, 0x00, 0x00, 0x00,
  0xf7, 0xf7, 0xf7, 0x00, 0x00, 0x00, 0xf7, 0xf7, 0xf7, 0x00, 0x00, 0x00,
  0x00, 0x00, 0x00, 0x00, 0x00, 0x00, 0x00, 0x00, 0x00, 0x00, 0x00, 0x00,
  0x00, 0x00, 0x00, 0x00, 0x00, 0x00, 0x00, 0x00, 0x00, 0x00, 0x00, 0x00,
  0x00, 0x00, 0x00, 0x00, 0x00, 0x00, 0xf7, 0xf7, 0xf7, 0xf7, 0xf7, 0xf7,
  0x00, 0x00, 0x00, 0xf7, 0xf7, 0xf7, 0x00, 0x00, 0x00, 0xf7, 0xf7, 0xf7,
  0x00, 0x00, 0x00, 0xf7, 0xf7, 0xf7, 0x00, 0x00, 0x00, 0xf7, 0xf7, 0xf7,
  0x00, 0x00, 0x00, 0x00, 0x00, 0x00, 0x00, 0x00, 0x00, 0x00, 0x00, 0x00,
  0x31, 0x31, 0x42, 0x00, 0x00, 0x00, 0x73, 0x73, 0x84, 0x21, 0x21, 0x31,
  0x10, 0x10, 0x21, 0x10, 0x10, 0x21, 0x00, 0x00, 0x00, 0x00, 0x00, 0x00,
  0x00, 0x00, 0x00, 0x10, 0x10, 0x21, 0x00, 0x00, 0x00, 0x00, 0x00, 0x00,
  0x21, 0x21, 0x31, 0x21, 0x21, 0x31, 0x21, 0x21, 0x31, 0x21, 0x21, 0x31,
  0x31, 0x31, 0x42, 0x31, 0x31, 0x42, 0x73, 0x73, 0x84, 0x00, 0x00, 0x00,
  0x00, 0x00, 0x00, 0x00, 0x00, 0x00, 0x00, 0x00, 0x00, 0x73, 0x73, 0x84,
  0x10, 0x10, 0x21, 0x10, 0x10, 0x21, 0x10, 0x10, 0x21, 0x10, 0x10, 0x21,
  0x10, 0x10, 0x21, 0x10, 0x10, 0x21, 0x73, 0x73, 0x84, 0x00, 0x00, 0x00,
  0x00, 0x00, 0x00, 0x00, 0x00, 0x10, 0xf7, 0xf7, 0xf7, 0x00, 0x00, 0x00,
  0x00, 0x00, 0x00, 0x00, 0x00, 0x00, 0x00, 0x00, 0x00, 0xb5, 0xb5, 0xc6,
  0xb5, 0xb5, 0xc6, 0x00, 0x00, 0x10, 0x00, 0x00, 0x10, 0x21, 0x21, 0x31,
  0xb5, 0xb5, 0xc6, 0x73, 0x73, 0x84, 0x52, 0x52, 0x63, 0x52, 0x52, 0x63,
  0x21, 0x21, 0x31, 0x21, 0x21, 0x31, 0x52, 0x52, 0x63, 0x73, 0x73, 0x84,
  0x73, 0x73, 0x84, 0x73, 0x73, 0x84, 0x21, 0x21, 0x31, 0x21, 0x21, 0x31,
  0x21, 0x21, 0x31, 0x21, 0x21, 0x31, 0x73, 0x73, 0x84, 0xb5, 0xb5, 0xc6,
  0x73, 0x73, 0x84, 0x21, 0x21, 0x31, 0x00, 0x00, 0x10, 0x00, 0x00, 0x10,
  0x52, 0x52, 0x63, 0x52, 0x52, 0x63, 0x73, 0x73, 0x84, 0xb5, 0xb5, 0xc6,
  0xf7, 0xf7, 0xf7, 0xb5, 0xb5, 0xc6, 0x21, 0x21, 0x31, 0xb5, 0xb5, 0xc6,
  0xb5, 0xb5, 0xc6, 0x73, 0x73, 0x84, 0x00, 0x00, 0x10, 0x00, 0x00, 0x10,
  0x00, 0x00, 0x10, 0x00, 0x00, 0x10, 0x21, 0x21, 0x31, 0x21, 0x21, 0x31,
  0x21, 0x21, 0x31, 0x21, 0x21, 0x31, 0x52, 0x52, 0x63, 0xb5, 0xb5, 0xc6,
  0x73, 0x73, 0x84, 0x21, 0x21, 0x31, 0x00, 0x00, 0x10, 0x00, 0x00, 0x10,
  0xb5, 0xb5, 0xc6, 0xb5, 0xb5, 0xc6, 0x00, 0x00, 0x00, 0x00, 0x00, 0x00,
  0x00, 0x00, 0x00, 0x00, 0x00, 0x00, 0x00, 0x00, 0x00, 0x00, 0x00, 0x00,
  0x00, 0x00, 0x10, 0x00, 0x00, 0x00, 0x00, 0x00, 0x00, 0x00, 0x00, 0x00,
  0x00, 0x00, 0x00, 0x00, 0x00, 0x00, 0x00, 0x00, 0x00, 0x00, 0x00, 0x00,
  0x00, 0x00, 0x00, 0x00, 0x00, 0x00, 0x00, 0x00, 0x00, 0x00, 0x00, 0x00,
  0x73, 0x73, 0x84, 0x10, 0x10, 0x21, 0x10, 0x10, 0x21, 0x10, 0x10, 0x21,
  0x10, 0x10, 0x21, 0x10, 0x10, 0x21, 0x10, 0x10, 0x21, 0x73, 0x73, 0x84,
  0x73, 0x73, 0x84, 0x31, 0x31, 0x42, 0x73, 0x73, 0x84, 0x00, 0x00, 0x00,
  0x00, 0x00, 0x00, 0x00, 0x00, 0x00, 0x73, 0x73, 0x84, 0x00, 0x00, 0x00,
  0x73, 0x73, 0x84, 0x52, 0x52, 0x63, 0x10, 0x10, 0x21, 0x10, 0x10, 0x21,
  0x10, 0x10, 0x21, 0x10, 0x10, 0x21, 0x10, 0x10, 0x21, 0x10, 0x10, 0x21,
  0x52, 0x52, 0x63, 0x00, 0x00, 0x00, 0x00, 0x00, 0x00, 0x00, 0x00, 0x10,
  0x73, 0x73, 0x84, 0x00, 0x00, 0x00, 0x73, 0x73, 0x84, 0x00, 0x00, 0x10,
  0x00, 0x00, 0x10, 0x73, 0x73, 0x84, 0x31, 0x31, 0x42, 0x31, 0x31, 0x42,
  0x21, 0x21, 0x31, 0x31, 0x31, 0x42, 0x21, 0x21, 0x31, 0x21, 0x21, 0x31,
  0x00, 0x00, 0x00, 0x21, 0x21, 0x31, 0x00, 0x00, 0x00, 0x00, 0x00, 0x00,
  0x00, 0x00, 0x00, 0x00, 0x00, 0x00, 0x10, 0x10, 0x21, 0x10, 0x10, 0x21,
  0x21, 0x21, 0x31, 0x00, 0x00, 0x00, 0x00, 0x00, 0x00, 0x00, 0x00, 0x00,
  0x00, 0x00, 0x00, 0x00, 0x00, 0x00, 0x00, 0x00, 0x00, 0x73, 0x73, 0x84,
  0x10, 0x10, 0x21, 0x10, 0x10, 0x21, 0x10, 0x10, 0x21, 0x10, 0x10, 0x21,
  0x10, 0x10, 0x21, 0x10, 0x10, 0x21, 0x10, 0x10, 0x21, 0x73, 0x73, 0x84,
  0x00, 0x00, 0x00, 0x00, 0x00, 0x00, 0x00, 0x00, 0x00, 0x00, 0x00, 0x10,
  0xb5, 0xb5, 0xc6, 0x00, 0x00, 0x00, 0x73, 0x73, 0x84, 0xf7, 0xf7, 0xf7,
  0x00, 0x00, 0x00, 0x00, 0x00, 0x00, 0x00, 0x00, 0x00, 0x00, 0x00, 0x00,
  0x00, 0x00, 0x00, 0x00, 0x00, 0x00, 0x00, 0x00, 0x00, 0x00, 0x00, 0x00,
  0x00, 0x00, 0x00, 0x00, 0x00, 0x00, 0x00, 0x00, 0x00, 0x00, 0x00, 0x00,
  0x00, 0x00, 0x00, 0x00, 0x00, 0x00, 0x00, 0x00, 0x00, 0x00, 0x00, 0x00,
  0x00, 0x00, 0x00, 0x00, 0x00, 0x00, 0x00, 0x00, 0x00, 0x00, 0x00, 0x00,
  0x00, 0x00, 0x00, 0x00, 0x00, 0x00, 0x00, 0x00, 0x00, 0x00, 0x00, 0x00,
  0x00, 0x00, 0x00, 0x00, 0x00, 0x00, 0x00, 0x00, 0x00, 0x00, 0x00, 0x00,
  0x00, 0x00, 0x00, 0x00, 0x00, 0x00, 0x00, 0x00, 0x00, 0x00, 0x00, 0x00,
  0x00, 0x00, 0x00, 0x00, 0x00, 0x00, 0x00, 0x00, 0x00, 0xf7, 0xf7, 0xf7,
  0x73, 0x73, 0x84, 0x00, 0x00, 0x00, 0x73, 0x73, 0x84, 0x00, 0x00, 0x00,
  0x00, 0x00, 0x00, 0x00, 0x00, 0x00, 0x00, 0x00, 0x00, 0x00, 0x00, 0x00,
  0xf7, 0xf7, 0xf7, 0x00, 0x00, 0x00, 0xf7, 0xf7, 0xf7, 0x00, 0x00, 0x00,
  0xf7, 0xf7, 0xf7, 0x00, 0x00, 0x00, 0xf7, 0xf7, 0xf7, 0x00, 0x00, 0x00,
  0x00, 0x00, 0x00, 0x00, 0x00, 0x00, 0x00, 0x00, 0x00, 0x00, 0x00, 0x00,
  0x00, 0x00, 0x00, 0x00, 0x00, 0x00, 0x00, 0x00, 0x00, 0x00, 0x00, 0x00,
  0x00, 0x00, 0x00, 0x00, 0x00, 0x00, 0x00, 0x00, 0x00, 0xf7, 0xf7, 0xf7,
  0x00, 0x00, 0x00, 0xf7, 0xf7, 0xf7, 0x00, 0x00, 0x00, 0xf7, 0xf7, 0xf7,
  0x00, 0x00, 0x00, 0xf7, 0xf7, 0xf7, 0x00, 0x00, 0x00, 0xf7, 0xf7, 0xf7,
  0x00, 0x00, 0x00, 0x00, 0x00, 0x00, 0x00, 0x00, 0x00, 0x00, 0x00, 0x00,
  0x31, 0x31, 0x42, 0x00, 0x00, 0x00, 0x73, 0x73, 0x84, 0x00, 0x00, 0x00,
  0x21, 0x21, 0x31, 0x10, 0x10, 0x21, 0x10, 0x10, 0x21, 0x00, 0x00, 0x00,
  0x00, 0x00, 0x00, 0x00, 0x00, 0x00, 0x00, 0x00, 0x00, 0x21, 0x21, 0x31,
  0x00, 0x00, 0x00, 0x21, 0x21, 0x31, 0x21, 0x21, 0x31, 0x31, 0x31, 0x42,
  0x21, 0x21, 0x31, 0x31, 0x31, 0x42, 0x31, 0x31, 0x42, 0x73, 0x73, 0x84,
  0x00, 0x00, 0x00, 0x00, 0x00, 0x00, 0x00, 0x00, 0x00, 0x73, 0x73, 0x84,
  0x10, 0x10, 0x21, 0x10, 0x10, 0x21, 0x10, 0x10, 0x21, 0x10, 0x10, 0x21,
  0x10, 0x10, 0x21, 0x10, 0x10, 0x21, 0x73, 0x73, 0x84, 0x00, 0x00, 0x00,
  0x00, 0x00, 0x00, 0x00, 0x00, 0x10, 0xb5, 0xb5, 0xc6, 0x00, 0x00, 0x00,
  0x00, 0x00, 0x00, 0x00, 0x00, 0x00, 0x00, 0x00, 0x00, 0xb5, 0xb5, 0xc6,
  0xb5, 0xb5, 0xc6, 0x00, 0x00, 0x10, 0x00, 0x00, 0x10, 0x00, 0x00, 0x10,
  0x21, 0x21, 0x31, 0xb5, 0xb5, 0xc6, 0x73, 0x73, 0x84, 0x52, 0x52, 0x63,
  0x52, 0x52, 0x63, 0x21, 0x21, 0x31, 0x52, 0x52, 0x63, 0x52, 0x52, 0x63,
  0x73, 0x73, 0x84, 0x52, 0x52, 0x63, 0xb5, 0xb5, 0xc6, 0x73, 0x73, 0x84,
  0x73, 0x73, 0x84, 0x21, 0x21, 0x31, 0x73, 0x73, 0x84, 0x73, 0x73, 0x84,
  0xb5, 0xb5, 0xc6, 0x00, 0x00, 0x10, 0x00, 0x00, 0x10, 0x21, 0x21, 0x31,
  0x21, 0x21, 0x31, 0x21, 0x21, 0x31, 0x52, 0x52, 0x63, 0x73, 0x73, 0x84,
  0x73, 0x73, 0x84, 0x21, 0x21, 0x31, 0xb5, 0xb5, 0xc6, 0x73, 0x73, 0x84,
  0xb5, 0xb5, 0xc6, 0x21, 0x21, 0x31, 0x21, 0x21, 0x31, 0x21, 0x21, 0x31,
  0x21, 0x21, 0x31, 0x00, 0x00, 0x10, 0x00, 0x00, 0x10, 0x00, 0x00, 0x10,
  0x00, 0x00, 0x10, 0x52, 0x52, 0x63, 0x52, 0x52, 0x63, 0xb5, 0xb5, 0xc6,
  0x73, 0x73, 0x84, 0x21, 0x21, 0x31, 0x00, 0x00, 0x10, 0x00, 0x00, 0x10,
  0xb5, 0xb5, 0xc6, 0xb5, 0xb5, 0xc6, 0x00, 0x00, 0x00, 0x00, 0x00, 0x00,
  0x00, 0x00, 0x00, 0x00, 0x00, 0x00, 0x00, 0x00, 0x00, 0x00, 0x00, 0x00,
  0x00, 0x00, 0x00, 0x00, 0x00, 0x00, 0x00, 0x00, 0x00, 0x00, 0x00, 0x00,
  0x00, 0x00, 0x00, 0x00, 0x00, 0x00, 0x00, 0x00, 0x00, 0x00, 0x00, 0x00,
  0x00, 0x00, 0x00, 0x00, 0x00, 0x00, 0x00, 0x00, 0x00, 0x00, 0x00, 0x00,
  0x73, 0x73, 0x84, 0x10, 0x10, 0x21, 0x10, 0x10, 0x21, 0x10, 0x10, 0x21,
  0x10, 0x10, 0x21, 0x10, 0x10, 0x21, 0x73, 0x73, 0x84, 0x00, 0x00, 0x00,
  0x31, 0x31, 0x42, 0x73, 0x73, 0x84, 0x31, 0x31, 0x42, 0x00, 0x00, 0x00,
  0x00, 0x00, 0x00, 0x00, 0x00, 0x00, 0x00, 0x00, 0x00, 0x73, 0x73, 0x84,
  0x00, 0x00, 0x00, 0x00, 0x00, 0x00, 0x52, 0x52, 0x63, 0x10, 0x10, 0x21,
  0x10, 0x10, 0x21, 0x10, 0x10, 0x21, 0x10, 0x10, 0x21, 0x10, 0x10, 0x21,
  0x52, 0x52, 0x63, 0x00, 0x00, 0x00, 0x00, 0x00, 0x00, 0x00, 0x00, 0x00,
  0x73, 0x73, 0x84, 0x00, 0x00, 0x00, 0x73, 0x73, 0x84, 0x00, 0x00, 0x10,
  0x00, 0x00, 0x10, 0x73, 0x73, 0x84, 0x31, 0x31, 0x42, 0x31, 0x31, 0x42,
  0x31, 0x31, 0x42, 0x21, 0x21, 0x31, 0x21, 0x21, 0x31, 0x21, 0x21, 0x31,
  0x21, 0x21, 0x31, 0x00, 0x00, 0x00, 0x00, 0x00, 0x00, 0x00, 0x00, 0x00,
  0x10, 0x10, 0x21, 0x00, 0x00, 0x00, 0x10, 0x10, 0x21, 0x21, 0x21, 0x31,
  0x00, 0x00, 0x00, 0x00, 0x00, 0x00, 0x00, 0x00, 0x00, 0x00, 0x00, 0x00,
  0x00, 0x00, 0x00, 0x00, 0x00, 0x00, 0x00, 0x00, 0x00, 0x73, 0x73, 0x84,
  0x10, 0x10, 0x21, 0x10, 0x10, 0x21, 0x10, 0x10, 0x21, 0x10, 0x10, 0x21,
  0x10, 0x10, 0x21, 0xf7, 0xf7, 0xf7, 0x10, 0x10, 0x21, 0x73, 0x73, 0x84,
  0x00, 0x00, 0x00, 0x00, 0x00, 0x00, 0x00, 0x00, 0x00, 0x00, 0x00, 0x10,
  0x73, 0x73, 0x84, 0x00, 0x00, 0x00, 0x73, 0x73, 0x84, 0x00, 0x00, 0x10,
  0x00, 0x00, 0x00, 0x00, 0x00, 0x00, 0x00, 0x00, 0x00, 0x00, 0x00, 0x00,
  0x00, 0x00, 0x00, 0x00, 0x00, 0x00, 0x00, 0x00, 0x00, 0x00, 0x00, 0x00,
  0x00, 0x00, 0x00, 0x00, 0x00, 0x00, 0x00, 0x00, 0x00, 0x00, 0x00, 0x00,
  0x00, 0x00, 0x00, 0x00, 0x00, 0x00, 0x00, 0x00, 0x00, 0x00, 0x00, 0x00,
  0x00, 0x00, 0x00, 0x00, 0x00, 0x00, 0x00, 0x00, 0x00, 0x00, 0x00, 0x00,
  0x00, 0x00, 0x00, 0x00, 0x00, 0x00, 0x00, 0x00, 0x00, 0x00, 0x00, 0x00,
  0x00, 0x00, 0x00, 0x00, 0x00, 0x00, 0x00, 0x00, 0x00, 0x00, 0x00, 0x00,
  0x00, 0x00, 0x00, 0x00, 0x00, 0x00, 0x00, 0x00, 0x00, 0x00, 0x00, 0x00,
  0x00, 0x00, 0x00, 0x00, 0x00, 0x00, 0x00, 0x00, 0x00, 0x00, 0x00, 0x00,
  0x73, 0x73, 0x84, 0x00, 0x00, 0x00, 0x73, 0x73, 0x84, 0x00, 0x00, 0x00,
  0x00, 0x00, 0x00, 0x00, 0x00, 0x00, 0x00, 0x00, 0x00, 0x00, 0x00, 0x00,
  0x73, 0x73, 0x84, 0xf7, 0xf7, 0xf7, 0x73, 0x73, 0x84, 0x00, 0x00, 0x00,
  0x73, 0x73, 0x84, 0xf7, 0xf7, 0xf7, 0x73, 0x73, 0x84, 0x00, 0x00, 0x00,
  0x00, 0x00, 0x00, 0x00, 0x00, 0x00, 0x00, 0x00, 0x00, 0x00, 0x00, 0x00,
  0x00, 0x00, 0x00, 0x00, 0x00, 0x00, 0x00, 0x00, 0x00, 0x00, 0x00, 0x00,
  0x00, 0x00, 0x00, 0xf7, 0xf7, 0xf7, 0xf7, 0xf7, 0xf7, 0x73, 0x73, 0x84,
  0x00, 0x00, 0x00, 0x73, 0x73, 0x84, 0xf7, 0xf7, 0xf7, 0x73, 0x73, 0x84,
  0x00, 0x00, 0x00, 0x73, 0x73, 0x84, 0xf7, 0xf7, 0xf7, 0x73, 0x73, 0x84,
  0x00, 0x00, 0x00, 0x00, 0x00, 0x00, 0x00, 0x00, 0x00, 0x00, 0x00, 0x00,
  0x31, 0x31, 0x42, 0x00, 0x00, 0x00, 0x73, 0x73, 0x84, 0x00, 0x00, 0x00,
  0x00, 0x00, 0x00, 0x21, 0x21, 0x31, 0x10, 0x10, 0x21, 0x00, 0x00, 0x00,
  0x10, 0x10, 0x21, 0x00, 0x00, 0x00, 0x00, 0x00, 0x00, 0x00, 0x00, 0x00,
  0x21, 0x21, 0x31, 0x21, 0x21, 0x31, 0x21, 0x21, 0x31, 0x21, 0x21, 0x31,
  0x31, 0x31, 0x42, 0x31, 0x31, 0x42, 0x31, 0x31, 0x42, 0x73, 0x73, 0x84,
  0x00, 0x00, 0x00, 0x00, 0x00, 0x00, 0x00, 0x00, 0x00, 0x00, 0x00, 0x00,
  0x73, 0x73, 0x84, 0x10, 0x10, 0x21, 0x10, 0x10, 0x21, 0x10, 0x10, 0x21,
  0x10, 0x10, 0x21, 0x10, 0x10, 0x21, 0x73, 0x73, 0x84, 0x00, 0x00, 0x00,
  0x00, 0x00, 0x00, 0x00, 0x00, 0x10, 0xf7, 0xf7, 0xf7, 0x00, 0x00, 0x00,
  0x00, 0x00, 0x00, 0x00, 0x00, 0x00, 0x00, 0x00, 0x00, 0xb5, 0xb5, 0xc6,
  0xb5, 0xb5, 0xc6, 0x00, 0x00, 0x10, 0x00, 0x00, 0x10, 0x00, 0x00, 0x10,
  0x21, 0x21, 0x31, 0xb5, 0xb5, 0xc6, 0x73, 0x73, 0x84, 0x73, 0x73, 0x84,
  0x52, 0x52, 0x63, 0x21, 0x21, 0x31, 0x21, 0x21, 0x31, 0x52, 0x52, 0x63,
  0xb5, 0xb5, 0xc6, 0x21, 0x21, 0x31, 0x52, 0x52, 0x63, 0x52, 0x52, 0x63,
  0xb5, 0xb5, 0xc6, 0x73, 0x73, 0x84, 0x73, 0x73, 0x84, 0x73, 0x73, 0x84,
  0x73, 0x73, 0x84, 0x00, 0x00, 0x10, 0x21, 0x21, 0x31, 0x21, 0x21, 0x31,
  0x21, 0x21, 0x31, 0x21, 0x21, 0x31, 0x52, 0x52, 0x63, 0x21, 0x21, 0x31,
  0xb5, 0xb5, 0xc6, 0x73, 0x73, 0x84, 0xb5, 0xb5, 0xc6, 0xb5, 0xb5, 0xc6,
  0x21, 0x21, 0x31, 0x21, 0x21, 0x31, 0x21, 0x21, 0x31, 0xb5, 0xb5, 0xc6,
  0xb5, 0xb5, 0xc6, 0x73, 0x73, 0x84, 0x73, 0x73, 0x84, 0x00, 0x00, 0x10,
  0x00, 0x00, 0x10, 0x00, 0x00, 0x10, 0xb5, 0xb5, 0xc6, 0x73, 0x73, 0x84,
  0x73, 0x73, 0x84, 0x21, 0x21, 0x31, 0x00, 0x00, 0x10, 0x00, 0x00, 0x10,
  0xb5, 0xb5, 0xc6, 0xb5, 0xb5, 0xc6, 0x00, 0x00, 0x00, 0x00, 0x00, 0x00,
  0x00, 0x00, 0x00, 0x00, 0x00, 0x00, 0x00, 0x00, 0x00, 0x00, 0x00, 0x00,
  0x00, 0x00, 0x00, 0x00, 0x00, 0x10, 0x00, 0x00, 0x00, 0x00, 0x00, 0x00,
  0x00, 0x00, 0x00, 0x00, 0x00, 0x00, 0x00, 0x00, 0x00, 0x00, 0x00, 0x00,
  0x00, 0x00, 0x00, 0x00, 0x00, 0x00, 0x00, 0x00, 0x00, 0x00, 0x00, 0x00,
  0x73, 0x73, 0x84, 0x10, 0x10, 0x21, 0x52, 0x52, 0x63, 0x10, 0x10, 0x21,
  0x10, 0x10, 0x21, 0x10, 0x10, 0x21, 0x73, 0x73, 0x84, 0x00, 0x00, 0x00,
  0x52, 0x52, 0x63, 0x73, 0x73, 0x84, 0x52, 0x52, 0x63, 0x00, 0x00, 0x00,
  0x00, 0x00, 0x00, 0x00, 0x00, 0x00, 0x00, 0x00, 0x00, 0x73, 0x73, 0x84,
  0x00, 0x00, 0x00, 0x00, 0x00, 0x00, 0x52, 0x52, 0x63, 0xa5, 0x00, 0x00,
  0xa5, 0x00, 0x00, 0xa5, 0x00, 0x00, 0xa5, 0x00, 0x00, 0x10, 0x10, 0x21,
  0x52, 0x52, 0x63, 0x00, 0x00, 0x00, 0x00, 0x00, 0x00, 0x00, 0x00, 0x00,
  0x73, 0x73, 0x84, 0x00, 0x00, 0x00, 0x73, 0x73, 0x84, 0x00, 0x00, 0x10,
  0x52, 0x52, 0x63, 0x31, 0x31, 0x42, 0x21, 0x21, 0x31, 0x31, 0x31, 0x42,
  0x21, 0x21, 0x31, 0x31, 0x31, 0x42, 0x21, 0x21, 0x31, 0x21, 0x21, 0x31,
  0x00, 0x00, 0x00, 0x21, 0x21, 0x31, 0x00, 0x00, 0x00, 0x00, 0x00, 0x00,
  0x00, 0x00, 0x00, 0x10, 0x10, 0x21, 0x10, 0x10, 0x21, 0x21, 0x21, 0x31,
  0x00, 0x00, 0x00, 0x00, 0x00, 0x00, 0x00, 0x00, 0x00, 0x00, 0x00, 0x00,
  0x00, 0x00, 0x00, 0x00, 0x00, 0x00, 0x00, 0x00, 0x00, 0x73, 0x73, 0x84,
  0x10, 0x10, 0x21, 0x10, 0x10, 0x21, 0x10, 0x10, 0x21, 0x10, 0x10, 0x21,
  0x10, 0x10, 0x21, 0x52, 0x52, 0x63, 0x10, 0x10, 0x21, 0x73, 0x73, 0x84,
  0x00, 0x00, 0x00, 0x00, 0x00, 0x00, 0x00, 0x00, 0x00, 0x00, 0x00, 0x10,
  0x73, 0x73, 0x84, 0x00, 0x00, 0x00, 0x73, 0x73, 0x84, 0x00, 0x00, 0x10,
  0x00, 0x00, 0x00, 0x00, 0x00, 0x00, 0x00, 0x00, 0x00, 0x00, 0x00, 0x00,
  0x00, 0x00, 0x00, 0x00, 0x00, 0x00, 0x00, 0x00, 0x00, 0x00, 0x00, 0x00,
  0x00, 0x00, 0x00, 0x00, 0x00, 0x00, 0x00, 0x00, 0x00, 0x00, 0x00, 0x00,
  0x00, 0x00, 0x00, 0x00, 0x00, 0x00, 0x00, 0x00, 0x00, 0x00, 0x00, 0x00,
  0x00, 0x00, 0x00, 0x00, 0x00, 0x00, 0x00, 0x00, 0x00, 0x00, 0x00, 0x00,
  0x00, 0x00, 0x00, 0x00, 0x00, 0x00, 0x00, 0x00, 0x00, 0x00, 0x00, 0x00,
  0x00, 0x00, 0x00, 0x00, 0x00, 0x00, 0x00, 0x00, 0x00, 0x00, 0x00, 0x00,
  0x00, 0x00, 0x00, 0x00, 0x00, 0x00, 0x00, 0x00, 0x00, 0x00, 0x00, 0x00,
  0x00, 0x00, 0x00, 0x00, 0x00, 0x00, 0x00, 0x00, 0x00, 0x00, 0x00, 0x00,
  0x73, 0x73, 0x84, 0x00, 0x00, 0x00, 0x73, 0x73, 0x84, 0x00, 0x00, 0x00,
  0x00, 0x00, 0x00, 0x00, 0x00, 0x00, 0x00, 0x00, 0x00, 0x00, 0x00, 0x00,
  0x00, 0x00, 0x00, 0x00, 0x00, 0x00, 0x00, 0x00, 0x00, 0x00, 0x00, 0x00,
  0x00, 0x00, 0x00, 0x00, 0x00, 0x00, 0x00, 0x00, 0x00, 0x00, 0x00, 0x00,
  0x00, 0x00, 0x00, 0x00, 0x00, 0x00, 0x00, 0x00, 0x00, 0x00, 0x00, 0x00,
  0x00, 0x00, 0x00, 0x00, 0x00, 0x00, 0x00, 0x00, 0x00, 0x00, 0x00, 0x00,
  0x00, 0x00, 0x00, 0x00, 0x00, 0x00, 0x00, 0x00, 0x00, 0x00, 0x00, 0x00,
  0x00, 0x00, 0x00, 0x00, 0x00, 0x00, 0x00, 0x00, 0x00, 0x00, 0x00, 0x00,
  0x00, 0x00, 0x00, 0x00, 0x00, 0x00, 0x00, 0x00, 0x00, 0x00, 0x00, 0x00,
  0x00, 0x00, 0x00, 0x00, 0x00, 0x00, 0x00, 0x00, 0x00, 0x00, 0x00, 0x00,
  0x31, 0x31, 0x42, 0x00, 0x00, 0x00, 0x73, 0x73, 0x84, 0x00, 0x00, 0x00,
  0x00, 0x00, 0x00, 0x21, 0x21, 0x31, 0x10, 0x10, 0x21, 0x10, 0x10, 0x21,
  0x00, 0x00, 0x00, 0x00, 0x00, 0x00, 0x00, 0x00, 0x00, 0x21, 0x21, 0x31,
  0x00, 0x00, 0x00, 0x21, 0x21, 0x31, 0x21, 0x21, 0x31, 0x31, 0x31, 0x42,
  0x21, 0x21, 0x31, 0x31, 0x31, 0x42, 0x21, 0x21, 0x31, 0x31, 0x31, 0x42,
  0x52, 0x52, 0x63, 0x00, 0x00, 0x00, 0x00, 0x00, 0x00, 0x00, 0x00, 0x00,
  0x73, 0x73, 0x84, 0xa5, 0x00, 0x00, 0xa5, 0x00, 0x00, 0xa5, 0x00, 0x00,
  0x73, 0x73, 0x84, 0x10, 0x10, 0x21, 0x73, 0x73, 0x84, 0x00, 0x00, 0x00,
  0x00, 0x00, 0x00, 0x00, 0x00, 0x10, 0xb5, 0xb5, 0xc6, 0x00, 0x00, 0x00,
  0x00, 0x00, 0x00, 0x00, 0x00, 0x00, 0x00, 0x00, 0x00, 0xb5, 0xb5, 0xc6,
  0xb5, 0xb5, 0xc6, 0x00, 0x00, 0x10, 0x00, 0x00, 0x10, 0x00, 0x00, 0x10,
  0x21, 0x21, 0x31, 0x21, 0x21, 0x31, 0xb5, 0xb5, 0xc6, 0x73, 0x73, 0x84,
  0x52, 0x52, 0x63, 0x52, 0x52, 0x63, 0x21, 0x21, 0x31, 0x73, 0x73, 0x84,
  0x73, 0x73, 0x84, 0x21, 0x21, 0x31, 0x21, 0x21, 0x31, 0x52, 0x52, 0x63,
  0x52, 0x52, 0x63, 0x52, 0x52, 0x63, 0xb5, 0xb5, 0xc6, 0xb5, 0xb5, 0xc6,
  0x21, 0x21, 0x31, 0x00, 0x00, 0x10, 0x21, 0x21, 0x31, 0x21, 0x21, 0x31,
  0x21, 0x21, 0x31, 0x21, 0x21, 0x31, 0x52, 0x52, 0x63, 0xb5, 0xb5, 0xc6,
  0x73, 0x73, 0x84, 0xb5, 0xb5, 0xc6, 0x73, 0x73, 0x84, 0x21, 0x21, 0x31,
  0x21, 0x21, 0x31, 0xb5, 0xb5, 0xc6, 0xb5, 0xb5, 0xc6, 0x73, 0x73, 0x84,
  0x73, 0x73, 0x84, 0x73, 0x73, 0x84, 0x21, 0x21, 0x31, 0x21, 0x21, 0x31,
  0x21, 0x21, 0x31, 0x00, 0x00, 0x10, 0x52, 0x52, 0x63, 0x52, 0x52, 0x63,
  0x21, 0x21, 0x31, 0x21, 0x21, 0x31, 0x00, 0x00, 0x10, 0x00, 0x00, 0x10,
  0xb5, 0xb5, 0xc6, 0xb5, 0xb5, 0xc6, 0x00, 0x00, 0x00, 0x00, 0x00, 0x00,
  0x00, 0x00, 0x00, 0x00, 0x00, 0x00, 0x00, 0x00, 0x00, 0x00, 0x00, 0x00,
  0x00, 0x00, 0x10, 0x00, 0x00, 0x10, 0x00, 0x00, 0x00, 0x00, 0x00, 0x00,
  0x00, 0x00, 0x00, 0x00, 0x00, 0x00, 0x00, 0x00, 0x00, 0x00, 0x00, 0x00,
  0x00, 0x00, 0x00, 0x00, 0x00, 0x00, 0x00, 0x00, 0x00, 0x00, 0x00, 0x00,
  0x73, 0x73, 0x84, 0x10, 0x10, 0x21, 0x73, 0x73, 0x84, 0x10, 0x10, 0x21,
  0xa5, 0x00, 0x00, 0xa5, 0x00, 0x00, 0x73, 0x73, 0x84, 0x00, 0x00, 0x00,
  0x73, 0x73, 0x84, 0x52, 0x52, 0x63, 0x73, 0x73, 0x84, 0x00, 0x00, 0x00,
  0x00, 0x00, 0x00, 0x00, 0x00, 0x00, 0x73, 0x73, 0x84, 0x00, 0x00, 0x00,
  0x73, 0x73, 0x84, 0x00, 0x00, 0x00, 0x52, 0x52, 0x63, 0x84, 0x00, 0x00,
  0x84, 0x00, 0x00, 0x84, 0x00, 0x00, 0x84, 0x00, 0x00, 0x10, 0x10, 0x21,
  0x52, 0x52, 0x63, 0x00, 0x00, 0x00, 0x00, 0x00, 0x00, 0x00, 0x00, 0x00,
  0x73, 0x73, 0x84, 0x00, 0x00, 0x00, 0x00, 0x00, 0x00, 0x73, 0x73, 0x84,
  0x52, 0x52, 0x63, 0x31, 0x31, 0x42, 0x31, 0x31, 0x42, 0x31, 0x31, 0x42,
  0x31, 0x31, 0x42, 0x21, 0x21, 0x31, 0x21, 0x21, 0x31, 0x21, 0x21, 0x31,
  0x21, 0x21, 0x31, 0x00, 0x00, 0x00, 0x00, 0x00, 0x00, 0x00, 0x00, 0x00,
  0x00, 0x00, 0x00, 0x10, 0x10, 0x21, 0x21, 0x21, 0x31, 0x00, 0x00, 0x00,
  0x00, 0x00, 0x00, 0x00, 0x00, 0x00, 0x00, 0x00, 0x00, 0x00, 0x00, 0x00,
  0x00, 0x00, 0x00, 0x00, 0x00, 0x00, 0x73, 0x73, 0x84, 0x10, 0x10, 0x21,
  0x10, 0x10, 0x21, 0x10, 0x10, 0x21, 0x10, 0x10, 0x21, 0x10, 0x10, 0x21,
  0x10, 0x10, 0x21, 0x10, 0x10, 0x21, 0x10, 0x10, 0x21, 0x73, 0x73, 0x84,
  0x00, 0x00, 0x00, 0x00, 0x00, 0x00, 0x00, 0x00, 0x10, 0x73, 0x73, 0x84,
  0x00, 0x00, 0x00, 0x00, 0x00, 0x00, 0x73, 0x73, 0x84, 0x00, 0x00, 0x10,
  0x00, 0x00, 0x00, 0x00, 0x00, 0x00, 0x00, 0x00, 0x00, 0x00, 0x00, 0x00,
  0x21, 0x21, 0x31, 0xf7, 0xf7, 0xf7, 0x00, 0x00, 0x00, 0x00, 0x00, 0x00,
  0x00, 0x00, 0x00, 0x00, 0x00, 0x00, 0x00, 0x00, 0x00, 0x00, 0x00, 0x00,
  0x00, 0x00, 0x00, 0x00, 0x00, 0x00, 0x00, 0x00, 0x00, 0x00, 0x00, 0x00,
  0x00, 0x00, 0x00, 0x00, 0x00, 0x00, 0x00, 0x00, 0x00, 0x00, 0x00, 0x00,
  0x00, 0x00, 0x00, 0x00, 0x00, 0x00, 0x00, 0x00, 0x00, 0x00, 0x00, 0x00,
  0x00, 0x00, 0x00, 0x00, 0x00, 0x00, 0x00, 0x00, 0x00, 0x84, 0x00, 0x00,
  0xe7, 0x00, 0x00, 0xe7, 0x00, 0x00, 0x84, 0x00, 0x00, 0x00, 0x00, 0x00,
  0x00, 0x00, 0x00, 0x00, 0x00, 0x00, 0xe7, 0x00, 0x00, 0x00, 0x00, 0x00,
  0x73, 0x73, 0x84, 0x00, 0x00, 0x00, 0x00, 0x00, 0x00, 0x73, 0x73, 0x84,
  0x00, 0x00, 0x00, 0x00, 0x00, 0x00, 0x00, 0x00, 0x00, 0x00, 0x00, 0x00,
  0x00, 0x00, 0x00, 0x00, 0x00, 0x00, 0x00, 0x00, 0x00, 0x00, 0x00, 0x00,
  0x00, 0x00, 0x00, 0x00, 0x00, 0x00, 0x00, 0x00, 0x00, 0x00, 0x00, 0x00,
  0x00, 0x00, 0x00, 0x00, 0x00, 0x00, 0x00, 0x00, 0x00, 0x00, 0x00, 0x00,
  0x00, 0x00, 0x00, 0x00, 0x00, 0x00, 0x00, 0x00, 0x00, 0x00, 0x00, 0x00,
  0x00, 0x00, 0x00, 0x00, 0x00, 0x00, 0x00, 0x00, 0x00, 0x00, 0x00, 0x00,
  0x00, 0x00, 0x00, 0x00, 0x00, 0x00, 0x00, 0x00, 0x00, 0x00, 0x00, 0x00,
  0x00, 0x00, 0x00, 0x00, 0x00, 0x00, 0x00, 0x00, 0x00, 0x00, 0x00, 0x00,
  0x00, 0x00, 0x00, 0x00, 0x00, 0x00, 0x00, 0x00, 0x00, 0x31, 0x31, 0x42,
  0x00, 0x00, 0x00, 0x00, 0x00, 0x00, 0x73, 0x73, 0x84, 0x00, 0x00, 0x00,
  0x00, 0x00, 0x00, 0x00, 0x00, 0x00, 0x21, 0x21, 0x31, 0x10, 0x10, 0x21,
  0x00, 0x00, 0x00, 0x00, 0x00, 0x00, 0x00, 0x00, 0x00, 0x00, 0x00, 0x00,
  0x21, 0x21, 0x31, 0x21, 0x21, 0x31, 0x21, 0x21, 0x31, 0x21, 0x21, 0x31,
  0x31, 0x31, 0x42, 0x31, 0x31, 0x42, 0x31, 0x31, 0x42, 0x31, 0x31, 0x42,
  0x52, 0x52, 0x63, 0x73, 0x73, 0x84, 0x00, 0x00, 0x00, 0x00, 0x00, 0x00,
  0x73, 0x73, 0x84, 0x84, 0x00, 0x00, 0x84, 0x00, 0x00, 0x84, 0x00, 0x00,
  0x10, 0x10, 0x21, 0x10, 0x10, 0x21, 0x73, 0x73, 0x84, 0x00, 0x00, 0x00,
  0x00, 0x00, 0x00, 0x00, 0x00, 0x10, 0xf7, 0xf7, 0xf7, 0x00, 0x00, 0x00,
  0x00, 0x00, 0x00, 0x00, 0x00, 0x00, 0x00, 0x00, 0x00, 0xb5, 0xb5, 0xc6,
  0xb5, 0xb5, 0xc6, 0x00, 0x00, 0x10, 0x00, 0x00, 0x10, 0x00, 0x00, 0x10,
  0x21, 0x21, 0x31, 0x21, 0x21, 0x31, 0x21, 0x21, 0x31, 0x73, 0x73, 0x84,
  0x73, 0x73, 0x84, 0x52, 0x52, 0x63, 0x52, 0x52, 0x63, 0xb5, 0xb5, 0xc6,
  0x21, 0x21, 0x31, 0x21, 0x21, 0x31, 0x21, 0x21, 0x31, 0x21, 0x21, 0x31,
  0x52, 0x52, 0x63, 0x52, 0x52, 0x63, 0x52, 0x52, 0x63, 0x52, 0x52, 0x63,
  0x21, 0x21, 0x31, 0x00, 0x00, 0x10, 0x21, 0x21, 0x31, 0x73, 0x73, 0x84,
  0x52, 0x52, 0x63, 0x52, 0x52, 0x63, 0x73, 0x73, 0x84, 0x73, 0x73, 0x84,
  0x73, 0x73, 0x84, 0xb5, 0xb5, 0xc6, 0xb5, 0xb5, 0xc6, 0x21, 0x21, 0x31,
  0xb5, 0xb5, 0xc6, 0x73, 0x73, 0x84, 0x73, 0x73, 0x84, 0x73, 0x73, 0x84,
  0x52, 0x52, 0x63, 0x21, 0x21, 0x31, 0x21, 0x21, 0x31, 0x21, 0x21, 0x31,
  0x73, 0x73, 0x84, 0x00, 0x00, 0x10, 0x00, 0x00, 0x10, 0x21, 0x21, 0x31,
  0x21, 0x21, 0x31, 0x21, 0x21, 0x31, 0x00, 0x00, 0x10, 0x00, 0x00, 0x10,
  0xb5, 0xb5, 0xc6, 0xb5, 0xb5, 0xc6, 0x00, 0x00, 0x00, 0x00, 0x00, 0x00,
  0x00, 0x00, 0x00, 0x00, 0x00, 0x00, 0x00, 0x00, 0x00, 0x00, 0x00, 0x00,
  0x00, 0x00, 0x10, 0x00, 0x00, 0x10, 0x00, 0x00, 0x00, 0x00, 0x00, 0x00,
  0x00, 0x00, 0x00, 0x00, 0x00, 0x00, 0x00, 0x00, 0x00, 0x00, 0x00, 0x00,
  0x00, 0x00, 0x00, 0x00, 0x00, 0x00, 0x00, 0x00, 0x00, 0x00, 0x00, 0x00,
  0x73, 0x73, 0x84, 0x10, 0x10, 0x21, 0xa5, 0x00, 0x00, 0xa5, 0x00, 0x00,
  0x84, 0x00, 0x00, 0x84, 0x00, 0x00, 0x10, 0x10, 0x21, 0x73, 0x73, 0x84,
  0x00, 0x00, 0x00, 0x00, 0x00, 0x00, 0x00, 0x00, 0x00, 0x00, 0x00, 0x00,
  0x00, 0x00, 0x00, 0x00, 0x00, 0x00, 0x00, 0x00, 0x00, 0x00, 0x00, 0x00,
  0x00, 0x00, 0x00, 0x52, 0x52, 0x63, 0x10, 0x10, 0x21, 0x10, 0x10, 0x21,
  0x10, 0x10, 0x21, 0x10, 0x10, 0x21, 0x10, 0x10, 0x21, 0x10, 0x10, 0x21,
  0x52, 0x52, 0x63, 0x00, 0x00, 0x00, 0x00, 0x00, 0x00, 0x00, 0x00, 0x00,
  0x73, 0x73, 0x84, 0x00, 0x00, 0x00, 0x00, 0x00, 0x00, 0x52, 0x52, 0x63,
  0x31, 0x31, 0x42, 0x31, 0x31, 0x42, 0x21, 0x21, 0x31, 0x31, 0x31, 0x42,
  0x21, 0x21, 0x31, 0x21, 0x21, 0x31, 0x00, 0x00, 0x00, 0x21, 0x21, 0x31,
  0x00, 0x00, 0x00, 0x00, 0x00, 0x00, 0x00, 0x00, 0x00, 0x00, 0x00, 0x00,
  0x10, 0x10, 0x21, 0x10, 0x10, 0x21, 0x21, 0x21, 0x31, 0x00, 0x00, 0x00,
  0x00, 0x00, 0x00, 0x00, 0x00, 0x00, 0x00, 0x00, 0x00, 0x00, 0x00, 0x00,
  0x00, 0x00, 0x00, 0x00, 0x00, 0x00, 0x73, 0x73, 0x84, 0x10, 0x10, 0x21,
  0x10, 0x10, 0x21, 0x10, 0x10, 0x21, 0x10, 0x10, 0x21, 0x10, 0x10, 0x21,
  0x10, 0x10, 0x21, 0x10, 0x10, 0x21, 0x10, 0x10, 0x21, 0x73, 0x73, 0x84,
  0x00, 0x00, 0x00, 0x00, 0x00, 0x00, 0x00, 0x00, 0x10, 0xb5, 0xb5, 0xc6,
  0x00, 0x00, 0x00, 0x00, 0x00, 0x00, 0x00, 0x00, 0x00, 0x73, 0x73, 0x84,
  0xf7, 0xf7, 0xf7, 0x00, 0x00, 0x00, 0x00, 0x00, 0x00, 0x00, 0x00, 0x00,
  0xf7, 0xf7, 0xf7, 0xf7, 0xf7, 0xf7, 0x00, 0x00, 0x00, 0x00, 0x00, 0x00,
  0x00, 0x00, 0x00, 0x00, 0x00, 0x00, 0x00, 0x00, 0x00, 0x00, 0x00, 0x00,
  0x00, 0x00, 0x00, 0x00, 0x00, 0x00, 0x00, 0x00, 0x00, 0x00, 0x00, 0x00,
  0x00, 0x00, 0x00, 0x00, 0x00, 0x00, 0x00, 0x00, 0x00, 0x00, 0x00, 0x00,
  0x00, 0x00, 0x00, 0x00, 0x00, 0x00, 0x00, 0x00, 0x00, 0x00, 0x00, 0x00,
  0x00, 0x00, 0x00, 0x00, 0x00, 0x00, 0x00, 0x00, 0x00, 0xe7, 0x00, 0x00,
  0x00, 0x00, 0x00, 0x00, 0x00, 0x00, 0xe7, 0x00, 0x00, 0x00, 0x00, 0x00,
  0x00, 0x00, 0x00, 0x00, 0x00, 0x00, 0xe7, 0x00, 0x00, 0x73, 0x73, 0x84,
  0x00, 0x00, 0x00, 0x00, 0x00, 0x00, 0x00, 0x00, 0x00, 0x73, 0x73, 0x84,
  0x00, 0x00, 0x00, 0x00, 0x00, 0x00, 0x00, 0x00, 0x00, 0x00, 0x00, 0x00,
  0x73, 0x73, 0x84, 0xf7, 0xf7, 0xf7, 0x73, 0x73, 0x84, 0x00, 0x00, 0x00,
  0x00, 0x00, 0x00, 0x00, 0x00, 0x00, 0x00, 0x00, 0x00, 0x00, 0x00, 0x00,
  0x00, 0x00, 0x00, 0x00, 0x00, 0x00, 0x00, 0x00, 0x00, 0x00, 0x00, 0x00,
  0x00, 0x00, 0x00, 0x00, 0x00, 0x00, 0x00, 0x00, 0x00, 0x00, 0x00, 0x00,
  0xf7, 0xf7, 0xf7, 0xf7, 0xf7, 0xf7, 0x73, 0x73, 0x84, 0x00, 0x00, 0x00,
  0xf7, 0xf7, 0xf7, 0x00, 0x00, 0x00, 0x00, 0x00, 0x00, 0x00, 0x00, 0x00,
  0x73, 0x73, 0x84, 0xf7, 0xf7, 0xf7, 0x73, 0x73, 0x84, 0x00, 0x00, 0x00,
  0x00, 0x00, 0x00, 0x00, 0x00, 0x00, 0x00, 0x00, 0x00, 0x31, 0x31, 0x42,
  0x00, 0x00, 0x00, 0x00, 0x00, 0x00, 0x73, 0x73, 0x84, 0x00, 0x00, 0x00,
  0x00, 0x00, 0x00, 0x00, 0x00, 0x00, 0x21, 0x21, 0x31, 0x10, 0x10, 0x21,
  0x10, 0x10, 0x21, 0x00, 0x00, 0x00, 0x00, 0x00, 0x00, 0x00, 0x00, 0x00,
  0x00, 0x00, 0x00, 0x21, 0x21, 0x31, 0x00, 0x00, 0x00, 0x21, 0x21, 0x31,
  0x21, 0x21, 0x31, 0x31, 0x31, 0x42, 0x21, 0x21, 0x31, 0x31, 0x31, 0x42,
  0x31, 0x31, 0x42, 0x52, 0x52, 0x63, 0x00, 0x00, 0x00, 0x73, 0x73, 0x84,
  0x10, 0x10, 0x21, 0x10, 0x10, 0x21, 0x10, 0x10, 0x21, 0x10, 0x10, 0x21,
  0x10, 0x10, 0x21, 0x10, 0x10, 0x21, 0x73, 0x73, 0x84, 0x00, 0x00, 0x00,
  0x00, 0x00, 0x00, 0x00, 0x00, 0x10, 0xb5, 0xb5, 0xc6, 0x00, 0x00, 0x00,
  0x00, 0x00, 0x00, 0x00, 0x00, 0x00, 0x00, 0x00, 0x00, 0xb5, 0xb5, 0xc6,
  0xb5, 0xb5, 0xc6, 0x00, 0x00, 0x10, 0x00, 0x00, 0x10, 0x00, 0x00, 0x10,
  0x21, 0x21, 0x31, 0x21, 0x21, 0x31, 0x21, 0x21, 0x31, 0x73, 0x73, 0x84,
  0x73, 0x73, 0x84, 0x52, 0x52, 0x63, 0x52, 0x52, 0x63, 0xb5, 0xb5, 0xc6,
  0x21, 0x21, 0x31, 0x21, 0x21, 0x31, 0x21, 0x21, 0x31, 0x21, 0x21, 0x31,
  0x52, 0x52, 0x63, 0x52, 0x52, 0x63, 0x52, 0x52, 0x63, 0x52, 0x52, 0x63,
  0x21, 0x21, 0x31, 0x00, 0x00, 0x10, 0x21, 0x21, 0x31, 0x73, 0x73, 0x84,
  0x52, 0x52, 0x63, 0x52, 0x52, 0x63, 0x73, 0x73, 0x84, 0x73, 0x73, 0x84,
  0x73, 0x73, 0x84, 0xb5, 0xb5, 0xc6, 0xb5, 0xb5, 0xc6, 0x21, 0x21, 0x31,
  0xb5, 0xb5, 0xc6, 0x73, 0x73, 0x84, 0x73, 0x73, 0x84, 0x73, 0x73, 0x84,
  0x52, 0x52, 0x63, 0x21, 0x21, 0x31, 0x21, 0x21, 0x31, 0x21, 0x21, 0x31,
  0x73, 0x73, 0x84, 0x00, 0x00, 0x10, 0x00, 0x00, 0x10, 0x21, 0x21, 0x31,
  0x21, 0x21, 0x31, 0x21, 0x21, 0x31, 0x00, 0x00, 0x10, 0x00, 0x00, 0x10,
  0xb5, 0xb5, 0xc6, 0xb5, 0xb5, 0xc6, 0x00, 0x00, 0x00, 0x00, 0x00, 0x00,
  0x00, 0x00, 0x00, 0x00, 0x00, 0x00, 0x00, 0x00, 0x00, 0x00, 0x00, 0x00,
  0x00, 0x00, 0x00, 0x00, 0x00, 0x00, 0x00, 0x00, 0x00, 0x00, 0x00, 0x00,
  0x00, 0x00, 0x00, 0x00, 0x00, 0x00, 0x00, 0x00, 0x00, 0x00, 0x00, 0x00,
  0x00, 0x00, 0x00, 0x00, 0x00, 0x00, 0x00, 0x00, 0x00, 0x00, 0x00, 0x00,
  0x73, 0x73, 0x84, 0x10, 0x10, 0x21, 0x84, 0x00, 0x00, 0x84, 0x00, 0x00,
  0x10, 0x10, 0x21, 0x10, 0x10, 0x21, 0x10, 0x10, 0x21, 0x73, 0x73, 0x84,
  0x00, 0x00, 0x00, 0x00, 0x00, 0x00, 0x00, 0x00, 0x00, 0x00, 0x00, 0x00,
  0x00, 0x00, 0x00, 0x00, 0x00, 0x00, 0x00, 0x00, 0x00, 0x00, 0x00, 0x00,
  0x00, 0x00, 0x00, 0x52, 0x52, 0x63, 0x10, 0x10, 0x21, 0x10, 0x10, 0x21,
  0x10, 0x10, 0x21, 0x10, 0x10, 0x21, 0x10, 0x10, 0x21, 0x10, 0x10, 0x21,
  0x52, 0x52, 0x63, 0x00, 0x00, 0x00, 0x00, 0x00, 0x00, 0x00, 0x00, 0x10,
  0x73, 0x73, 0x84, 0x00, 0x00, 0x00, 0x00, 0x00, 0x00, 0x52, 0x52, 0x63,
  0x31, 0x31, 0x42, 0x31, 0x31, 0x42, 0x31, 0x31, 0x42, 0x31, 0x31, 0x42,
  0x21, 0x21, 0x31, 0x21, 0x21, 0x31, 0x21, 0x21, 0x31, 0x00, 0x00, 0x00,
  0x00, 0x00, 0x00, 0x00, 0x00, 0x00, 0x00, 0x00, 0x00, 0x10, 0x10, 0x21,
  0x10, 0x10, 0x21, 0x21, 0x21, 0x31, 0x00, 0x00, 0x00, 0x00, 0x00, 0x00,
  0x00, 0x00, 0x00, 0x00, 0x00, 0x00, 0x00, 0x00, 0x00, 0x00, 0x00, 0x00,
  0x00, 0x00, 0x00, 0x73, 0x73, 0x84, 0x10, 0x10, 0x21, 0x10, 0x10, 0x21,
  0x10, 0x10, 0x21, 0x10, 0x10, 0x21, 0x10, 0x10, 0x21, 0x10, 0x10, 0x21,
  0xf7, 0xf7, 0xf7, 0x10, 0x10, 0x21, 0x73, 0x73, 0x84, 0x00, 0x00, 0x00,
  0x00, 0x00, 0x00, 0x00, 0x00, 0x00, 0x00, 0x00, 0x10, 0x73, 0x73, 0x84,
  0x00, 0x00, 0x00, 0x00, 0x00, 0x00, 0x00, 0x00, 0x00, 0x73, 0x73, 0x84,
  0x00, 0x00, 0x00, 0x00, 0x00, 0x00, 0x00, 0x00, 0x00, 0x00, 0x00, 0x00,
  0x00, 0x00, 0x00, 0xf7, 0xf7, 0xf7, 0x00, 0x00, 0x00, 0x00, 0x00, 0x00,
  0x00, 0x00, 0x00, 0x00, 0x00, 0x00, 0x00, 0x00, 0x00, 0x00, 0x00, 0x00,
  0x00, 0x00, 0x00, 0x00, 0x00, 0x00, 0x00, 0x00, 0x00, 0x00, 0x00, 0x00,
  0x00, 0x00, 0x00, 0x00, 0x00, 0x00, 0x00, 0x00, 0x00, 0x00, 0x00, 0x00,
  0x00, 0x00, 0x00, 0x00, 0x00, 0x00, 0x00, 0x00, 0x00, 0x00, 0x00, 0x00,
  0x00, 0x00, 0x00, 0x00, 0x00, 0x00, 0x00, 0x00, 0x00, 0x00, 0x00, 0x00,
  0xe7, 0x00, 0x00, 0xe7, 0x00, 0x00, 0x00, 0x00, 0x00, 0x00, 0x00, 0x00,
  0x00, 0x00, 0x00, 0xe7, 0x00, 0x00, 0x00, 0x00, 0x00, 0x73, 0x73, 0x84,
  0x00, 0x00, 0x00, 0x00, 0x00, 0x00, 0x00, 0x00, 0x00, 0x73, 0x73, 0x84,
  0x00, 0x00, 0x00, 0x00, 0x00, 0x00, 0x00, 0x00, 0x00, 0x00, 0x00, 0x00,
  0xf7, 0xf7, 0xf7, 0x00, 0x00, 0x00, 0xf7, 0xf7, 0xf7, 0x00, 0x00, 0x00,
  0x00, 0x00, 0x00, 0x00, 0x00, 0x00, 0x00, 0x00, 0x00, 0x00, 0x00, 0x00,
  0x00, 0x00, 0x00, 0x00, 0x00, 0x00, 0x00, 0x00, 0x00, 0x00, 0x00, 0x00,
  0x00, 0x00, 0x00, 0x00, 0x00, 0x00, 0x00, 0x00, 0x00, 0x00, 0x00, 0x00,
  0x00, 0x00, 0x00, 0x00, 0x00, 0x00, 0xf7, 0xf7, 0xf7, 0x00, 0x00, 0x00,
  0xf7, 0xf7, 0xf7, 0x00, 0x00, 0x00, 0x00, 0x00, 0x00, 0x00, 0x00, 0x00,
  0xf7, 0xf7, 0xf7, 0x00, 0x00, 0x00, 0xf7, 0xf7, 0xf7, 0x00, 0x00, 0x00,
  0x00, 0x00, 0x00, 0x00, 0x00, 0x00, 0x00, 0x00, 0x00, 0x31, 0x31, 0x42,
  0x00, 0x00, 0x00, 0x00, 0x00, 0x00, 0x73, 0x73, 0x84, 0x00, 0x00, 0x00,
  0x00, 0x00, 0x00, 0x00, 0x00, 0x00, 0x00, 0x00, 0x00, 0x21, 0x21, 0x31,
  0x10, 0x10, 0x21, 0x10, 0x10, 0x21, 0x00, 0x00, 0x00, 0x00, 0x00, 0x00,
  0x00, 0x00, 0x00, 0x00, 0x00, 0x00, 0x21, 0x21, 0x31, 0x21, 0x21, 0x31,
  0x21, 0x21, 0x31, 0x31, 0x31, 0x42, 0x31, 0x31, 0x42, 0x31, 0x31, 0x42,
  0x31, 0x31, 0x42, 0x52, 0x52, 0x63, 0x00, 0x00, 0x00, 0x73, 0x73, 0x84,
  0x10, 0x10, 0x21, 0x10, 0x10, 0x21, 0x10, 0x10, 0x21, 0x10, 0x10, 0x21,
  0x10, 0x10, 0x21, 0x10, 0x10, 0x21, 0x73, 0x73, 0x84, 0x00, 0x00, 0x00,
  0x00, 0x00, 0x00, 0x00, 0x00, 0x10, 0x73, 0x73, 0x84, 0x00, 0x00, 0x00,
  0x00, 0x00, 0x00, 0x00, 0x00, 0x00, 0x00, 0x00, 0x00, 0xb5, 0xb5, 0xc6,
  0xb5, 0xb5, 0xc6, 0x00, 0x00, 0x10, 0x00, 0x00, 0x10, 0x00, 0x00, 0x10,
  0x00, 0x00, 0x10, 0x21, 0x21, 0x31, 0x21, 0x21, 0x31, 0x21, 0x21, 0x31,
  0x73, 0x73, 0x84, 0xb5, 0xb5, 0xc6, 0xb5, 0xb5, 0xc6, 0x21, 0x21, 0x31,
  0x21, 0x21, 0x31, 0x21, 0x21, 0x31, 0x21, 0x21, 0x31, 0x21, 0x21, 0x31,
  0x21, 0x21, 0x31, 0x21, 0x21, 0x31, 0x52, 0x52, 0x63, 0x21, 0x21, 0x31,
  0x00, 0x00, 0x10, 0x00, 0x00, 0x10, 0x21, 0x21, 0x31, 0x21, 0x21, 0x31,
  0x21, 0x21, 0x31, 0x73, 0x73, 0x84, 0xb5, 0xb5, 0xc6, 0xb5, 0xb5, 0xc6,
  0xb5, 0xb5, 0xc6, 0xb5, 0xb5, 0xc6, 0x21, 0x21, 0x31, 0x21, 0x21, 0x31,
  0xb5, 0xb5, 0xc6, 0x73, 0x73, 0x84, 0x73, 0x73, 0x84, 0x73, 0x73, 0x84,
  0x52, 0x52, 0x63, 0x52, 0x52, 0x63, 0x52, 0x52, 0x63, 0x73, 0x73, 0x84,
  0x73, 0x73, 0x84, 0x73, 0x73, 0x84, 0x00, 0x00, 0x10, 0x00, 0x00, 0x10,
  0x21, 0x21, 0x31, 0x00, 0x00, 0x10, 0x00, 0x00, 0x10, 0x00, 0x00, 0x10,
  0xb5, 0xb5, 0xc6, 0xb5, 0xb5, 0xc6, 0x00, 0x00, 0x00, 0x00, 0x00, 0x00,
  0x00, 0x00, 0x00, 0x00, 0x00, 0x00, 0x00, 0x00, 0x00, 0x00, 0x00, 0x00,
  0x00, 0x00, 0x10, 0x00, 0x00, 0x10, 0x00, 0x00, 0x00, 0x00, 0x00, 0x00,
  0x00, 0x00, 0x00, 0x00, 0x00, 0x00, 0x00, 0x00, 0x00, 0x00, 0x00, 0x00,
  0x00, 0x00, 0x00, 0x00, 0x00, 0x00, 0x00, 0x00, 0x00, 0x00, 0x00, 0x00,
  0x73, 0x73, 0x84, 0x10, 0x10, 0x21, 0x10, 0x10, 0x21, 0x52, 0x52, 0x63,
  0x10, 0x10, 0x21, 0x10, 0x10, 0x21, 0x10, 0x10, 0x21, 0x10, 0x10, 0x21,
  0x73, 0x73, 0x84, 0x00, 0x00, 0x00, 0x00, 0x00, 0x00, 0x00, 0x00, 0x00,
  0x00, 0x00, 0x00, 0x00, 0x00, 0x00, 0x00, 0x00, 0x00, 0x00, 0x00, 0x00,
  0x52, 0x52, 0x63, 0x10, 0x10, 0x21, 0x10, 0x10, 0x21, 0x10, 0x10, 0x21,
  0x10, 0x10, 0x21, 0x52, 0x52, 0x63, 0x10, 0x10, 0x21, 0x10, 0x10, 0x21,
  0x52, 0x52, 0x63, 0x00, 0x00, 0x00, 0x00, 0x00, 0x00, 0x00, 0x00, 0x10,
  0x73, 0x73, 0x84, 0x00, 0x00, 0x00, 0x52, 0x52, 0x63, 0x31, 0x31, 0x42,
  0x31, 0x31, 0x42, 0x31, 0x31, 0x42, 0x21, 0x21, 0x31, 0x21, 0x21, 0x31,
  0x21, 0x21, 0x31, 0x21, 0x21, 0x31, 0x00, 0x00, 0x00, 0x21, 0x21, 0x31,
  0x00, 0x00, 0x00, 0x00, 0x00, 0x00, 0x00, 0x00, 0x00, 0x10, 0x10, 0x21,
  0x21, 0x21, 0x31, 0x00, 0x00, 0x00, 0x00, 0x00, 0x00, 0x00, 0x00, 0x00,
  0x00, 0x00, 0x00, 0x00, 0x00, 0x00, 0x00, 0x00, 0x00, 0x00, 0x00, 0x00,
  0x00, 0x00, 0x00, 0x73, 0x73, 0x84, 0x10, 0x10, 0x21, 0x10, 0x10, 0x21,
  0x10, 0x10, 0x21, 0x10, 0x10, 0x21, 0x10, 0x10, 0x21, 0x10, 0x10, 0x21,
  0x52, 0x52, 0x63, 0x10, 0x10, 0x21, 0x73, 0x73, 0x84, 0x00, 0x00, 0x00,
  0x00, 0x00, 0x00, 0x00, 0x00, 0x10, 0x31, 0x31, 0x42, 0xf7, 0xf7, 0xf7,
  0x00, 0x00, 0x00, 0x00, 0x00, 0x00, 0x00, 0x00, 0x00, 0x73, 0x73, 0x84,
  0x00, 0x00, 0x00, 0x00, 0x00, 0x00, 0x00, 0x00, 0x00, 0x00, 0x00, 0x00,
  0x00, 0x00, 0x00, 0xf7, 0xf7, 0xf7, 0x00, 0x00, 0x00, 0x00, 0x00, 0x00,
  0x00, 0x00, 0x00, 0x00, 0x00, 0x00, 0x00, 0x00, 0x00, 0x00, 0x00, 0x00,
  0x00, 0x00, 0x00, 0x00, 0x00, 0x00, 0x00, 0x00, 0x00, 0x00, 0x00, 0x00,
  0x00, 0x00, 0x00, 0x00, 0x00, 0x00, 0x00, 0x00, 0x00, 0x00, 0x00, 0x00,
  0x00, 0x00, 0x00, 0x00, 0x00, 0x00, 0x00, 0x00, 0x00, 0x00, 0x00, 0x00,
  0x00, 0x00, 0x00, 0x00, 0x00, 0x00, 0x00, 0x00, 0x00, 0xe7, 0x00, 0x00,
  0x00, 0x00, 0x00, 0x00, 0x00, 0x00, 0xe7, 0x00, 0x00, 0x00, 0x00, 0x00,
  0x00, 0x00, 0x00, 0xe7, 0x00, 0x00, 0x00, 0x00, 0x00, 0x73, 0x73, 0x84,
  0x00, 0x00, 0x00, 0x00, 0x00, 0x00, 0x00, 0x00, 0x00, 0x73, 0x73, 0x84,
  0x31, 0x31, 0x42, 0x00, 0x00, 0x00, 0x00, 0x00, 0x00, 0x00, 0x00, 0x00,
  0xf7, 0xf7, 0xf7, 0x00, 0x00, 0x00, 0xf7, 0xf7, 0xf7, 0x00, 0x00, 0x00,
  0x00, 0x00, 0x00, 0x00, 0x00, 0x00, 0x00, 0x00, 0x00, 0x00, 0x00, 0x00,
  0x00, 0x00, 0x00, 0x00, 0x00, 0x00, 0x00, 0x00, 0x00, 0x00, 0x00, 0x00,
  0x00, 0x00, 0x00, 0x00, 0x00, 0x00, 0x00, 0x00, 0x00, 0x00, 0x00, 0x00,
  0x00, 0x00, 0x00, 0xf7, 0xf7, 0xf7, 0xf7, 0xf7, 0xf7, 0x00, 0x00, 0x00,
  0xf7, 0xf7, 0xf7, 0xf7, 0xf7, 0xf7, 0x73, 0x73, 0x84, 0x00, 0x00, 0x00,
  0xf7, 0xf7, 0xf7, 0x00, 0x00, 0x00, 0xf7, 0xf7, 0xf7, 0x00, 0x00, 0x00,
  0x00, 0x00, 0x00, 0x00, 0x00, 0x00, 0x31, 0x31, 0x42, 0x31, 0x31, 0x42,
  0x00, 0x00, 0x00, 0x00, 0x00, 0x00, 0x73, 0x73, 0x84, 0x00, 0x00, 0x00,
  0x00, 0x00, 0x10, 0x00, 0x00, 0x00, 0x00, 0x00, 0x00, 0x00, 0x00, 0x00,
  0x21, 0x21, 0x31, 0x10, 0x10, 0x21, 0x00, 0x00, 0x00, 0x00, 0x00, 0x00,
  0x00, 0x00, 0x00, 0x21, 0x21, 0x31, 0x00, 0x00, 0x00, 0x21, 0x21, 0x31,
  0x21, 0x21, 0x31, 0x21, 0x21, 0x31, 0x21, 0x21, 0x31, 0x31, 0x31, 0x42,
  0x31, 0x31, 0x42, 0x31, 0x31, 0x42, 0x52, 0x52, 0x63, 0x10, 0x10, 0x21,
  0x10, 0x10, 0x21, 0x10, 0x10, 0x21, 0x10, 0x10, 0x21, 0x10, 0x10, 0x21,
  0x73, 0x73, 0x84, 0x10, 0x10, 0x21, 0x73, 0x73, 0x84, 0x00, 0x00, 0x00,
  0x00, 0x00, 0x10, 0x00, 0x00, 0x10, 0x73, 0x73, 0x84, 0x00, 0x00, 0x00,
  0x00, 0x00, 0x00, 0x00, 0x00, 0x00, 0x00, 0x00, 0x00, 0xb5, 0xb5, 0xc6,
  0xb5, 0xb5, 0xc6, 0x00, 0x00, 0x10, 0x00, 0x00, 0x10, 0x00, 0x00, 0x10,
  0x00, 0x00, 0x10, 0x00, 0x00, 0x10, 0x00, 0x00, 0x10, 0x21, 0x21, 0x31,
  0x21, 0x21, 0x31, 0x21, 0x21, 0x31, 0x21, 0x21, 0x31, 0x21, 0x21, 0x31,
  0x21, 0x21, 0x31, 0x21, 0x21, 0x31, 0x73, 0x73, 0x84, 0x52, 0x52, 0x63,
  0x52, 0x52, 0x63, 0x21, 0x21, 0x31, 0x21, 0x21, 0x31, 0x21, 0x21, 0x31,
  0x00, 0x00, 0x10, 0x00, 0x00, 0x10, 0x52, 0x52, 0x63, 0x52, 0x52, 0x63,
  0x73, 0x73, 0x84, 0xb5, 0xb5, 0xc6, 0xb5, 0xb5, 0xc6, 0xb5, 0xb5, 0xc6,
  0x21, 0x21, 0x31, 0x21, 0x21, 0x31, 0xb5, 0xb5, 0xc6, 0xb5, 0xb5, 0xc6,
  0x21, 0x21, 0x31, 0x21, 0x21, 0x31, 0x73, 0x73, 0x84, 0xb5, 0xb5, 0xc6,
  0x73, 0x73, 0x84, 0x73, 0x73, 0x84, 0x52, 0x52, 0x63, 0x21, 0x21, 0x31,
  0x21, 0x21, 0x31, 0x21, 0x21, 0x31, 0x00, 0x00, 0x10, 0x00, 0x00, 0x10,
  0x00, 0x00, 0x10, 0x00, 0x00, 0x10, 0x00, 0x00, 0x10, 0x00, 0x00, 0x10,
  0xb5, 0xb5, 0xc6, 0xb5, 0xb5, 0xc6, 0x00, 0x00, 0x00, 0x00, 0x00, 0x00,
  0x00, 0x00, 0x00, 0x00, 0x00, 0x00, 0x00, 0x00, 0x00, 0x00, 0x00, 0x00,
  0x00, 0x00, 0x10, 0x00, 0x00, 0x00, 0x00, 0x00, 0x00, 0x00, 0x00, 0x00,
  0x00, 0x00, 0x00, 0x00, 0x00, 0x00, 0x00, 0x00, 0x00, 0x00, 0x00, 0x00,
  0x00, 0x00, 0x00, 0x00, 0x00, 0x00, 0x00, 0x00, 0x00, 0x00, 0x00, 0x00,
  0x00, 0x00, 0x00, 0x73, 0x73, 0x84, 0x10, 0x10, 0x21, 0x73, 0x73, 0x84,
  0x10, 0x10, 0x21, 0x10, 0x10, 0x21, 0x10, 0x10, 0x21, 0x10, 0x10, 0x21,
  0x73, 0x73, 0x84, 0x00, 0x00, 0x00, 0x00, 0x00, 0x00, 0x00, 0x00, 0x00,
  0x00, 0x00, 0x00, 0x00, 0x00, 0x00, 0x00, 0x00, 0x00, 0x00, 0x00, 0x00,
  0x52, 0x52, 0x63, 0x10, 0x10, 0x21, 0x10, 0x10, 0x21, 0x10, 0x10, 0x21,
  0x10, 0x10, 0x21, 0x73, 0x73, 0x84, 0x10, 0x10, 0x21, 0x52, 0x52, 0x63,
  0x00, 0x00, 0x00, 0x00, 0x00, 0x00, 0x00, 0x00, 0x00, 0x73, 0x73, 0x84,
  0x00, 0x00, 0x00, 0x00, 0x00, 0x00, 0x52, 0x52, 0x63, 0x31, 0x31, 0x42,
  0x31, 0x31, 0x42, 0x21, 0x21, 0x31, 0x31, 0x31, 0x42, 0x21, 0x21, 0x31,
  0x21, 0x21, 0x31, 0x21, 0x21, 0x31, 0x00, 0x00, 0x00, 0x00, 0x00, 0x00,
  0x00, 0x00, 0x00, 0x00, 0x00, 0x00, 0x10, 0x10, 0x21, 0x21, 0x21, 0x31,
  0x00, 0x00, 0x00, 0x00, 0x00, 0x00, 0x00, 0x00, 0x00, 0x00, 0x00, 0x00,
  0x00, 0x00, 0x00, 0x00, 0x00, 0x00, 0x00, 0x00, 0x00, 0x00, 0x00, 0x00,
  0x00, 0x00, 0x00, 0x00, 0x00, 0x00, 0x73, 0x73, 0x84, 0x10, 0x10, 0x21,
  0x10, 0x10, 0x21, 0x10, 0x10, 0x21, 0x10, 0x10, 0x21, 0x10, 0x10, 0x21,
  0x10, 0x10, 0x21, 0x73, 0x73, 0x84, 0x00, 0x00, 0x00, 0x00, 0x00, 0x00,
  0x00, 0x00, 0x00, 0x00, 0x00, 0x10, 0x73, 0x73, 0x84, 0x00, 0x00, 0x00,
  0x00, 0x00, 0x00, 0x00, 0x00, 0x00, 0x00, 0x00, 0x00, 0x00, 0x00, 0x00,
  0x73, 0x73, 0x84, 0xf7, 0xf7, 0xf7, 0x00, 0x00, 0x00, 0x00, 0x00, 0x00,
  0x00, 0x00, 0x00, 0xf7, 0xf7, 0xf7, 0x00, 0x00, 0x00, 0x00, 0x00, 0x00,
  0x00, 0x00, 0x00, 0x00, 0x00, 0x00, 0x00, 0x00, 0x00, 0x00, 0x00, 0x00,
  0x00, 0x00, 0x00, 0x00, 0x00, 0x00, 0x00, 0x00, 0x00, 0x00, 0x00, 0x00,
  0x00, 0x00, 0x00, 0x00, 0x00, 0x00, 0x00, 0x00, 0x00, 0x00, 0x00, 0x00,
  0x00, 0x00, 0x00, 0x00, 0x00, 0x00, 0x00, 0x00, 0x00, 0x00, 0x00, 0x00,
  0x00, 0x00, 0x00, 0x00, 0x00, 0x00, 0x00, 0x00, 0x00, 0x84, 0x00, 0x00,
  0xe7, 0x00, 0x00, 0xe7, 0x00, 0x00, 0x84, 0x00, 0x00, 0x00, 0x00, 0x00,
  0xe7, 0x00, 0x00, 0x00, 0x00, 0x00, 0x73, 0x73, 0x84, 0x00, 0x00, 0x00,
  0x00, 0x00, 0x00, 0x00, 0x00, 0x00, 0x00, 0x00, 0x00, 0x00, 0x00, 0x00,
  0x73, 0x73, 0x84, 0x00, 0x00, 0x00, 0xf7, 0xf7, 0xf7, 0x00, 0x00, 0x00,
  0xf7, 0xf7, 0xf7, 0x00, 0x00, 0x00, 0xf7, 0xf7, 0xf7, 0x00, 0x00, 0x00,
  0x00, 0x00, 0x00, 0x00, 0x00, 0x00, 0x00, 0x00, 0x00, 0x00, 0x00, 0x00,
  0x00, 0x00, 0x00, 0x00, 0x00, 0x00, 0x00, 0x00, 0x00, 0x00, 0x00, 0x00,
  0x00, 0x00, 0x00, 0x00, 0x00, 0x00, 0x00, 0x00, 0x00, 0x00, 0x00, 0x00,
  0x00, 0x00, 0x00, 0x00, 0x00, 0x00, 0xf7, 0xf7, 0xf7, 0x00, 0x00, 0x00,
  0xf7, 0xf7, 0xf7, 0x00, 0x00, 0x00, 0xf7, 0xf7, 0xf7, 0x00, 0x00, 0x00,
  0xf7, 0xf7, 0xf7, 0x00, 0x00, 0x00, 0xf7, 0xf7, 0xf7, 0x00, 0x00, 0x00,
  0xf7, 0xf7, 0xf7, 0x00, 0x00, 0x00, 0x31, 0x31, 0x42, 0x00, 0x00, 0x00,
  0x00, 0x00, 0x00, 0x00, 0x00, 0x00, 0x00, 0x00, 0x00, 0x73, 0x73, 0x84,
  0x00, 0x00, 0x10, 0x00, 0x00, 0x00, 0x00, 0x00, 0x00, 0x00, 0x00, 0x00,
  0x21, 0x21, 0x31, 0x21, 0x21, 0x31, 0x10, 0x10, 0x21, 0x00, 0x00, 0x00,
  0x00, 0x00, 0x00, 0x00, 0x00, 0x00, 0x00, 0x00, 0x00, 0x21, 0x21, 0x31,
  0x21, 0x21, 0x31, 0x21, 0x21, 0x31, 0x31, 0x31, 0x42, 0x21, 0x21, 0x31,
  0x31, 0x31, 0x42, 0x31, 0x31, 0x42, 0x52, 0x52, 0x63, 0x10, 0x10, 0x21,
  0x10, 0x10, 0x21, 0x10, 0x10, 0x21, 0x10, 0x10, 0x21, 0x10, 0x10, 0x21,
  0x10, 0x10, 0x21, 0x73, 0x73, 0x84, 0x00, 0x00, 0x00, 0x00, 0x00, 0x00,
  0x00, 0x00, 0x10, 0xf7, 0xf7, 0xf7, 0x00, 0x00, 0x00, 0x00, 0x00, 0x00,
  0x00, 0x00, 0x00, 0x00, 0x00, 0x00, 0x00, 0x00, 0x00, 0xb5, 0xb5, 0xc6,
  0xb5, 0xb5, 0xc6, 0x00, 0x00, 0x10, 0x00, 0x00, 0x10, 0x00, 0x00, 0x10,
  0x00, 0x00, 0x10, 0x00, 0x00, 0x10, 0x00, 0x00, 0x10, 0x00, 0x00, 0x10,
  0x21, 0x21, 0x31, 0x21, 0x21, 0x31, 0x21, 0x21, 0x31, 0x21, 0x21, 0x31,
  0x73, 0x73, 0x84, 0xb5, 0xb5, 0xc6, 0x73, 0x73, 0x84, 0x73, 0x73, 0x84,
  0x52, 0x52, 0x63, 0x52, 0x52, 0x63, 0x21, 0x21, 0x31, 0x21, 0x21, 0x31,
  0x00, 0x00, 0x10, 0x21, 0x21, 0x31, 0x21, 0x21, 0x31, 0x52, 0x52, 0x63,
  0x52, 0x52, 0x63, 0x73, 0x73, 0x84, 0x73, 0x73, 0x84, 0x73, 0x73, 0x84,
  0xb5, 0xb5, 0xc6, 0xb5, 0xb5, 0xc6, 0x73, 0x73, 0x84, 0x73, 0x73, 0x84,
  0xb5, 0xb5, 0xc6, 0xb5, 0xb5, 0xc6, 0x21, 0x21, 0x31, 0x21, 0x21, 0x31,
  0x21, 0x21, 0x31, 0x21, 0x21, 0x31, 0x21, 0x21, 0x31, 0x21, 0x21, 0x31,
  0x21, 0x21, 0x31, 0x21, 0x21, 0x31, 0x21, 0x21, 0x31, 0x00, 0x00, 0x10,
  0x00, 0x00, 0x10, 0x00, 0x00, 0x10, 0x00, 0x00, 0x10, 0x00, 0x00, 0x10,
  0xb5, 0xb5, 0xc6, 0xb5, 0xb5, 0xc6, 0x00, 0x00, 0x00, 0x00, 0x00, 0x00,
  0x00, 0x00, 0x00, 0x00, 0x00, 0x00, 0x00, 0x00, 0x00, 0x00, 0x00, 0x00,
  0x00, 0x00, 0x10, 0x00, 0x00, 0x00, 0x00, 0x00, 0x00, 0x00, 0x00, 0x00,
  0x00, 0x00, 0x00, 0x00, 0x00, 0x00, 0x00, 0x00, 0x00, 0x00, 0x00, 0x00,
  0x00, 0x00, 0x00, 0x00, 0x00, 0x00, 0x00, 0x00, 0x00, 0x00, 0x00, 0x00,
  0x00, 0x00, 0x00, 0x73, 0x73, 0x84, 0x10, 0x10, 0x21, 0x10, 0x10, 0x21,
  0x10, 0x10, 0x21, 0x10, 0x10, 0x21, 0x10, 0x10, 0x21, 0x73, 0x73, 0x84,
  0x00, 0x00, 0x00, 0x00, 0x00, 0x00, 0x00, 0x00, 0x00, 0x00, 0x00, 0x00,
  0x00, 0x00, 0x00, 0x00, 0x00, 0x00, 0x00, 0x00, 0x00, 0x00, 0x00, 0x00,
  0x00, 0x00, 0x00, 0x52, 0x52, 0x63, 0x10, 0x10, 0x21, 0x10, 0x10, 0x21,
  0x10, 0x10, 0x21, 0x10, 0x10, 0x21, 0x10, 0x10, 0x21, 0x52, 0x52, 0x63,
  0x00, 0x00, 0x00, 0x00, 0x00, 0x00, 0x00, 0x00, 0x10, 0x73, 0x73, 0x84,
  0x00, 0x00, 0x00, 0x52, 0x52, 0x63, 0x31, 0x31, 0x42, 0x31, 0x31, 0x42,
  0x31, 0x31, 0x42, 0x31, 0x31, 0x42, 0x21, 0x21, 0x31, 0x21, 0x21, 0x31,
  0x21, 0x21, 0x31, 0x21, 0x21, 0x31, 0x00, 0x00, 0x00, 0x00, 0x00, 0x00,
  0x10, 0x10, 0x21, 0x00, 0x00, 0x00, 0x10, 0x10, 0x21, 0x21, 0x21, 0x31,
  0x00, 0x00, 0x00, 0x00, 0x00, 0x00, 0x00, 0x00, 0x00, 0x00, 0x00, 0x00,
  0x00, 0x00, 0x00, 0x73, 0x73, 0x84, 0x00, 0x00, 0x00, 0x00, 0x00, 0x00,
  0x00, 0x00, 0x00, 0x00, 0x00, 0x00, 0x73, 0x73, 0x84, 0x10, 0x10, 0x21,
  0x10, 0x10, 0x21, 0x10, 0x10, 0x21, 0x10, 0x10, 0x21, 0x10, 0x10, 0x21,
  0x10, 0x10, 0x21, 0x73, 0x73, 0x84, 0x00, 0x00, 0x00, 0x00, 0x00, 0x00,
  0x00, 0x00, 0x00, 0x00, 0x00, 0x10, 0xb5, 0xb5, 0xc6, 0x00, 0x00, 0x00,
  0x00, 0x00, 0x00, 0x00, 0x00, 0x00, 0x00, 0x00, 0x00, 0x00, 0x00, 0x00,
  0x73, 0x73, 0x84, 0x00, 0x00, 0x00, 0x00, 0x00, 0x00, 0x00, 0x00, 0x00,
  0x00, 0x00, 0x00, 0x00, 0x00, 0x00, 0x00, 0x00, 0x00, 0x00, 0x00, 0x00,
  0x00, 0x00, 0x00, 0x00, 0x00, 0x00, 0x00, 0x00, 0x00, 0x00, 0x00, 0x00,
  0x00, 0x00, 0x00, 0x00, 0x00, 0x00, 0x00, 0x00, 0x00, 0x00, 0x00, 0x00,
  0x00, 0x00, 0x00, 0x00, 0x00, 0x00, 0x00, 0x00, 0x00, 0x00, 0x00, 0x00,
  0x00, 0x00, 0x00, 0x00, 0x00, 0x00, 0x00, 0x00, 0x00, 0x00, 0x00, 0x00,
  0x00, 0x00, 0x00, 0x00, 0x00, 0x00, 0x00, 0x00, 0x00, 0x00, 0x00, 0x00,
  0x00, 0x00, 0x00, 0x00, 0x00, 0x00, 0x00, 0x00, 0x00, 0x00, 0x00, 0x00,
  0x84, 0x00, 0x00, 0x00, 0x00, 0x00, 0xb5, 0xb5, 0xc6, 0x00, 0x00, 0x00,
  0x00, 0x00, 0x00, 0x00, 0x00, 0x00, 0x00, 0x00, 0x00, 0x00, 0x00, 0x00,
  0x73, 0x73, 0x84, 0x00, 0x00, 0x00, 0x00, 0x00, 0x00, 0x00, 0x00, 0x00,
  0x73, 0x73, 0x84, 0xf7, 0xf7, 0xf7, 0x73, 0x73, 0x84, 0x00, 0x00, 0x00,
  0x00, 0x00, 0x00, 0x00, 0x00, 0x00, 0x00, 0x00, 0x00, 0x00, 0x00, 0x00,
  0x00, 0x00, 0x00, 0x00, 0x00, 0x00, 0x00, 0x00, 0x00, 0x00, 0x00, 0x00,
  0x00, 0x00, 0x00, 0x00, 0x00, 0x00, 0x00, 0x00, 0x00, 0x00, 0x00, 0x00,
  0xf7, 0xf7, 0xf7, 0xf7, 0xf7, 0xf7, 0x73, 0x73, 0x84, 0x00, 0x00, 0x00,
  0x73, 0x73, 0x84, 0xf7, 0xf7, 0xf7, 0x73, 0x73, 0x84, 0x00, 0x00, 0x00,
  0x73, 0x73, 0x84, 0xf7, 0xf7, 0xf7, 0x73, 0x73, 0x84, 0x00, 0x00, 0x00,
  0x00, 0x00, 0x00, 0x00, 0x00, 0x00, 0x31, 0x31, 0x42, 0x00, 0x00, 0x00,
  0x00, 0x00, 0x00, 0x00, 0x00, 0x00, 0x00, 0x00, 0x00, 0x73, 0x73, 0x84,
  0x00, 0x00, 0x10, 0x00, 0x00, 0x10, 0x00, 0x00, 0x00, 0x00, 0x00, 0x00,
  0x00, 0x00, 0x00, 0x21, 0x21, 0x31, 0x10, 0x10, 0x21, 0x00, 0x00, 0x00,
  0x10, 0x10, 0x21, 0x00, 0x00, 0x00, 0x00, 0x00, 0x00, 0x21, 0x21, 0x31,
  0x21, 0x21, 0x31, 0x21, 0x21, 0x31, 0x21, 0x21, 0x31, 0x31, 0x31, 0x42,
  0x31, 0x31, 0x42, 0x31, 0x31, 0x42, 0x31, 0x31, 0x42, 0x52, 0x52, 0x63,
  0x10, 0x10, 0x21, 0x10, 0x10, 0x21, 0x10, 0x10, 0x21, 0x10, 0x10, 0x21,
  0x10, 0x10, 0x21, 0x73, 0x73, 0x84, 0x00, 0x00, 0x00, 0x00, 0x00, 0x10,
  0x00, 0x00, 0x10, 0xb5, 0xb5, 0xc6, 0x00, 0x00, 0x00, 0x00, 0x00, 0x00,
  0x00, 0x00, 0x00, 0x00, 0x00, 0x00, 0x00, 0x00, 0x00, 0xb5, 0xb5, 0xc6,
  0xb5, 0xb5, 0xc6, 0x52, 0x52, 0x63, 0x00, 0x00, 0x10, 0x00, 0x00, 0x10,
  0x00, 0x00, 0x10, 0x00, 0x00, 0x10, 0x00, 0x00, 0x10, 0x00, 0x00, 0x10,
  0x00, 0x00, 0x10, 0x21, 0x21, 0x31, 0x21, 0x21, 0x31, 0x21, 0x21, 0x31,
  0x21, 0x21, 0x31, 0x21, 0x21, 0x31, 0x73, 0x73, 0x84, 0xb5, 0xb5, 0xc6,
  0x73, 0x73, 0x84, 0x52, 0x52, 0x63, 0x52, 0x52, 0x63, 0x00, 0x00, 0x10,
  0x00, 0x00, 0x10, 0x21, 0x21, 0x31, 0x21, 0x21, 0x31, 0x21, 0x21, 0x31,
  0x52, 0x52, 0x63, 0x52, 0x52, 0x63, 0x52, 0x52, 0x63, 0x73, 0x73, 0x84,
  0x73, 0x73, 0x84, 0x73, 0x73, 0x84, 0x73, 0x73, 0x84, 0x73, 0x73, 0x84,
  0x73, 0x73, 0x84, 0xb5, 0xb5, 0xc6, 0x21, 0x21, 0x31, 0x21, 0x21, 0x31,
  0x21, 0x21, 0x31, 0x21, 0x21, 0x31, 0x21, 0x21, 0x31, 0x21, 0x21, 0x31,
  0x21, 0x21, 0x31, 0x21, 0x21, 0x31, 0x21, 0x21, 0x31, 0x00, 0x00, 0x10,
  0x00, 0x00, 0x10, 0x00, 0x00, 0x10, 0x00, 0x00, 0x10, 0x00, 0x00, 0x10,
  0xb5, 0xb5, 0xc6, 0xb5, 0xb5, 0xc6, 0x00, 0x00, 0x00, 0x00, 0x00, 0x00,
  0x00, 0x00, 0x00, 0x00, 0x00, 0x00, 0x00, 0x00, 0x00, 0x00, 0x00, 0x00,
  0x00, 0x00, 0x00, 0x00, 0x00, 0x00, 0x00, 0x00, 0x00, 0x00, 0x00, 0x00,
  0x00, 0x00, 0x00, 0x00, 0x00, 0x00, 0x00, 0x00, 0x00, 0x00, 0x00, 0x00,
  0x00, 0x00, 0x00, 0x00, 0x00, 0x00, 0x00, 0x00, 0x00, 0x00, 0x00, 0x00,
  0x00, 0x00, 0x10, 0x00, 0x00, 0x00, 0x73, 0x73, 0x84, 0x10, 0x10, 0x21,
  0x10, 0x10, 0x21, 0x73, 0x73, 0x84, 0x10, 0x10, 0x21, 0x73, 0x73, 0x84,
  0x00, 0x00, 0x00, 0x00, 0x00, 0x00, 0x00, 0x00, 0x00, 0x00, 0x00, 0x00,
  0x00, 0x00, 0x00, 0x00, 0x00, 0x00, 0x00, 0x00, 0x00, 0x00, 0x00, 0x00,
  0x00, 0x00, 0x00, 0x52, 0x52, 0x63, 0x10, 0x10, 0x21, 0x52, 0x52, 0x63,
  0x10, 0x10, 0x21, 0x10, 0x10, 0x21, 0x52, 0x52, 0x63, 0x00, 0x00, 0x00,
  0x00, 0x00, 0x00, 0x00, 0x00, 0x00, 0x73, 0x73, 0x84, 0x00, 0x00, 0x00,
  0x00, 0x00, 0x00, 0x52, 0x52, 0x63, 0x31, 0x31, 0x42, 0x31, 0x31, 0x42,
  0x31, 0x31, 0x42, 0x21, 0x21, 0x31, 0x21, 0x21, 0x31, 0x21, 0x21, 0x31,
  0x21, 0x21, 0x31, 0x00, 0x00, 0x00, 0x21, 0x21, 0x31, 0x00, 0x00, 0x00,
  0x00, 0x00, 0x00, 0x10, 0x10, 0x21, 0x21, 0x21, 0x31, 0x00, 0x00, 0x00,
  0x00, 0x00, 0x00, 0x00, 0x00, 0x00, 0x00, 0x00, 0x00, 0x00, 0x00, 0x00,
  0x73, 0x73, 0x84, 0x00, 0x00, 0x00, 0x73, 0x73, 0x84, 0x00, 0x00, 0x00,
  0x00, 0x00, 0x00, 0x00, 0x00, 0x00, 0x00, 0x00, 0x00, 0x73, 0x73, 0x84,
  0x10, 0x10, 0x21, 0x10, 0x10, 0x21, 0xf7, 0xf7, 0xf7, 0x10, 0x10, 0x21,
  0x73, 0x73, 0x84, 0x00, 0x00, 0x00, 0x00, 0x00, 0x00, 0x00, 0x00, 0x00,
  0x00, 0x00, 0x10, 0x31, 0x31, 0x42, 0x73, 0x73, 0x84, 0x00, 0x00, 0x00,
  0x00, 0x00, 0x00, 0x00, 0x00, 0x00, 0x00, 0x00, 0x00, 0x00, 0x00, 0x00,
  0x00, 0x00, 0x00, 0x73, 0x73, 0x84, 0x00, 0x00, 0x00, 0x00, 0x00, 0x00,
  0x00, 0x00, 0x00, 0x00, 0x00, 0x00, 0x00, 0x00, 0x00, 0x00, 0x00, 0x00,
  0x00, 0x00, 0x00, 0x00, 0x00, 0x00, 0x00, 0x00, 0x00, 0x00, 0x00, 0x00,
  0x00, 0x00, 0x00, 0x00, 0x00, 0x00, 0x00, 0x00, 0x00, 0x73, 0x73, 0x84,
  0x73, 0x73, 0x84, 0x73, 0x73, 0x84, 0x73, 0x73, 0x84, 0x73, 0x73, 0x84,
  0x00, 0x00, 0x00, 0x00, 0x00, 0x00, 0x00, 0x00, 0x00, 0x00, 0x00, 0x00,
  0x00, 0x00, 0x00, 0x00, 0x00, 0x00, 0x00, 0x00, 0x00, 0x00, 0x00, 0x00,
  0x00, 0x00, 0x00, 0x00, 0x00, 0x00, 0x00, 0x00, 0x00, 0x00, 0x00, 0x00,
  0x00, 0x00, 0x00, 0x73, 0x73, 0x84, 0x00, 0x00, 0x00, 0x00, 0x00, 0x00,
  0x00, 0x00, 0x00, 0x00, 0x00, 0x00, 0x00, 0x00, 0x00, 0x00, 0x00, 0x00,
  0x73, 0x73, 0x84, 0x31, 0x31, 0x42, 0x00, 0x00, 0x00, 0x00, 0x00, 0x00,
  0x00, 0x00, 0x00, 0x00, 0x00, 0x00, 0x00, 0x00, 0x00, 0x00, 0x00, 0x00,
  0x00, 0x00, 0x00, 0x00, 0x00, 0x00, 0x00, 0x00, 0x00, 0x00, 0x00, 0x00,
  0x00, 0x00, 0x00, 0x00, 0x00, 0x00, 0x00, 0x00, 0x00, 0x00, 0x00, 0x00,
  0x00, 0x00, 0x00, 0x00, 0x00, 0x00, 0x00, 0x00, 0x00, 0x00, 0x00, 0x00,
  0x00, 0x00, 0x00, 0x00, 0x00, 0x00, 0x00, 0x00, 0x00, 0x00, 0x00, 0x00,
  0x00, 0x00, 0x00, 0x00, 0x00, 0x00, 0x00, 0x00, 0x00, 0x00, 0x00, 0x00,
  0x00, 0x00, 0x00, 0x00, 0x00, 0x00, 0x00, 0x00, 0x00, 0x00, 0x00, 0x00,
  0x00, 0x00, 0x00, 0x31, 0x31, 0x42, 0x73, 0x73, 0x84, 0x00, 0x00, 0x00,
  0x00, 0x00, 0x00, 0x00, 0x00, 0x00, 0x00, 0x00, 0x00, 0x00, 0x00, 0x00,
  0x73, 0x73, 0x84, 0x00, 0x00, 0x10, 0x00, 0x00, 0x00, 0x00, 0x00, 0x00,
  0x00, 0x00, 0x00, 0x21, 0x21, 0x31, 0x21, 0x21, 0x31, 0x10, 0x10, 0x21,
  0x00, 0x00, 0x00, 0x00, 0x00, 0x00, 0x21, 0x21, 0x31, 0x00, 0x00, 0x00,
  0x21, 0x21, 0x31, 0x21, 0x21, 0x31, 0x21, 0x21, 0x31, 0x21, 0x21, 0x31,
  0x31, 0x31, 0x42, 0x31, 0x31, 0x42, 0x31, 0x31, 0x42, 0x52, 0x52, 0x63,
  0x10, 0x10, 0x21, 0x10, 0x10, 0x21, 0x73, 0x73, 0x84, 0x10, 0x10, 0x21,
  0x73, 0x73, 0x84, 0x00, 0x00, 0x00, 0x00, 0x00, 0x00, 0x00, 0x00, 0x10,
  0xb5, 0xb5, 0xc6, 0x00, 0x00, 0x00, 0x00, 0x00, 0x00, 0x00, 0x00, 0x00,
  0x00, 0x00, 0x00, 0x00, 0x00, 0x00, 0x00, 0x00, 0x00, 0xb5, 0xb5, 0xc6,
  0xb5, 0xb5, 0xc6, 0x73, 0x73, 0x84, 0x00, 0x00, 0x10, 0x00, 0x00, 0x10,
  0x00, 0x00, 0x10, 0x00, 0x00, 0x10, 0x00, 0x00, 0x10, 0x00, 0x00, 0x10,
  0x00, 0x00, 0x10, 0x00, 0x00, 0x10, 0x21, 0x21, 0x31, 0x21, 0x21, 0x31,
  0x21, 0x21, 0x31, 0x21, 0x21, 0x31, 0x21, 0x21, 0x31, 0x21, 0x21, 0x31,
  0xb5, 0xb5, 0xc6, 0x73, 0x73, 0x84, 0x52, 0x52, 0x63, 0x00, 0x00, 0x10,
  0x52, 0x52, 0x63, 0x21, 0x21, 0x31, 0x21, 0x21, 0x31, 0x21, 0x21, 0x31,
  0x21, 0x21, 0x31, 0x21, 0x21, 0x31, 0x52, 0x52, 0x63, 0x52, 0x52, 0x63,
  0x52, 0x52, 0x63, 0x73, 0x73, 0x84, 0x73, 0x73, 0x84, 0x73, 0x73, 0x84,
  0xb5, 0xb5, 0xc6, 0x21, 0x21, 0x31, 0x21, 0x21, 0x31, 0x21, 0x21, 0x31,
  0x21, 0x21, 0x31, 0x21, 0x21, 0x31, 0x21, 0x21, 0x31, 0x21, 0x21, 0x31,
  0x21, 0x21, 0x31, 0x21, 0x21, 0x31, 0x21, 0x21, 0x31, 0x00, 0x00, 0x10,
  0x00, 0x00, 0x10, 0x00, 0x00, 0x10, 0x00, 0x00, 0x10, 0x73, 0x73, 0x84,
  0xb5, 0xb5, 0xc6, 0xb5, 0xb5, 0xc6, 0x00, 0x00, 0x00, 0x00, 0x00, 0x00,
  0x00, 0x00, 0x00, 0x00, 0x00, 0x00, 0x00, 0x00, 0x00, 0x00, 0x00, 0x00,
  0x00, 0x00, 0x00, 0x00, 0x00, 0x10, 0x00, 0x00, 0x00, 0x00, 0x00, 0x00,
  0x00, 0x00, 0x00, 0x00, 0x00, 0x00, 0x00, 0x00, 0x00, 0x00, 0x00, 0x00,
  0x00, 0x00, 0x00, 0x00, 0x00, 0x00, 0x00, 0x00, 0x00, 0x00, 0x00, 0x00,
  0x00, 0x00, 0x10, 0x00, 0x00, 0x00, 0x73, 0x73, 0x84, 0x10, 0x10, 0x21,
  0x10, 0x10, 0x21, 0x73, 0x73, 0x84, 0x73, 0x73, 0x84, 0x00, 0x00, 0x00,
  0x00, 0x00, 0x00, 0x00, 0x00, 0x00, 0x00, 0x00, 0x00, 0x00, 0x00, 0x00,
  0x00, 0x00, 0x00, 0x00, 0x00, 0x00, 0x00, 0x00, 0x00, 0x00, 0x00, 0x00,
  0x00, 0x00, 0x00, 0x00, 0x00, 0x00, 0x52, 0x52, 0x63, 0x73, 0x73, 0x84,
  0x10, 0x10, 0x21, 0x10, 0x10, 0x21, 0x52, 0x52, 0x63, 0x00, 0x00, 0x00,
  0x00, 0x00, 0x00, 0x00, 0x00, 0x10, 0x73, 0x73, 0x84, 0x00, 0x00, 0x00,
  0x00, 0x00, 0x00, 0x52, 0x52, 0x63, 0x31, 0x31, 0x42, 0x31, 0x31, 0x42,
  0x21, 0x21, 0x31, 0x21, 0x21, 0x31, 0x21, 0x21, 0x31, 0x21, 0x21, 0x31,
  0x00, 0x00, 0x00, 0x21, 0x21, 0x31, 0x00, 0x00, 0x00, 0x00, 0x00, 0x00,
  0x00, 0x00, 0x00, 0x10, 0x10, 0x21, 0x21, 0x21, 0x31, 0x00, 0x00, 0x00,
  0x00, 0x00, 0x00, 0x00, 0x00, 0x00, 0x00, 0x00, 0x00, 0x73, 0x73, 0x84,
  0x00, 0x00, 0x00, 0x00, 0x00, 0x00, 0x00, 0x00, 0x00, 0x73, 0x73, 0x84,
  0x00, 0x00, 0x00, 0x00, 0x00, 0x00, 0x00, 0x00, 0x00, 0x73, 0x73, 0x84,
  0x10, 0x10, 0x21, 0x10, 0x10, 0x21, 0x52, 0x52, 0x63, 0x10, 0x10, 0x21,
  0x73, 0x73, 0x84, 0x00, 0x00, 0x00, 0x00, 0x00, 0x00, 0x00, 0x00, 0x00,
  0x00, 0x00, 0x10, 0x73, 0x73, 0x84, 0x00, 0x00, 0x00, 0x00, 0x00, 0x00,
  0x00, 0x00, 0x00, 0x00, 0x00, 0x00, 0x00, 0x00, 0x00, 0x00, 0x00, 0x00,
  0x00, 0x00, 0x00, 0x73, 0x73, 0x84, 0x31, 0x31, 0x42, 0xf7, 0xf7, 0xf7,
  0x00, 0x00, 0x00, 0x00, 0x00, 0x00, 0x00, 0x00, 0x00, 0x00, 0x00, 0x00,
  0x00, 0x00, 0x00, 0x00, 0x00, 0x00, 0x00, 0x00, 0x00, 0x00, 0x00, 0x00,
  0x00, 0x00, 0x00, 0x73, 0x73, 0x84, 0x73, 0x73, 0x84, 0x00, 0x00, 0x00,
  0x00, 0x00, 0x00, 0x00, 0x00, 0x00, 0x00, 0x00, 0x00, 0x00, 0x00, 0x00,
  0x73, 0x73, 0x84, 0x73, 0x73, 0x84, 0x00, 0x00, 0x00, 0x00, 0x00, 0x00,
  0x00, 0x00, 0x00, 0x00, 0x00, 0x00, 0x00, 0x00, 0x00, 0x00, 0x00, 0x00,
  0x00, 0x00, 0x00, 0x00, 0x00, 0x00, 0x00, 0x00, 0x00, 0x00, 0x00, 0x00,
  0x31, 0x31, 0x42, 0xb5, 0xb5, 0xc6, 0x00, 0x00, 0x00, 0x00, 0x00, 0x00,
  0x00, 0x00, 0x00, 0x00, 0x00, 0x00, 0x00, 0x00, 0x00, 0x00, 0x00, 0x00,
  0x00, 0x00, 0x00, 0x73, 0x73, 0x84, 0x00, 0x00, 0x00, 0x00, 0x00, 0x00,
  0x00, 0x00, 0x00, 0x00, 0x00, 0x00, 0x00, 0x00, 0x00, 0x00, 0x00, 0x00,
  0x00, 0x00, 0x00, 0x00, 0x00, 0x00, 0x00, 0x00, 0x00, 0x00, 0x00, 0x00,
  0x00, 0x00, 0x00, 0x00, 0x00, 0x00, 0x00, 0x00, 0x00, 0x00, 0x00, 0x00,
  0x00, 0x00, 0x00, 0x00, 0x00, 0x00, 0x00, 0x00, 0x00, 0x00, 0x00, 0x00,
  0x00, 0x00, 0x00, 0x00, 0x00, 0x00, 0x00, 0x00, 0x00, 0x00, 0x00, 0x00,
  0x00, 0x00, 0x00, 0x00, 0x00, 0x00, 0x00, 0x00, 0x00, 0x00, 0x00, 0x00,
  0x00, 0x00, 0x00, 0x00, 0x00, 0x00, 0x00, 0x00, 0x00, 0x00, 0x00, 0x00,
  0x00, 0x00, 0x00, 0x73, 0x73, 0x84, 0x00, 0x00, 0x00, 0x00, 0x00, 0x00,
  0x00, 0x00, 0x00, 0x00, 0x00, 0x00, 0x00, 0x00, 0x00, 0x00, 0x00, 0x00,
  0x73, 0x73, 0x84, 0x00, 0x00, 0x10, 0x00, 0x00, 0x10, 0x00, 0x00, 0x00,
  0x00, 0x00, 0x00, 0x00, 0x00, 0x00, 0x21, 0x21, 0x31, 0x10, 0x10, 0x21,
  0x00, 0x00, 0x00, 0x00, 0x00, 0x00, 0x00, 0x00, 0x00, 0x21, 0x21, 0x31,
  0x00, 0x00, 0x00, 0x21, 0x21, 0x31, 0x21, 0x21, 0x31, 0x21, 0x21, 0x31,
  0x21, 0x21, 0x31, 0x31, 0x31, 0x42, 0x31, 0x31, 0x42, 0x52, 0x52, 0x63,
  0x73, 0x73, 0x84, 0x10, 0x10, 0x21, 0x10, 0x10, 0x21, 0x10, 0x10, 0x21,
  0x73, 0x73, 0x84, 0x00, 0x00, 0x00, 0x00, 0x00, 0x10, 0x00, 0x00, 0x10,
  0xf7, 0xf7, 0xf7, 0x00, 0x00, 0x00, 0x00, 0x00, 0x00, 0x00, 0x00, 0x00,
  0x00, 0x00, 0x00, 0x00, 0x00, 0x00, 0x00, 0x00, 0x00, 0xb5, 0xb5, 0xc6,
  0xb5, 0xb5, 0xc6, 0xb5, 0xb5, 0xc6, 0x00, 0x00, 0x10, 0x00, 0x00, 0x10,
  0x00, 0x00, 0x10, 0x00, 0x00, 0x10, 0x00, 0x00, 0x10, 0x00, 0x00, 0x10,
  0x00, 0x00, 0x10, 0x00, 0x00, 0x10, 0x21, 0x21, 0x31, 0x21, 0x21, 0x31,
  0x21, 0x21, 0x31, 0x21, 0x21, 0x31, 0x21, 0x21, 0x31, 0x21, 0x21, 0x31,
  0xb5, 0xb5, 0xc6, 0x73, 0x73, 0x84, 0x52, 0x52, 0x63, 0x00, 0x00, 0x10,
  0x52, 0x52, 0x63, 0x21, 0x21, 0x31, 0x21, 0x21, 0x31, 0x21, 0x21, 0x31,
  0x21, 0x21, 0x31, 0x21, 0x21, 0x31, 0x52, 0x52, 0x63, 0x52, 0x52, 0x63,
  0x52, 0x52, 0x63, 0x73, 0x73, 0x84, 0x73, 0x73, 0x84, 0x73, 0x73, 0x84,
  0xb5, 0xb5, 0xc6, 0x21, 0x21, 0x31, 0x21, 0x21, 0x31, 0x21, 0x21, 0x31,
  0x21, 0x21, 0x31, 0x21, 0x21, 0x31, 0x21, 0x21, 0x31, 0x21, 0x21, 0x31,
  0x21, 0x21, 0x31, 0x21, 0x21, 0x31, 0x21, 0x21, 0x31, 0x00, 0x00, 0x10,
  0x00, 0x00, 0x10, 0x00, 0x00, 0x10, 0x00, 0x00, 0x10, 0xb5, 0xb5, 0xc6,
  0xb5, 0xb5, 0xc6, 0xb5, 0xb5, 0xc6, 0x00, 0x00, 0x00, 0x00, 0x00, 0x00,
  0x00, 0x00, 0x00, 0x00, 0x00, 0x00, 0x00, 0x00, 0x00, 0x00, 0x00, 0x00,
  0x00, 0x00, 0x10, 0x00, 0x00, 0x10, 0x00, 0x00, 0x00, 0x00, 0x00, 0x00,
  0x00, 0x00, 0x00, 0x00, 0x00, 0x00, 0x00, 0x00, 0x00, 0x00, 0x00, 0x00,
  0x00, 0x00, 0x00, 0x00, 0x00, 0x00, 0x00, 0x00, 0x00, 0x00, 0x00, 0x00,
  0x00, 0x00, 0x10, 0x00, 0x00, 0x10, 0x00, 0x00, 0x00, 0x73, 0x73, 0x84,
  0x73, 0x73, 0x84, 0x10, 0x10, 0x21, 0x73, 0x73, 0x84, 0x00, 0x00, 0x00,
  0x00, 0x00, 0x00, 0x00, 0x00, 0x00, 0x00, 0x00, 0x00, 0x00, 0x00, 0x00,
  0x00, 0x00, 0x00, 0x00, 0x00, 0x00, 0x00, 0x00, 0x00, 0x00, 0x00, 0x00,
  0x00, 0x00, 0x00, 0x00, 0x00, 0x00, 0x52, 0x52, 0x63, 0x10, 0x10, 0x21,
  0x52, 0x52, 0x63, 0x52, 0x52, 0x63, 0x00, 0x00, 0x00, 0x00, 0x00, 0x00,
  0x00, 0x00, 0x00, 0x73, 0x73, 0x84, 0x00, 0x00, 0x00, 0x00, 0x00, 0x00,
  0x52, 0x52, 0x63, 0x31, 0x31, 0x42, 0x73, 0x73, 0x84, 0x31, 0x31, 0x42,
  0x31, 0x31, 0x42, 0x21, 0x21, 0x31, 0x21, 0x21, 0x31, 0x21, 0x21, 0x31,
  0x21, 0x21, 0x31, 0x00, 0x00, 0x00, 0x00, 0x00, 0x00, 0x00, 0x00, 0x00,
  0x10, 0x10, 0x21, 0x21, 0x21, 0x31, 0x00, 0x00, 0x00, 0x00, 0x00, 0x00,
  0x00, 0x00, 0x00, 0x00, 0x00, 0x00, 0x00, 0x00, 0x00, 0x00, 0x00, 0x00,
  0x00, 0x00, 0x00, 0x00, 0x00, 0x00, 0x00, 0x00, 0x00, 0x00, 0x00, 0x00,
  0x00, 0x00, 0x00, 0x00, 0x00, 0x00, 0x00, 0x00, 0x00, 0x00, 0x00, 0x00,
  0x73, 0x73, 0x84, 0x10, 0x10, 0x21, 0x10, 0x10, 0x21, 0x73, 0x73, 0x84,
  0x00, 0x00, 0x00, 0x00, 0x00, 0x00, 0x00, 0x00, 0x00, 0x00, 0x00, 0x10,
  0x31, 0x31, 0x42, 0xb5, 0xb5, 0xc6, 0x00, 0x00, 0x00, 0x00, 0x00, 0x00,
  0x00, 0x00, 0x00, 0x00, 0x00, 0x00, 0x00, 0x00, 0x00, 0x00, 0x00, 0x00,
  0x00, 0x00, 0x00, 0x00, 0x00, 0x00, 0x73, 0x73, 0x84, 0x00, 0x00, 0x10,
  0x00, 0x00, 0x10, 0x00, 0x00, 0x00, 0x00, 0x00, 0x00, 0x00, 0x00, 0x00,
  0x00, 0x00, 0x00, 0x00, 0x00, 0x00, 0x00, 0x00, 0x00, 0x73, 0x73, 0x84,
  0x73, 0x73, 0x84, 0x10, 0x10, 0x21, 0x10, 0x10, 0x21, 0x10, 0x10, 0x21,
  0x10, 0x10, 0x21, 0xf7, 0xf7, 0xf7, 0x10, 0x10, 0x21, 0x10, 0x10, 0x21,
  0x10, 0x10, 0x21, 0x10, 0x10, 0x21, 0x73, 0x73, 0x84, 0x73, 0x73, 0x84,
  0x00, 0x00, 0x00, 0x00, 0x00, 0x00, 0x00, 0x00, 0x00, 0x00, 0x00, 0x00,
  0x00, 0x00, 0x00, 0x00, 0x00, 0x00, 0x00, 0x00, 0x10, 0x00, 0x00, 0x10,
  0x73, 0x73, 0x84, 0x00, 0x00, 0x00, 0x00, 0x00, 0x00, 0x00, 0x00, 0x00,
  0x00, 0x00, 0x00, 0x00, 0x00, 0x00, 0x00, 0x00, 0x00, 0x00, 0x00, 0x00,
  0x00, 0x00, 0x00, 0x73, 0x73, 0x84, 0x31, 0x31, 0x42, 0x00, 0x00, 0x10,
  0x00, 0x00, 0x00, 0x00, 0x00, 0x00, 0x00, 0x00, 0x00, 0x00, 0x00, 0x00,
  0x00, 0x00, 0x00, 0x00, 0x00, 0x00, 0x00, 0x00, 0x00, 0x00, 0x00, 0x00,
  0x00, 0x00, 0x00, 0x00, 0x00, 0x00, 0x00, 0x00, 0x00, 0x00, 0x00, 0x00,
  0x00, 0x00, 0x00, 0x00, 0x00, 0x00, 0x00, 0x00, 0x00, 0x00, 0x00, 0x00,
  0x00, 0x00, 0x00, 0x00, 0x00, 0x00, 0x00, 0x00, 0x00, 0x00, 0x00, 0x00,
  0x00, 0x00, 0x00, 0x00, 0x00, 0x00, 0x00, 0x00, 0x00, 0x00, 0x00, 0x00,
  0x00, 0x00, 0x00, 0x00, 0x00, 0x00, 0x00, 0x00, 0x00, 0x00, 0x00, 0x10,
  0x31, 0x31, 0x42, 0x73, 0x73, 0x84, 0x00, 0x00, 0x00, 0x00, 0x00, 0x00,
  0x00, 0x00, 0x00, 0x00, 0x00, 0x00, 0x00, 0x00, 0x00, 0x00, 0x00, 0x00,
  0x00, 0x00, 0x00, 0x73, 0x73, 0x84, 0x00, 0x00, 0x10, 0x00, 0x00, 0x00,
  0x00, 0x00, 0x00, 0x00, 0x00, 0x00, 0x21, 0x21, 0x31, 0x21, 0x21, 0x31,
  0x10, 0x10, 0x21, 0x00, 0x00, 0x00, 0x00, 0x00, 0x00, 0x00, 0x00, 0x00,
  0x21, 0x21, 0x31, 0x21, 0x21, 0x31, 0x21, 0x21, 0x31, 0x21, 0x21, 0x31,
  0x31, 0x31, 0x42, 0x31, 0x31, 0x42, 0x73, 0x73, 0x84, 0x31, 0x31, 0x42,
  0x52, 0x52, 0x63, 0x10, 0x10, 0x21, 0x73, 0x73, 0x84, 0x73, 0x73, 0x84,
  0x00, 0x00, 0x00, 0x00, 0x00, 0x00, 0x00, 0x00, 0x10, 0xb5, 0xb5, 0xc6,
  0x00, 0x00, 0x00, 0x00, 0x00, 0x00, 0x00, 0x00, 0x00, 0x00, 0x00, 0x00,
  0x00, 0x00, 0x00, 0x00, 0x00, 0x00, 0x00, 0x00, 0x00, 0x73, 0x73, 0x84,
  0xb5, 0xb5, 0xc6, 0xb5, 0xb5, 0xc6, 0x52, 0x52, 0x63, 0x00, 0x00, 0x10,
  0x00, 0x00, 0x10, 0x00, 0x00, 0x10, 0x00, 0x00, 0x10, 0x00, 0x00, 0x10,
  0x00, 0x00, 0x10, 0x00, 0x00, 0x10, 0x00, 0x00, 0x10, 0x21, 0x21, 0x31,
  0x21, 0x21, 0x31, 0x21, 0x21, 0x31, 0x21, 0x21, 0x31, 0x21, 0x21, 0x31,
  0x21, 0x21, 0x31, 0x73, 0x73, 0x84, 0x21, 0x21, 0x31, 0x00, 0x00, 0x10,
  0x73, 0x73, 0x84, 0x52, 0x52, 0x63, 0x52, 0x52, 0x63, 0x52, 0x52, 0x63,
  0x52, 0x52, 0x63, 0x52, 0x52, 0x63, 0xb5, 0xb5, 0xc6, 0xb5, 0xb5, 0xc6,
  0x73, 0x73, 0x84, 0xb5, 0xb5, 0xc6, 0x21, 0x21, 0x31, 0x21, 0x21, 0x31,
  0x21, 0x21, 0x31, 0x21, 0x21, 0x31, 0x21, 0x21, 0x31, 0x21, 0x21, 0x31,
  0x21, 0x21, 0x31, 0x21, 0x21, 0x31, 0x21, 0x21, 0x31, 0x21, 0x21, 0x31,
  0x21, 0x21, 0x31, 0x00, 0x00, 0x10, 0x00, 0x00, 0x10, 0x00, 0x00, 0x10,
  0x00, 0x00, 0x10, 0x00, 0x00, 0x10, 0x52, 0x52, 0x63, 0xb5, 0xb5, 0xc6,
  0xb5, 0xb5, 0xc6, 0x73, 0x73, 0x84, 0x00, 0x00, 0x00, 0x00, 0x00, 0x00,
  0x00, 0x00, 0x00, 0x00, 0x00, 0x00, 0x00, 0x00, 0x00, 0x00, 0x00, 0x00,
  0x00, 0x00, 0x10, 0x00, 0x00, 0x10, 0x00, 0x00, 0x00, 0x00, 0x00, 0x00,
  0x00, 0x00, 0x00, 0x00, 0x00, 0x00, 0x00, 0x00, 0x00, 0x00, 0x00, 0x00,
  0x00, 0x00, 0x00, 0x00, 0x00, 0x00, 0x00, 0x00, 0x00, 0x00, 0x00, 0x00,
  0x00, 0x00, 0x10, 0x00, 0x00, 0x10, 0x00, 0x00, 0x00, 0x00, 0x00, 0x00,
  0x73, 0x73, 0x84, 0x73, 0x73, 0x84, 0x00, 0x00, 0x00, 0x00, 0x00, 0x00,
  0x00, 0x00, 0x00, 0x00, 0x00, 0x00, 0x00, 0x00, 0x00, 0x73, 0x73, 0x84,
  0x73, 0x73, 0x84, 0x73, 0x73, 0x84, 0x00, 0x00, 0x00, 0x00, 0x00, 0x00,
  0x00, 0x00, 0x00, 0x00, 0x00, 0x00, 0x00, 0x00, 0x00, 0x52, 0x52, 0x63,
  0x52, 0x52, 0x63, 0x00, 0x00, 0x00, 0x00, 0x00, 0x00, 0x00, 0x00, 0x00,
  0x00, 0x00, 0x10, 0x73, 0x73, 0x84, 0x00, 0x00, 0x00, 0x00, 0x00, 0x00,
  0x52, 0x52, 0x63, 0x31, 0x31, 0x42, 0x21, 0x21, 0x31, 0x31, 0x31, 0x42,
  0x21, 0x21, 0x31, 0x21, 0x21, 0x31, 0x21, 0x21, 0x31, 0x21, 0x21, 0x31,
  0x00, 0x00, 0x00, 0x00, 0x00, 0x00, 0x10, 0x10, 0x21, 0x00, 0x00, 0x00,
  0x10, 0x10, 0x21, 0x21, 0x21, 0x31, 0x00, 0x00, 0x00, 0x00, 0x00, 0x00,
  0x00, 0x00, 0x00, 0x00, 0x00, 0x00, 0x00, 0x00, 0x00, 0x73, 0x73, 0x84,
  0x73, 0x73, 0x84, 0x73, 0x73, 0x84, 0x73, 0x73, 0x84, 0x73, 0x73, 0x84,
  0x00, 0x00, 0x00, 0x00, 0x00, 0x00, 0x00, 0x00, 0x00, 0x00, 0x00, 0x00,
  0x73, 0x73, 0x84, 0x73, 0x73, 0x84, 0x73, 0x73, 0x84, 0x00, 0x00, 0x00,
  0x00, 0x00, 0x00, 0x00, 0x00, 0x00, 0x00, 0x00, 0x10, 0x00, 0x00, 0x10,
  0x73, 0x73, 0x84, 0x00, 0x00, 0x00, 0x00, 0x00, 0x00, 0x00, 0x00, 0x00,
  0x00, 0x00, 0x00, 0x00, 0x00, 0x00, 0x00, 0x00, 0x00, 0x00, 0x00, 0x00,
  0x00, 0x00, 0x00, 0x00, 0x00, 0x00, 0x73, 0x73, 0x84, 0x31, 0x31, 0x42,
  0x00, 0x00, 0x10, 0xf7, 0xf7, 0xf7, 0x00, 0x00, 0x00, 0x00, 0x00, 0x00,
  0x00, 0x00, 0x00, 0x00, 0x00, 0x00, 0x73, 0x73, 0x84, 0x10, 0x10, 0x21,
  0x10, 0x10, 0x21, 0x10, 0x10, 0x21, 0xf7, 0xf7, 0xf7, 0x10, 0x10, 0x21,
  0x10, 0x10, 0x21, 0x52, 0x52, 0x63, 0x10, 0x10, 0x21, 0x10, 0x10, 0x21,
  0xf7, 0xf7, 0xf7, 0xa5, 0x00, 0x00, 0x10, 0x10, 0x21, 0x10, 0x10, 0x21,
  0x73, 0x73, 0x84, 0x00, 0x00, 0x00, 0x00, 0x00, 0x00, 0x00, 0x00, 0x00,
  0x00, 0x00, 0x00, 0x00, 0x00, 0x10, 0x00, 0x00, 0x10, 0x31, 0x31, 0x42,
  0xb5, 0xb5, 0xc6, 0x00, 0x00, 0x00, 0x00, 0x00, 0x00, 0x00, 0x00, 0x00,
  0x00, 0x00, 0x00, 0x00, 0x00, 0x00, 0x00, 0x00, 0x00, 0x00, 0x00, 0x00,
  0x00, 0x00, 0x00, 0x00, 0x00, 0x00, 0x73, 0x73, 0x84, 0x00, 0x00, 0x10,
  0x00, 0x00, 0x10, 0x00, 0x00, 0x00, 0x00, 0x00, 0x00, 0x00, 0x00, 0x00,
  0x00, 0x00, 0x00, 0x00, 0x00, 0x00, 0x00, 0x00, 0x00, 0x31, 0x31, 0x42,
  0x21, 0x21, 0x31, 0x31, 0x31, 0x42, 0x21, 0x21, 0x31, 0x31, 0x31, 0x42,
  0x21, 0x21, 0x31, 0x31, 0x31, 0x42, 0x21, 0x21, 0x31, 0x21, 0x21, 0x31,
  0x31, 0x31, 0x42, 0x21, 0x21, 0x31, 0x21, 0x21, 0x31, 0x31, 0x31, 0x42,
  0x00, 0x00, 0x00, 0x00, 0x00, 0x00, 0x00, 0x00, 0x00, 0x00, 0x00, 0x00,
  0x00, 0x00, 0x00, 0x00, 0x00, 0x00, 0x00, 0x00, 0x10, 0x00, 0x00, 0x10,
  0x73, 0x73, 0x84, 0x00, 0x00, 0x00, 0x00, 0x00, 0x00, 0x00, 0x00, 0x00,
  0x00, 0x00, 0x00, 0x00, 0x00, 0x00, 0x00, 0x00, 0x00, 0x00, 0x00, 0x00,
  0x00, 0x00, 0x00, 0x73, 0x73, 0x84, 0x00, 0x00, 0x10, 0x00, 0x00, 0x10,
  0x00, 0x00, 0x00, 0x00, 0x00, 0x00, 0x00, 0x00, 0x00, 0x21, 0x21, 0x31,
  0x10, 0x10, 0x21, 0x00, 0x00, 0x00, 0x10, 0x10, 0x21, 0x00, 0x00, 0x00,
  0x00, 0x00, 0x00, 0x21, 0x21, 0x31, 0x00, 0x00, 0x00, 0x00, 0x00, 0x00,
  0x21, 0x21, 0x31, 0x31, 0x31, 0x42, 0x21, 0x21, 0x31, 0x31, 0x31, 0x42,
  0x52, 0x52, 0x63, 0x73, 0x73, 0x84, 0x73, 0x73, 0x84, 0x00, 0x00, 0x00,
  0x00, 0x00, 0x00, 0x00, 0x00, 0x10, 0x00, 0x00, 0x10, 0xf7, 0xf7, 0xf7,
  0x00, 0x00, 0x00, 0x00, 0x00, 0x00, 0x00, 0x00, 0x00, 0x00, 0x00, 0x00,
  0x00, 0x00, 0x00, 0x00, 0x00, 0x00, 0x00, 0x00, 0x00, 0x73, 0x73, 0x84,
  0xb5, 0xb5, 0xc6, 0xb5, 0xb5, 0xc6, 0x73, 0x73, 0x84, 0x52, 0x52, 0x63,
  0x00, 0x00, 0x10, 0x00, 0x00, 0x10, 0x00, 0x00, 0x10, 0x00, 0x00, 0x10,
  0x00, 0x00, 0x10, 0x00, 0x00, 0x10, 0x00, 0x00, 0x10, 0x00, 0x00, 0x10,
  0x00, 0x00, 0x10, 0x21, 0x21, 0x31, 0x21, 0x21, 0x31, 0x21, 0x21, 0x31,
  0x21, 0x21, 0x31, 0x21, 0x21, 0x31, 0x21, 0x21, 0x31, 0x00, 0x00, 0x10,
  0x21, 0x21, 0x31, 0x73, 0x73, 0x84, 0xb5, 0xb5, 0xc6, 0x73, 0x73, 0x84,
  0xb5, 0xb5, 0xc6, 0xb5, 0xb5, 0xc6, 0xb5, 0xb5, 0xc6, 0x21, 0x21, 0x31,
  0x21, 0x21, 0x31, 0x21, 0x21, 0x31, 0x21, 0x21, 0x31, 0x00, 0x00, 0x10,
  0x00, 0x00, 0x10, 0x00, 0x00, 0x10, 0x00, 0x00, 0x10, 0x00, 0x00, 0x10,
  0x00, 0x00, 0x10, 0x00, 0x00, 0x10, 0x00, 0x00, 0x10, 0x00, 0x00, 0x10,
  0x00, 0x00, 0x10, 0x00, 0x00, 0x10, 0x00, 0x00, 0x10, 0x00, 0x00, 0x10,
  0x00, 0x00, 0x10, 0x52, 0x52, 0x63, 0x73, 0x73, 0x84, 0xb5, 0xb5, 0xc6,
  0xb5, 0xb5, 0xc6, 0x73, 0x73, 0x84, 0x00, 0x00, 0x00, 0x00, 0x00, 0x00,
  0x00, 0x00, 0x00, 0x00, 0x00, 0x00, 0x00, 0x00, 0x00, 0x00, 0x00, 0x00,
  0x00, 0x00, 0x00, 0x00, 0x00, 0x10, 0x00, 0x00, 0x00, 0x00, 0x00, 0x00,
  0x00, 0x00, 0x00, 0x00, 0x00, 0x00, 0x00, 0x00, 0x00, 0x00, 0x00, 0x00,
  0x00, 0x00, 0x00, 0x00, 0x00, 0x00, 0x00, 0x00, 0x00, 0x00, 0x00, 0x00,
  0x73, 0x73, 0x84, 0x00, 0x00, 0x10, 0x00, 0x00, 0x10, 0x00, 0x00, 0x00,
  0x00, 0x00, 0x00, 0x00, 0x00, 0x00, 0x00, 0x00, 0x00, 0x00, 0x00, 0x00,
  0x00, 0x00, 0x00, 0x00, 0x00, 0x00, 0x73, 0x73, 0x84, 0x52, 0x52, 0x63,
  0x52, 0x52, 0x63, 0x52, 0x52, 0x63, 0x73, 0x73, 0x84, 0x00, 0x00, 0x00,
  0x00, 0x00, 0x00, 0x00, 0x00, 0x00, 0x00, 0x00, 0x00, 0x00, 0x00, 0x00,
  0x00, 0x00, 0x00, 0x00, 0x00, 0x00, 0x00, 0x00, 0x00, 0x00, 0x00, 0x10,
  0x73, 0x73, 0x84, 0x00, 0x00, 0x00, 0x00, 0x00, 0x00, 0x52, 0x52, 0x63,
  0x31, 0x31, 0x42, 0x31, 0x31, 0x42, 0x31, 0x31, 0x42, 0x21, 0x21, 0x31,
  0x21, 0x21, 0x31, 0x21, 0x21, 0x31, 0x21, 0x21, 0x31, 0x00, 0x00, 0x00,
  0x21, 0x21, 0x31, 0x00, 0x00, 0x00, 0x00, 0x00, 0x00, 0x10, 0x10, 0x21,
  0x21, 0x21, 0x31, 0x00, 0x00, 0x00, 0x00, 0x00, 0x00, 0x00, 0x00, 0x00,
  0x00, 0x00, 0x00, 0x00, 0x00, 0x00, 0x00, 0x00, 0x00, 0x00, 0x00, 0x00,
  0x00, 0x00, 0x00, 0x00, 0x00, 0x00, 0x00, 0x00, 0x00, 0x00, 0x00, 0x00,
  0x00, 0x00, 0x00, 0x00, 0x00, 0x00, 0x00, 0x00, 0x00, 0x00, 0x00, 0x00,
  0x00, 0x00, 0x00, 0x73, 0x73, 0x84, 0x00, 0x00, 0x00, 0x00, 0x00, 0x00,
  0x00, 0x00, 0x00, 0x00, 0x00, 0x10, 0x00, 0x00, 0x10, 0x31, 0x31, 0x42,
  0xb5, 0xb5, 0xc6, 0x00, 0x00, 0x00, 0x00, 0x00, 0x00, 0x00, 0x00, 0x00,
  0x00, 0x00, 0x00, 0x00, 0x00, 0x00, 0x00, 0x00, 0x00, 0x00, 0x00, 0x00,
  0x00, 0x00, 0x00, 0x00, 0x00, 0x00, 0x00, 0x00, 0x00, 0x73, 0x73, 0x84,
  0x31, 0x31, 0x42, 0x00, 0x00, 0x10, 0x00, 0x00, 0x10, 0x00, 0x00, 0x00,
  0x00, 0x00, 0x00, 0x73, 0x73, 0x84, 0x10, 0x10, 0x21, 0x10, 0x10, 0x21,
  0x10, 0x10, 0x21, 0x10, 0x10, 0x21, 0x52, 0x52, 0x63, 0x10, 0x10, 0x21,
  0x10, 0x10, 0x21, 0x10, 0x10, 0x21, 0x10, 0x10, 0x21, 0x10, 0x10, 0x21,
  0xa5, 0x00, 0x00, 0x84, 0x00, 0x00, 0x10, 0x10, 0x21, 0x10, 0x10, 0x21,
  0x10, 0x10, 0x21, 0x73, 0x73, 0x84, 0x00, 0x00, 0x00, 0x00, 0x00, 0x00,
  0x00, 0x00, 0x10, 0x00, 0x00, 0x10, 0x31, 0x31, 0x42, 0x73, 0x73, 0x84,
  0x00, 0x00, 0x00, 0x00, 0x00, 0x00, 0x00, 0x00, 0x00, 0x00, 0x00, 0x00,
  0x00, 0x00, 0x00, 0x00, 0x00, 0x00, 0x00, 0x00, 0x00, 0x00, 0x00, 0x00,
  0x00, 0x00, 0x00, 0x00, 0x00, 0x00, 0x73, 0x73, 0x84, 0x31, 0x31, 0x42,
  0x00, 0x00, 0x10, 0x00, 0x00, 0x10, 0x00, 0x00, 0x00, 0x00, 0x00, 0x00,
  0x00, 0x00, 0x00, 0x00, 0x00, 0x00, 0x00, 0x00, 0x00, 0x52, 0x52, 0x63,
  0x73, 0x73, 0x84, 0x52, 0x52, 0x63, 0x73, 0x73, 0x84, 0x52, 0x52, 0x63,
  0x73, 0x73, 0x84, 0x52, 0x52, 0x63, 0x73, 0x73, 0x84, 0x73, 0x73, 0x84,
  0x52, 0x52, 0x63, 0x73, 0x73, 0x84, 0x73, 0x73, 0x84, 0x52, 0x52, 0x63,
  0x00, 0x00, 0x00, 0x00, 0x00, 0x00, 0x00, 0x00, 0x00, 0x00, 0x00, 0x00,
  0x00, 0x00, 0x00, 0x00, 0x00, 0x10, 0x00, 0x00, 0x10, 0x31, 0x31, 0x42,
  0x73, 0x73, 0x84, 0x00, 0x00, 0x00, 0x00, 0x00, 0x00, 0x00, 0x00, 0x00,
  0x00, 0x00, 0x00, 0x00, 0x00, 0x00, 0x00, 0x00, 0x00, 0x00, 0x00, 0x00,
  0x00, 0x00, 0x00, 0x00, 0x00, 0x00, 0x73, 0x73, 0x84, 0x00, 0x00, 0x10,
  0x00, 0x00, 0x10, 0x00, 0x00, 0x00, 0x00, 0x00, 0x00, 0x21, 0x21, 0x31,
  0x21, 0x21, 0x31, 0x10, 0x10, 0x21, 0x00, 0x00, 0x00, 0x00, 0x00, 0x00,
  0x21, 0x21, 0x31, 0x00, 0x00, 0x00, 0x21, 0x21, 0x31, 0x21, 0x21, 0x31,
  0x21, 0x21, 0x31, 0x21, 0x21, 0x31, 0x31, 0x31, 0x42, 0x31, 0x31, 0x42,
  0x31, 0x31, 0x42, 0x52, 0x52, 0x63, 0x00, 0x00, 0x00, 0x00, 0x00, 0x00,
  0x00, 0x00, 0x10, 0x00, 0x00, 0x10, 0xf7, 0xf7, 0xf7, 0x00, 0x00, 0x00,
  0x00, 0x00, 0x00, 0x00, 0x00, 0x00, 0x00, 0x00, 0x00, 0x00, 0x00, 0x00,
  0x00, 0x00, 0x00, 0x00, 0x00, 0x00, 0x00, 0x00, 0x00, 0x00, 0x00, 0x00,
  0xb5, 0xb5, 0xc6, 0xb5, 0xb5, 0xc6, 0xb5, 0xb5, 0xc6, 0xb5, 0xb5, 0xc6,
  0xb5, 0xb5, 0xc6, 0x73, 0x73, 0x84, 0x00, 0x00, 0x10, 0x00, 0x00, 0x10,
  0x00, 0x00, 0x10, 0x00, 0x00, 0x10, 0x00, 0x00, 0x10, 0x00, 0x00, 0x10,
  0x00, 0x00, 0x10, 0x00, 0x00, 0x10, 0x00, 0x00, 0x10, 0x00, 0x00, 0x10,
  0x00, 0x00, 0x10, 0x00, 0x00, 0x10, 0x00, 0x00, 0x10, 0x00, 0x00, 0x10,
  0x00, 0x00, 0x10, 0x00, 0x00, 0x10, 0x00, 0x00, 0x10, 0x00, 0x00, 0x10,
  0x00, 0x00, 0x10, 0x00, 0x00, 0x10, 0x00, 0x00, 0x10, 0x00, 0x00, 0x10,
  0x00, 0x00, 0x10, 0x00, 0x00, 0x10, 0x00, 0x00, 0x10, 0x00, 0x00, 0x10,
  0x00, 0x00, 0x10, 0x00, 0x00, 0x10, 0x00, 0x00, 0x10, 0x00, 0x00, 0x10,
  0x00, 0x00, 0x10, 0x00, 0x00, 0x10, 0x00, 0x00, 0x10, 0x00, 0x00, 0x10,
  0x00, 0x00, 0x10, 0x00, 0x00, 0x10, 0x52, 0x52, 0x63, 0x73, 0x73, 0x84,
  0xb5, 0xb5, 0xc6, 0xb5, 0xb5, 0xc6, 0xb5, 0xb5, 0xc6, 0xb5, 0xb5, 0xc6,
  0xb5, 0xb5, 0xc6, 0x00, 0x00, 0x00, 0x00, 0x00, 0x00, 0x00, 0x00, 0x00,
  0x00, 0x00, 0x00, 0x00, 0x00, 0x00, 0x00, 0x00, 0x00, 0x00, 0x00, 0x00,
  0x00, 0x00, 0x00, 0x00, 0x00, 0x10, 0x00, 0x00, 0x00, 0x00, 0x00, 0x00,
  0x00, 0x00, 0x00, 0x00, 0x00, 0x00, 0x00, 0x00, 0x00, 0x00, 0x00, 0x00,
  0x00, 0x00, 0x00, 0x00, 0x00, 0x00, 0x00, 0x00, 0x00, 0x00, 0x00, 0x00,
  0x00, 0x00, 0x00, 0x73, 0x73, 0x84, 0x00, 0x00, 0x10, 0x00, 0x00, 0x10,
  0x00, 0x00, 0x00, 0x00, 0x00, 0x00, 0x00, 0x00, 0x00, 0x00, 0x00, 0x00,
  0x00, 0x00, 0x00, 0x00, 0x00, 0x00, 0x73, 0x73, 0x84, 0x10, 0x10, 0x21,
  0x10, 0x10, 0x21, 0x10, 0x10, 0x21, 0x73, 0x73, 0x84, 0x00, 0x00, 0x00,
  0x00, 0x00, 0x00, 0x00, 0x00, 0x00, 0x00, 0x00, 0x00, 0x00, 0x00, 0x00,
  0x00, 0x00, 0x00, 0x00, 0x00, 0x00, 0x00, 0x00, 0x10, 0x73, 0x73, 0x84,
  0x00, 0x00, 0x00, 0x00, 0x00, 0x00, 0x00, 0x00, 0x00, 0x52, 0x52, 0x63,
  0x31, 0x31, 0x42, 0x31, 0x31, 0x42, 0x21, 0x21, 0x31, 0x31, 0x31, 0x42,
  0x21, 0x21, 0x31, 0x21, 0x21, 0x31, 0x21, 0x21, 0x31, 0x21, 0x21, 0x31,
  0x00, 0x00, 0x00, 0x00, 0x00, 0x00, 0x10, 0x10, 0x21, 0x10, 0x10, 0x21,
  0x21, 0x21, 0x31, 0x00, 0x00, 0x00, 0x00, 0x00, 0x00, 0x00, 0x00, 0x00,
  0x00, 0x00, 0x00, 0x00, 0x00, 0x00, 0x00, 0x00, 0x00, 0x00, 0x00, 0x00,
  0x73, 0x73, 0x84, 0x73, 0x73, 0x84, 0x73, 0x73, 0x84, 0x00, 0x00, 0x00,
  0x00, 0x00, 0x00, 0x00, 0x00, 0x00, 0x00, 0x00, 0x00, 0x00, 0x00, 0x00,
  0x00, 0x00, 0x00, 0x00, 0x00, 0x00, 0x00, 0x00, 0x00, 0x00, 0x00, 0x00,
  0x00, 0x00, 0x10, 0x00, 0x00, 0x10, 0x31, 0x31, 0x42, 0x73, 0x73, 0x84,
  0x00, 0x00, 0x00, 0x00, 0x00, 0x00, 0x00, 0x00, 0x00, 0x00, 0x00, 0x00,
  0x00, 0x00, 0x00, 0x00, 0x00, 0x00, 0x00, 0x00, 0x00, 0x00, 0x00, 0x00,
  0x00, 0x00, 0x00, 0x00, 0x00, 0x00, 0x00, 0x00, 0x00, 0x00, 0x00, 0x00,
  0x73, 0x73, 0x84, 0x31, 0x31, 0x42, 0x00, 0x00, 0x10, 0xf7, 0xf7, 0xf7,
  0x00, 0x00, 0x00, 0x73, 0x73, 0x84, 0x10, 0x10, 0x21, 0x10, 0x10, 0x21,
  0xf7, 0xf7, 0xf7, 0x10, 0x10, 0x21, 0x10, 0x10, 0x21, 0x10, 0x10, 0x21,
  0x10, 0x10, 0x21, 0x10, 0x10, 0x21, 0x10, 0x10, 0x21, 0xa5, 0x00, 0x00,
  0x84, 0x00, 0x00, 0x10, 0x10, 0x21, 0xf7, 0xf7, 0xf7, 0x10, 0x10, 0x21,
  0x10, 0x10, 0x21, 0x73, 0x73, 0x84, 0x00, 0x00, 0x00, 0x00, 0x00, 0x10,
  0x00, 0x00, 0x10, 0x31, 0x31, 0x42, 0xb5, 0xb5, 0xc6, 0x00, 0x00, 0x00,
  0x00, 0x00, 0x00, 0x00, 0x00, 0x00, 0x00, 0x00, 0x00, 0x00, 0x00, 0x00,
  0x00, 0x00, 0x00, 0x00, 0x00, 0x00, 0x00, 0x00, 0x00, 0x00, 0x00, 0x00,
  0x00, 0x00, 0x00, 0x00, 0x00, 0x00, 0x00, 0x00, 0x00, 0x73, 0x73, 0x84,
  0x31, 0x31, 0x42, 0x00, 0x00, 0x10, 0x00, 0x00, 0x10, 0x00, 0x00, 0x00,
  0x00, 0x00, 0x00, 0x00, 0x00, 0x00, 0x00, 0x00, 0x00, 0x00, 0x00, 0x00,
  0x00, 0x00, 0x00, 0x00, 0x00, 0x00, 0x00, 0x00, 0x00, 0x00, 0x00, 0x00,
  0x00, 0x00, 0x00, 0x00, 0x00, 0x00, 0x00, 0x00, 0x00, 0x00, 0x00, 0x00,
  0x00, 0x00, 0x00, 0x00, 0x00, 0x00, 0x00, 0x00, 0x00, 0x00, 0x00, 0x00,
  0x00, 0x00, 0x00, 0x00, 0x00, 0x00, 0x00, 0x00, 0x00, 0x00, 0x00, 0x00,
  0x00, 0x00, 0x10, 0x00, 0x00, 0x10, 0x31, 0x31, 0x42, 0x73, 0x73, 0x84,
  0x00, 0x00, 0x00, 0x00, 0x00, 0x00, 0x00, 0x00, 0x00, 0x00, 0x00, 0x00,
  0x00, 0x00, 0x00, 0x00, 0x00, 0x00, 0x00, 0x00, 0x00, 0x00, 0x00, 0x00,
  0x00, 0x00, 0x00, 0x00, 0x00, 0x00, 0x00, 0x00, 0x00, 0x73, 0x73, 0x84,
  0x00, 0x00, 0x10, 0x00, 0x00, 0x10, 0x00, 0x00, 0x00, 0x00, 0x00, 0x00,
  0x21, 0x21, 0x31, 0x10, 0x10, 0x21, 0x10, 0x10, 0x21, 0x00, 0x00, 0x00,
  0x00, 0x00, 0x00, 0x21, 0x21, 0x31, 0x00, 0x00, 0x00, 0x21, 0x21, 0x31,
  0x21, 0x21, 0x31, 0x31, 0x31, 0x42, 0x21, 0x21, 0x31, 0x31, 0x31, 0x42,
  0x31, 0x31, 0x42, 0x52, 0x52, 0x63, 0x00, 0x00, 0x00, 0x00, 0x00, 0x10,
  0x00, 0x00, 0x10, 0xb5, 0xb5, 0xc6, 0x00, 0x00, 0x00, 0x00, 0x00, 0x00,
  0x00, 0x00, 0x00, 0x00, 0x00, 0x00, 0x00, 0x00, 0x00, 0x00, 0x00, 0x00,
  0x00, 0x00, 0x00, 0x00, 0x00, 0x00, 0x00, 0x00, 0x00, 0x00, 0x00, 0x00,
  0x73, 0x73, 0x84, 0xb5, 0xb5, 0xc6, 0xb5, 0xb5, 0xc6, 0xb5, 0xb5, 0xc6,
  0xb5, 0xb5, 0xc6, 0xb5, 0xb5, 0xc6, 0xb5, 0xb5, 0xc6, 0xb5, 0xb5, 0xc6,
  0xb5, 0xb5, 0xc6, 0xb5, 0xb5, 0xc6, 0xb5, 0xb5, 0xc6, 0xb5, 0xb5, 0xc6,
  0xb5, 0xb5, 0xc6, 0xb5, 0xb5, 0xc6, 0xb5, 0xb5, 0xc6, 0xb5, 0xb5, 0xc6,
  0xb5, 0xb5, 0xc6, 0xb5, 0xb5, 0xc6, 0xb5, 0xb5, 0xc6, 0xb5, 0xb5, 0xc6,
  0xb5, 0xb5, 0xc6, 0xb5, 0xb5, 0xc6, 0xb5, 0xb5, 0xc6, 0xb5, 0xb5, 0xc6,
  0xb5, 0xb5, 0xc6, 0xb5, 0xb5, 0xc6, 0xb5, 0xb5, 0xc6, 0xb5, 0xb5, 0xc6,
  0xb5, 0xb5, 0xc6, 0xb5, 0xb5, 0xc6, 0xb5, 0xb5, 0xc6, 0xb5, 0xb5, 0xc6,
  0xb5, 0xb5, 0xc6, 0xb5, 0xb5, 0xc6, 0xb5, 0xb5, 0xc6, 0xb5, 0xb5, 0xc6,
  0xb5, 0xb5, 0xc6, 0xb5, 0xb5, 0xc6, 0xb5, 0xb5, 0xc6, 0xb5, 0xb5, 0xc6,
  0xb5, 0xb5, 0xc6, 0xb5, 0xb5, 0xc6, 0xb5, 0xb5, 0xc6, 0xb5, 0xb5, 0xc6,
  0xb5, 0xb5, 0xc6, 0xb5, 0xb5, 0xc6, 0xb5, 0xb5, 0xc6, 0xb5, 0xb5, 0xc6,
  0x73, 0x73, 0x84, 0x00, 0x00, 0x00, 0x00, 0x00, 0x00, 0x00, 0x00, 0x00,
  0x00, 0x00, 0x00, 0x00, 0x00, 0x00, 0x00, 0x00, 0x00, 0x00, 0x00, 0x00,
  0x00, 0x00, 0x00, 0x00, 0x00, 0x10, 0x00, 0x00, 0x00, 0x00, 0x00, 0x00,
  0x00, 0x00, 0x00, 0x00, 0x00, 0x00, 0x00, 0x00, 0x00, 0x00, 0x00, 0x00,
  0x00, 0x00, 0x00, 0x00, 0x00, 0x00, 0x00, 0x00, 0x00, 0x00, 0x00, 0x00,
  0x00, 0x00, 0x00, 0x00, 0x00, 0x00, 0x73, 0x73, 0x84, 0x00, 0x00, 0x10,
  0x00, 0x00, 0x10, 0x00, 0x00, 0x00, 0x00, 0x00, 0x00, 0x00, 0x00, 0x00,
  0x00, 0x00, 0x00, 0x00, 0x00, 0x00, 0x00, 0x00, 0x00, 0x73, 0x73, 0x84,
  0x73, 0x73, 0x84, 0x73, 0x73, 0x84, 0x00, 0x00, 0x00, 0x00, 0x00, 0x00,
  0x00, 0x00, 0x00, 0x00, 0x00, 0x00, 0x00, 0x00, 0x00, 0x00, 0x00, 0x00,
  0x00, 0x00, 0x10, 0x00, 0x00, 0x10, 0x73, 0x73, 0x84, 0x00, 0x00, 0x00,
  0x00, 0x00, 0x00, 0x00, 0x00, 0x00, 0x00, 0x00, 0x00, 0x52, 0x52, 0x63,
  0x31, 0x31, 0x42, 0x31, 0x31, 0x42, 0x31, 0x31, 0x42, 0x21, 0x21, 0x31,
  0x21, 0x21, 0x31, 0x21, 0x21, 0x31, 0x21, 0x21, 0x31, 0x00, 0x00, 0x00,
  0x00, 0x00, 0x00, 0x00, 0x00, 0x00, 0x10, 0x10, 0x21, 0x21, 0x21, 0x31,
  0x00, 0x00, 0x00, 0x00, 0x00, 0x00, 0x00, 0x00, 0x00, 0x00, 0x00, 0x00,
  0x00, 0x00, 0x00, 0x00, 0x00, 0x00, 0x00, 0x00, 0x00, 0x73, 0x73, 0x84,
  0x10, 0x10, 0x21, 0x10, 0x10, 0x21, 0x10, 0x10, 0x21, 0x73, 0x73, 0x84,
  0x00, 0x00, 0x00, 0x00, 0x00, 0x00, 0x00, 0x00, 0x00, 0x00, 0x00, 0x00,
  0x00, 0x00, 0x00, 0x00, 0x00, 0x00, 0x00, 0x00, 0x00, 0x00, 0x00, 0x10,
  0x00, 0x00, 0x10, 0x31, 0x31, 0x42, 0xb5, 0xb5, 0xc6, 0x00, 0x00, 0x00,
  0x00, 0x00, 0x00, 0x00, 0x00, 0x00, 0x00, 0x00, 0x00, 0x00, 0x00, 0x00,
  0x00, 0x00, 0x00, 0x00, 0x00, 0x00, 0x00, 0x00, 0x00, 0x00, 0x00, 0x00,
  0x00, 0x00, 0x00, 0x00, 0x00, 0x00, 0x00, 0x00, 0x00, 0x00, 0x00, 0x00,
  0x00, 0x00, 0x00, 0x73, 0x73, 0x84, 0x31, 0x31, 0x42, 0x00, 0x00, 0x10,
  0x00, 0x00, 0x10, 0x00, 0x00, 0x00, 0x73, 0x73, 0x84, 0x10, 0x10, 0x21,
  0x52, 0x52, 0x63, 0x10, 0x10, 0x21, 0x10, 0x10, 0x21, 0x10, 0x10, 0x21,
  0x10, 0x10, 0x21, 0x10, 0x10, 0x21, 0xa5, 0x00, 0x00, 0x84, 0x00, 0x00,
  0x10, 0x10, 0x21, 0x10, 0x10, 0x21, 0x52, 0x52, 0x63, 0x10, 0x10, 0x21,
  0x73, 0x73, 0x84, 0x00, 0x00, 0x00, 0x00, 0x00, 0x10, 0x00, 0x00, 0x10,
  0x31, 0x31, 0x42, 0x73, 0x73, 0x84, 0x00, 0x00, 0x00, 0x00, 0x00, 0x00,
  0x00, 0x00, 0x00, 0x00, 0x00, 0x00, 0x00, 0x00, 0x00, 0x00, 0x00, 0x00,
  0x00, 0x00, 0x00, 0x00, 0x00, 0x00, 0x00, 0x00, 0x00, 0x00, 0x00, 0x00,
  0x00, 0x00, 0x00, 0x00, 0x00, 0x00, 0x00, 0x00, 0x00, 0x00, 0x00, 0x00,
  0x73, 0x73, 0x84, 0x31, 0x31, 0x42, 0x00, 0x00, 0x10, 0x00, 0x00, 0x10,
  0x00, 0x00, 0x00, 0x00, 0x00, 0x00, 0x00, 0x00, 0x00, 0x00, 0x00, 0x00,
  0x00, 0x00, 0x00, 0x00, 0x00, 0x00, 0x00, 0x00, 0x00, 0x00, 0x00, 0x00,
  0x00, 0x00, 0x00, 0x00, 0x00, 0x00, 0x00, 0x00, 0x00, 0x00, 0x00, 0x00,
  0x00, 0x00, 0x00, 0x00, 0x00, 0x00, 0x00, 0x00, 0x00, 0x00, 0x00, 0x00,
  0x00, 0x00, 0x00, 0x00, 0x00, 0x00, 0x00, 0x00, 0x00, 0x00, 0x00, 0x10,
  0x00, 0x00, 0x10, 0x31, 0x31, 0x42, 0x73, 0x73, 0x84, 0x00, 0x00, 0x00,
  0x00, 0x00, 0x00, 0x00, 0x00, 0x00, 0x00, 0x00, 0x00, 0x00, 0x00, 0x00,
  0x00, 0x00, 0x00, 0x00, 0x00, 0x00, 0x00, 0x00, 0x00, 0x00, 0x00, 0x00,
  0x00, 0x00, 0x00, 0x00, 0x00, 0x00, 0x00, 0x00, 0x00, 0x00, 0x00, 0x00,
  0x73, 0x73, 0x84, 0x00, 0x00, 0x10, 0x00, 0x00, 0x10, 0x00, 0x00, 0x10,
  0x21, 0x21, 0x31, 0x21, 0x21, 0x31, 0x10, 0x10, 0x21, 0x00, 0x00, 0x00,
  0x00, 0x00, 0x00, 0x00, 0x00, 0x00, 0x21, 0x21, 0x31, 0x21, 0x21, 0x31,
  0x21, 0x21, 0x31, 0x21, 0x21, 0x31, 0x31, 0x31, 0x42, 0x31, 0x31, 0x42,
  0x31, 0x31, 0x42, 0x52, 0x52, 0x63, 0x00, 0x00, 0x10, 0x00, 0x00, 0x10,
  0x73, 0x73, 0x84, 0x00, 0x00, 0x00, 0x00, 0x00, 0x00, 0x00, 0x00, 0x00,
  0x00, 0x00, 0x00, 0x00, 0x00, 0x00, 0x00, 0x00, 0x00, 0x00, 0x00, 0x00,
  0x00, 0x00, 0x00, 0x00, 0x00, 0x00, 0x00, 0x00, 0x00, 0x00, 0x00, 0x10,
  0x21, 0x21, 0x31, 0x21, 0x21, 0x31, 0x73, 0x73, 0x84, 0x73, 0x73, 0x84,
  0xb5, 0xb5, 0xc6, 0xb5, 0xb5, 0xc6, 0xb5, 0xb5, 0xc6, 0xb5, 0xb5, 0xc6,
  0xb5, 0xb5, 0xc6, 0xb5, 0xb5, 0xc6, 0xb5, 0xb5, 0xc6, 0xb5, 0xb5, 0xc6,
  0xb5, 0xb5, 0xc6, 0xb5, 0xb5, 0xc6, 0xb5, 0xb5, 0xc6, 0xb5, 0xb5, 0xc6,
  0xb5, 0xb5, 0xc6, 0xb5, 0xb5, 0xc6, 0xb5, 0xb5, 0xc6, 0xb5, 0xb5, 0xc6,
  0xb5, 0xb5, 0xc6, 0xb5, 0xb5, 0xc6, 0xb5, 0xb5, 0xc6, 0xb5, 0xb5, 0xc6,
  0xb5, 0xb5, 0xc6, 0xb5, 0xb5, 0xc6, 0xb5, 0xb5, 0xc6, 0xb5, 0xb5, 0xc6,
  0xb5, 0xb5, 0xc6, 0xb5, 0xb5, 0xc6, 0xb5, 0xb5, 0xc6, 0xb5, 0xb5, 0xc6,
  0xb5, 0xb5, 0xc6, 0xb5, 0xb5, 0xc6, 0xb5, 0xb5, 0xc6, 0xb5, 0xb5, 0xc6,
  0xb5, 0xb5, 0xc6, 0xb5, 0xb5, 0xc6, 0xb5, 0xb5, 0xc6, 0xb5, 0xb5, 0xc6,
  0xb5, 0xb5, 0xc6, 0xb5, 0xb5, 0xc6, 0xb5, 0xb5, 0xc6, 0xb5, 0xb5, 0xc6,
  0xb5, 0xb5, 0xc6, 0x73, 0x73, 0x84, 0x73, 0x73, 0x84, 0x00, 0x00, 0x00,
  0x00, 0x00, 0x00, 0x00, 0x00, 0x00, 0x00, 0x00, 0x00, 0x00, 0x00, 0x00,
  0x00, 0x00, 0x00, 0x00, 0x00, 0x00, 0x00, 0x00, 0x00, 0x00, 0x00, 0x00,
  0x00, 0x00, 0x00, 0x00, 0x00, 0x10, 0x00, 0x00, 0x00, 0x00, 0x00, 0x00,
  0x00, 0x00, 0x00, 0x00, 0x00, 0x00, 0x00, 0x00, 0x00, 0x00, 0x00, 0x00,
  0x00, 0x00, 0x00, 0x00, 0x00, 0x00, 0x00, 0x00, 0x00, 0x00, 0x00, 0x00,
  0x00, 0x00, 0x00, 0x00, 0x00, 0x00, 0x00, 0x00, 0x00, 0x73, 0x73, 0x84,
  0x73, 0x73, 0x84, 0x00, 0x00, 0x10, 0x00, 0x00, 0x10, 0x00, 0x00, 0x00,
  0x00, 0x00, 0x00, 0x00, 0x00, 0x00, 0x00, 0x00, 0x00, 0x00, 0x00, 0x00,
  0x00, 0x00, 0x00, 0x00, 0x00, 0x00, 0x00, 0x00, 0x00, 0x00, 0x00, 0x00,
  0x00, 0x00, 0x00, 0x00, 0x00, 0x00, 0x00, 0x00, 0x10, 0x00, 0x00, 0x10,
  0x73, 0x73, 0x84, 0x73, 0x73, 0x84, 0x00, 0x00, 0x00, 0x00, 0x00, 0x00,
  0x00, 0x00, 0x00, 0x00, 0x00, 0x00, 0x52, 0x52, 0x63, 0x31, 0x31, 0x42,
  0x73, 0x73, 0x84, 0x31, 0x31, 0x42, 0x21, 0x21, 0x31, 0x21, 0x21, 0x31,
  0x21, 0x21, 0x31, 0x21, 0x21, 0x31, 0x00, 0x00, 0x00, 0x21, 0x21, 0x31,
  0x10, 0x10, 0x21, 0x00, 0x00, 0x00, 0x10, 0x10, 0x21, 0x21, 0x21, 0x31,
  0x00, 0x00, 0x10, 0x00, 0x00, 0x00, 0x00, 0x00, 0x00, 0x00, 0x00, 0x00,
  0x00, 0x00, 0x00, 0x00, 0x00, 0x00, 0x00, 0x00, 0x00, 0x00, 0x00, 0x00,
  0x73, 0x73, 0x84, 0x73, 0x73, 0x84, 0x73, 0x73, 0x84, 0x00, 0x00, 0x00,
  0x00, 0x00, 0x00, 0x00, 0x00, 0x00, 0x00, 0x00, 0x00, 0x00, 0x00, 0x00,
  0x00, 0x00, 0x00, 0x00, 0x00, 0x10, 0x00, 0x00, 0x10, 0x00, 0x00, 0x10,
  0x31, 0x31, 0x42, 0x73, 0x73, 0x84, 0x00, 0x00, 0x00, 0x00, 0x00, 0x00,
  0x00, 0x00, 0x00, 0x00, 0x00, 0x00, 0x00, 0x00, 0x00, 0x00, 0x00, 0x00,
  0x00, 0x00, 0x00, 0x00, 0x00, 0x00, 0x00, 0x00, 0x00, 0x00, 0x00, 0x00,
  0x00, 0x00, 0x00, 0x00, 0x00, 0x00, 0x00, 0x00, 0x00, 0x00, 0x00, 0x00,
  0x00, 0x00, 0x00, 0x00, 0x00, 0x00, 0x73, 0x73, 0x84, 0x31, 0x31, 0x42,
  0x00, 0x00, 0x10, 0x00, 0x00, 0x10, 0x00, 0x00, 0x10, 0x73, 0x73, 0x84,
  0x73, 0x73, 0x84, 0x10, 0x10, 0x21, 0x10, 0x10, 0x21, 0x10, 0x10, 0x21,
  0x10, 0x10, 0x21, 0xa5, 0x00, 0x00, 0x84, 0x00, 0x00, 0x10, 0x10, 0x21,
  0x10, 0x10, 0x21, 0x10, 0x10, 0x21, 0x73, 0x73, 0x84, 0x73, 0x73, 0x84,
  0x00, 0x00, 0x10, 0x00, 0x00, 0x10, 0x00, 0x00, 0x10, 0x31, 0x31, 0x42,
  0x73, 0x73, 0x84, 0x00, 0x00, 0x00, 0x00, 0x00, 0x00, 0x00, 0x00, 0x00,
  0x00, 0x00, 0x00, 0x00, 0x00, 0x00, 0x00, 0x00, 0x00, 0x00, 0x00, 0x00,
  0x00, 0x00, 0x00, 0x00, 0x00, 0x00, 0x00, 0x00, 0x00, 0x00, 0x00, 0x00,
  0x00, 0x00, 0x00, 0x00, 0x00, 0x00, 0x00, 0x00, 0x00, 0x00, 0x00, 0x00,
  0x00, 0x00, 0x00, 0x73, 0x73, 0x84, 0x31, 0x31, 0x42, 0x00, 0x00, 0x10,
  0x00, 0x00, 0x10, 0x00, 0x00, 0x10, 0x00, 0x00, 0x10, 0x00, 0x00, 0x00,
  0x00, 0x00, 0x00, 0x00, 0x00, 0x00, 0x00, 0x00, 0x00, 0x00, 0x00, 0x00,
  0x00, 0x00, 0x00, 0x00, 0x00, 0x00, 0x00, 0x00, 0x00, 0x00, 0x00, 0x00,
  0x00, 0x00, 0x00, 0x00, 0x00, 0x00, 0x00, 0x00, 0x00, 0x00, 0x00, 0x00,
  0x00, 0x00, 0x10, 0x00, 0x00, 0x10, 0x00, 0x00, 0x10, 0x00, 0x00, 0x10,
  0x31, 0x31, 0x42, 0x73, 0x73, 0x84, 0x00, 0x00, 0x00, 0x00, 0x00, 0x00,
  0x00, 0x00, 0x00, 0x00, 0x00, 0x00, 0x00, 0x00, 0x00, 0x00, 0x00, 0x00,
  0x00, 0x00, 0x00, 0x00, 0x00, 0x00, 0x00, 0x00, 0x00, 0x00, 0x00, 0x00,
  0x00, 0x00, 0x00, 0x00, 0x00, 0x00, 0x00, 0x00, 0x00, 0x00, 0x00, 0x00,
  0x00, 0x00, 0x00, 0x73, 0x73, 0x84, 0x73, 0x73, 0x84, 0x00, 0x00, 0x10,
  0x00, 0x00, 0x10, 0x21, 0x21, 0x31, 0x10, 0x10, 0x21, 0x00, 0x00, 0x00,
  0x10, 0x10, 0x21, 0x21, 0x21, 0x31, 0x00, 0x00, 0x00, 0x21, 0x21, 0x31,
  0x00, 0x00, 0x00, 0x21, 0x21, 0x31, 0x21, 0x21, 0x31, 0x31, 0x31, 0x42,
  0x73, 0x73, 0x84, 0x31, 0x31, 0x42, 0x52, 0x52, 0x63, 0x73, 0x73, 0x84,
  0x00, 0x00, 0x00, 0x00, 0x00, 0x00, 0x00, 0x00, 0x00, 0x00, 0x00, 0x00,
  0x00, 0x00, 0x00, 0x00, 0x00, 0x00, 0x00, 0x00, 0x00, 0x00, 0x00, 0x00,
  0x00, 0x00, 0x00, 0x00, 0x00, 0x00, 0x00, 0x00, 0x00, 0x00, 0x00, 0x10,
  0x21, 0x21, 0x31, 0x21, 0x21, 0x31, 0x21, 0x21, 0x31, 0x31, 0x31, 0x42,
  0x21, 0x21, 0x31, 0x31, 0x31, 0x42, 0x21, 0x21, 0x31, 0x31, 0x31, 0x42,
  0x21, 0x21, 0x31, 0x00, 0x00, 0x00, 0x00, 0x00, 0x00, 0x00, 0x00, 0x00,
  0x00, 0x00, 0x00, 0x00, 0x00, 0x00, 0x00, 0x00, 0x00, 0x00, 0x00, 0x00,
  0x00, 0x00, 0x00, 0x00, 0x00, 0x00, 0x00, 0x00, 0x00, 0x00, 0x00, 0x00,
  0x00, 0x00, 0x00, 0x00, 0x00, 0x00, 0x00, 0x00, 0x00, 0x00, 0x00, 0x00,
  0x00, 0x00, 0x00, 0x00, 0x00, 0x00, 0x00, 0x00, 0x00, 0x00, 0x00, 0x00,
  0x00, 0x00, 0x00, 0x00, 0x00, 0x00, 0x00, 0x00, 0x00, 0x00, 0x00, 0x00,
  0x00, 0x00, 0x00, 0x00, 0x00, 0x00, 0x00, 0x00, 0x00, 0x00, 0x00, 0x00,
  0x00, 0x00, 0x00, 0x00, 0x00, 0x00, 0x00, 0x00, 0x00, 0x00, 0x00, 0x00,
  0x00, 0x00, 0x00, 0x00, 0x00, 0x00, 0x00, 0x00, 0x00, 0x00, 0x00, 0x00,
  0x00, 0x00, 0x00, 0x00, 0x00, 0x00, 0x00, 0x00, 0x00, 0x00, 0x00, 0x00,
  0x00, 0x00, 0x00, 0x00, 0x00, 0x00, 0x00, 0x00, 0x00, 0x00, 0x00, 0x00,
  0x00, 0x00, 0x00, 0x00, 0x00, 0x00, 0x00, 0x00, 0x00, 0x00, 0x00, 0x00,
  0x00, 0x00, 0x10, 0x00, 0x00, 0x10, 0x00, 0x00, 0x00, 0x00, 0x00, 0x00,
  0x00, 0x00, 0x00, 0x00, 0x00, 0x00, 0x00, 0x00, 0x00, 0x00, 0x00, 0x00,
  0x00, 0x00, 0x00, 0x00, 0x00, 0x00, 0x00, 0x00, 0x00, 0x00, 0x00, 0x00,
  0x00, 0x00, 0x00, 0x00, 0x00, 0x00, 0x00, 0x00, 0x00, 0x00, 0x00, 0x00,
  0x00, 0x00, 0x00, 0x73, 0x73, 0x84, 0x73, 0x73, 0x84, 0x00, 0x00, 0x10,
  0x00, 0x00, 0x10, 0x00, 0x00, 0x10, 0x00, 0x00, 0x00, 0x00, 0x00, 0x00,
  0x00, 0x00, 0x00, 0x00, 0x00, 0x00, 0x00, 0x00, 0x00, 0x00, 0x00, 0x10,
  0x00, 0x00, 0x10, 0x00, 0x00, 0x10, 0x73, 0x73, 0x84, 0x73, 0x73, 0x84,
  0x00, 0x00, 0x00, 0x00, 0x00, 0x00, 0x00, 0x00, 0x00, 0x00, 0x00, 0x00,
  0x00, 0x00, 0x00, 0x00, 0x00, 0x00, 0x52, 0x52, 0x63, 0x31, 0x31, 0x42,
  0x31, 0x31, 0x42, 0x21, 0x21, 0x31, 0x31, 0x31, 0x42, 0x21, 0x21, 0x31,
  0x21, 0x21, 0x31, 0x21, 0x21, 0x31, 0x21, 0x21, 0x31, 0x00, 0x00, 0x00,
  0x00, 0x00, 0x00, 0x10, 0x10, 0x21, 0x10, 0x10, 0x21, 0x21, 0x21, 0x31,
  0x00, 0x00, 0x10, 0x00, 0x00, 0x10, 0x00, 0x00, 0x10, 0x00, 0x00, 0x10,
  0x00, 0x00, 0x10, 0x00, 0x00, 0x00, 0x00, 0x00, 0x00, 0x00, 0x00, 0x00,
  0x00, 0x00, 0x00, 0x00, 0x00, 0x00, 0x00, 0x00, 0x00, 0x00, 0x00, 0x00,
  0x00, 0x00, 0x00, 0x00, 0x00, 0x00, 0x00, 0x00, 0x10, 0x00, 0x00, 0x10,
  0x00, 0x00, 0x10, 0x00, 0x00, 0x10, 0x31, 0x31, 0x42, 0xb5, 0xb5, 0xc6,
  0x73, 0x73, 0x84, 0x00, 0x00, 0x00, 0x00, 0x00, 0x00, 0x00, 0x00, 0x00,
  0x00, 0x00, 0x00, 0x00, 0x00, 0x00, 0x00, 0x00, 0x00, 0x00, 0x00, 0x00,
  0x00, 0x00, 0x00, 0x00, 0x00, 0x00, 0x00, 0x00, 0x00, 0x00, 0x00, 0x00,
  0x00, 0x00, 0x00, 0x00, 0x00, 0x00, 0x00, 0x00, 0x00, 0x00, 0x00, 0x00,
  0x00, 0x00, 0x00, 0x00, 0x00, 0x00, 0x00, 0x00, 0x00, 0x73, 0x73, 0x84,
  0x73, 0x73, 0x84, 0x31, 0x31, 0x42, 0x00, 0x00, 0x10, 0x00, 0x00, 0x10,
  0x00, 0x00, 0x10, 0x73, 0x73, 0x84, 0x73, 0x73, 0x84, 0x10, 0x10, 0x21,
  0x10, 0x10, 0x21, 0x10, 0x10, 0x21, 0x10, 0x10, 0x21, 0x10, 0x10, 0x21,
  0x73, 0x73, 0x84, 0x73, 0x73, 0x84, 0x00, 0x00, 0x10, 0x00, 0x00, 0x10,
  0x00, 0x00, 0x10, 0x31, 0x31, 0x42, 0x73, 0x73, 0x84, 0x73, 0x73, 0x84,
  0x00, 0x00, 0x00, 0x00, 0x00, 0x00, 0x00, 0x00, 0x00, 0x00, 0x00, 0x00,
  0x00, 0x00, 0x00, 0x00, 0x00, 0x00, 0x00, 0x00, 0x00, 0x00, 0x00, 0x00,
  0x00, 0x00, 0x00, 0x00, 0x00, 0x00, 0x00, 0x00, 0x00, 0x00, 0x00, 0x00,
  0x00, 0x00, 0x00, 0x00, 0x00, 0x00, 0x00, 0x00, 0x00, 0x00, 0x00, 0x00,
  0x00, 0x00, 0x00, 0x00, 0x00, 0x00, 0xb5, 0xb5, 0xc6, 0x73, 0x73, 0x84,
  0x31, 0x31, 0x42, 0x31, 0x31, 0x42, 0x00, 0x00, 0x10, 0x00, 0x00, 0x10,
  0x00, 0x00, 0x10, 0x00, 0x00, 0x10, 0x00, 0x00, 0x00, 0x00, 0x00, 0x00,
  0x00, 0x00, 0x00, 0x00, 0x00, 0x00, 0x00, 0x00, 0x00, 0x00, 0x00, 0x00,
  0x00, 0x00, 0x00, 0x00, 0x00, 0x10, 0x00, 0x00, 0x10, 0x00, 0x00, 0x10,
  0x00, 0x00, 0x10, 0x31, 0x31, 0x42, 0x31, 0x31, 0x42, 0x73, 0x73, 0x84,
  0x73, 0x73, 0x84, 0x00, 0x00, 0x00, 0x00, 0x00, 0x00, 0x00, 0x00, 0x00,
  0x00, 0x00, 0x00, 0x00, 0x00, 0x00, 0x00, 0x00, 0x00, 0x00, 0x00, 0x00,
  0x00, 0x00, 0x00, 0x00, 0x00, 0x00, 0x00, 0x00, 0x00, 0x00, 0x00, 0x00,
  0x00, 0x00, 0x00, 0x00, 0x00, 0x00, 0x00, 0x00, 0x00, 0x00, 0x00, 0x00,
  0x00, 0x00, 0x00, 0x00, 0x00, 0x00, 0x00, 0x00, 0x00, 0x73, 0x73, 0x84,
  0x73, 0x73, 0x84, 0x21, 0x21, 0x31, 0x10, 0x10, 0x21, 0x10, 0x10, 0x21,
  0x00, 0x00, 0x00, 0x00, 0x00, 0x00, 0x21, 0x21, 0x31, 0x21, 0x21, 0x31,
  0x21, 0x21, 0x31, 0x21, 0x21, 0x31, 0x31, 0x31, 0x42, 0x21, 0x21, 0x31,
  0x31, 0x31, 0x42, 0x31, 0x31, 0x42, 0x52, 0x52, 0x63, 0x00, 0x00, 0x00,
  0x00, 0x00, 0x00, 0x00, 0x00, 0x00, 0x00, 0x00, 0x00, 0x00, 0x00, 0x00,
  0x00, 0x00, 0x00, 0x00, 0x00, 0x00, 0x00, 0x00, 0x00, 0x00, 0x00, 0x00,
  0x00, 0x00, 0x00, 0x00, 0x00, 0x00, 0x00, 0x00, 0x10, 0x21, 0x21, 0x31,
  0x21, 0x21, 0x31, 0x21, 0x21, 0x31, 0x31, 0x31, 0x42, 0x21, 0x21, 0x31,
  0x21, 0x21, 0x31, 0x31, 0x31, 0x42, 0x31, 0x31, 0x42, 0x31, 0x31, 0x42,
  0x21, 0x21, 0x31, 0x00, 0x00, 0x00, 0x00, 0x00, 0x00, 0x00, 0x00, 0x00,
  0x00, 0x00, 0x00, 0x00, 0x00, 0x00, 0x00, 0x00, 0x00, 0x00, 0x00, 0x00,
  0x00, 0x00, 0x00, 0x00, 0x00, 0x00, 0x00, 0x00, 0x00, 0x00, 0x00, 0x00,
  0x00, 0x00, 0x00, 0x00, 0x00, 0x00, 0x00, 0x00, 0x00, 0x00, 0x00, 0x00,
  0x00, 0x00, 0x00, 0x00, 0x00, 0x00, 0x00, 0x00, 0x00, 0x00, 0x00, 0x00,
  0x00, 0x00, 0x00, 0x00, 0x00, 0x00, 0x00, 0x00, 0x00, 0x00, 0x00, 0x00,
  0x00, 0x00, 0x00, 0x00, 0x00, 0x00, 0x00, 0x00, 0x00, 0x00, 0x00, 0x00,
  0x00, 0x00, 0x00, 0x00, 0x00, 0x00, 0x00, 0x00, 0x00, 0x00, 0x00, 0x00,
  0x00, 0x00, 0x00, 0x00, 0x00, 0x00, 0x00, 0x00, 0x00, 0x00, 0x00, 0x00,
  0x00, 0x00, 0x00, 0x00, 0x00, 0x00, 0x00, 0x00, 0x00, 0x00, 0x00, 0x00,
  0x00, 0x00, 0x00, 0x00, 0x00, 0x00, 0x00, 0x00, 0x00, 0x00, 0x00, 0x00,
  0x00, 0x00, 0x00, 0x00, 0x00, 0x00, 0x00, 0x00, 0x00, 0x00, 0x00, 0x00,
  0x00, 0x00, 0x00, 0x00, 0x00, 0x10, 0x00, 0x00, 0x00, 0x00, 0x00, 0x00,
  0x00, 0x00, 0x00, 0x00, 0x00, 0x00, 0x00, 0x00, 0x00, 0x00, 0x00, 0x00,
  0x00, 0x00, 0x00, 0x00, 0x00, 0x00, 0x00, 0x00, 0x00, 0x00, 0x00, 0x00,
  0x00, 0x00, 0x00, 0x00, 0x00, 0x00, 0x00, 0x00, 0x00, 0x00, 0x00, 0x00,
  0x00, 0x00, 0x00, 0x00, 0x00, 0x00, 0x00, 0x00, 0x00, 0x73, 0x73, 0x84,
  0x73, 0x73, 0x84, 0x73, 0x73, 0x84, 0x00, 0x00, 0x10, 0x00, 0x00, 0x10,
  0x00, 0x00, 0x10, 0x00, 0x00, 0x10, 0x00, 0x00, 0x10, 0x73, 0x73, 0x84,
  0x73, 0x73, 0x84, 0x73, 0x73, 0x84, 0x00, 0x00, 0x00, 0x00, 0x00, 0x00,
  0x00, 0x00, 0x00, 0x00, 0x00, 0x00, 0x00, 0x00, 0x00, 0x00, 0x00, 0x00,
  0x00, 0x00, 0x00, 0x00, 0x00, 0x00, 0x52, 0x52, 0x63, 0x31, 0x31, 0x42,
  0x21, 0x21, 0x31, 0x31, 0x31, 0x42, 0x21, 0x21, 0x31, 0x21, 0x21, 0x31,
  0x21, 0x21, 0x31, 0x21, 0x21, 0x31, 0x00, 0x00, 0x00, 0x00, 0x00, 0x00,
  0x10, 0x10, 0x21, 0x10, 0x10, 0x21, 0x21, 0x21, 0x31, 0x00, 0x00, 0x00,
  0x73, 0x73, 0x84, 0x73, 0x73, 0x84, 0x31, 0x31, 0x42, 0x31, 0x31, 0x42,
  0x00, 0x00, 0x10, 0x00, 0x00, 0x10, 0x00, 0x00, 0x10, 0x00, 0x00, 0x10,
  0x00, 0x00, 0x10, 0x00, 0x00, 0x10, 0x00, 0x00, 0x10, 0x00, 0x00, 0x10,
  0x00, 0x00, 0x10, 0x00, 0x00, 0x10, 0x00, 0x00, 0x10, 0x31, 0x31, 0x42,
  0x31, 0x31, 0x42, 0x73, 0x73, 0x84, 0x73, 0x73, 0x84, 0x00, 0x00, 0x00,
  0x00, 0x00, 0x00, 0x00, 0x00, 0x00, 0x00, 0x00, 0x00, 0x00, 0x00, 0x00,
  0x00, 0x00, 0x00, 0x00, 0x00, 0x00, 0x00, 0x00, 0x00, 0x00, 0x00, 0x00,
  0x00, 0x00, 0x00, 0x00, 0x00, 0x00, 0x00, 0x00, 0x00, 0x00, 0x00, 0x00,
  0x00, 0x00, 0x00, 0x00, 0x00, 0x00, 0x00, 0x00, 0x00, 0x00, 0x00, 0x00,
  0x00, 0x00, 0x00, 0x00, 0x00, 0x00, 0x00, 0x00, 0x00, 0x00, 0x00, 0x00,
  0x00, 0x00, 0x00, 0x73, 0x73, 0x84, 0x73, 0x73, 0x84, 0x31, 0x31, 0x42,
  0x31, 0x31, 0x42, 0x10, 0x10, 0x21, 0x10, 0x10, 0x21, 0x73, 0x73, 0x84,
  0x73, 0x73, 0x84, 0x73, 0x73, 0x84, 0x73, 0x73, 0x84, 0x73, 0x73, 0x84,
  0x10, 0x10, 0x21, 0x10, 0x10, 0x21, 0x31, 0x31, 0x42, 0x31, 0x31, 0x42,
  0x73, 0x73, 0x84, 0xb5, 0xb5, 0xc6, 0x00, 0x00, 0x00, 0x00, 0x00, 0x00,
  0x00, 0x00, 0x00, 0x00, 0x00, 0x00, 0x00, 0x00, 0x00, 0x00, 0x00, 0x00,
  0x00, 0x00, 0x00, 0x00, 0x00, 0x00, 0x00, 0x00, 0x00, 0x00, 0x00, 0x00,
  0x00, 0x00, 0x00, 0x00, 0x00, 0x00, 0x00, 0x00, 0x00, 0x00, 0x00, 0x00,
  0x00, 0x00, 0x00, 0x00, 0x00, 0x00, 0x00, 0x00, 0x00, 0x00, 0x00, 0x00,
  0x00, 0x00, 0x00, 0x00, 0x00, 0x00, 0x00, 0x00, 0x00, 0x00, 0x00, 0x00,
  0xb5, 0xb5, 0xc6, 0x73, 0x73, 0x84, 0x31, 0x31, 0x42, 0x31, 0x31, 0x42,
  0x31, 0x31, 0x42, 0x00, 0x00, 0x10, 0x00, 0x00, 0x10, 0x00, 0x00, 0x10,
  0x00, 0x00, 0x10, 0x00, 0x00, 0x10, 0x00, 0x00, 0x10, 0x00, 0x00, 0x10,
  0x00, 0x00, 0x10, 0x00, 0x00, 0x10, 0x31, 0x31, 0x42, 0x31, 0x31, 0x42,
  0x31, 0x31, 0x42, 0x73, 0x73, 0x84, 0x73, 0x73, 0x84, 0x00, 0x00, 0x00,
  0x00, 0x00, 0x00, 0x00, 0x00, 0x00, 0x00, 0x00, 0x00, 0x00, 0x00, 0x00,
  0x00, 0x00, 0x00, 0x00, 0x00, 0x00, 0x00, 0x00, 0x00, 0x00, 0x00, 0x00,
  0x00, 0x00, 0x00, 0x00, 0x00, 0x00, 0x00, 0x00, 0x00, 0x00, 0x00, 0x00,
  0x00, 0x00, 0x00, 0x00, 0x00, 0x00, 0x00, 0x00, 0x00, 0x00, 0x00, 0x00,
  0x00, 0x00, 0x00, 0x00, 0x00, 0x00, 0x00, 0x00, 0x00, 0x00, 0x00, 0x00,
  0x00, 0x00, 0x00, 0x00, 0x00, 0x00, 0x21, 0x21, 0x31, 0x10, 0x10, 0x21,
  0x10, 0x10, 0x21, 0x00, 0x00, 0x00, 0x00, 0x00, 0x00, 0x21, 0x21, 0x31,
  0x00, 0x00, 0x00, 0x21, 0x21, 0x31, 0x21, 0x21, 0x31, 0x31, 0x31, 0x42,
  0x21, 0x21, 0x31, 0x31, 0x31, 0x42, 0x52, 0x52, 0x63, 0x00, 0x00, 0x00,
  0x00, 0x00, 0x00, 0x00, 0x00, 0x00, 0x00, 0x00, 0x00, 0x00, 0x00, 0x00,
  0x00, 0x00, 0x00, 0x00, 0x00, 0x00, 0x00, 0x00, 0x00, 0x00, 0x00, 0x00,
  0x00, 0x00, 0x00, 0x00, 0x00, 0x10, 0x21, 0x21, 0x31, 0x21, 0x21, 0x31,
  0x21, 0x21, 0x31, 0x31, 0x31, 0x42, 0x21, 0x21, 0x31, 0x31, 0x31, 0x42,
  0x31, 0x31, 0x42, 0x31, 0x31, 0x42, 0x31, 0x31, 0x42, 0x31, 0x31, 0x42,
  0x31, 0x31, 0x42, 0x21, 0x21, 0x31, 0x00, 0x00, 0x00, 0x00, 0x00, 0x00,
  0x00, 0x00, 0x00, 0x00, 0x00, 0x00, 0x00, 0x00, 0x00, 0x00, 0x00, 0x00,
  0x00, 0x00, 0x00, 0x00, 0x00, 0x00, 0x00, 0x00, 0x00, 0x00, 0x00, 0x00,
  0x00, 0x00, 0x00, 0x00, 0x00, 0x00, 0x00, 0x00, 0x00, 0x00, 0x00, 0x00,
  0x00, 0x00, 0x00, 0x00, 0x00, 0x00, 0x00, 0x00, 0x00, 0x00, 0x00, 0x00,
  0x00, 0x00, 0x00, 0x00, 0x00, 0x00, 0x00, 0x00, 0x00, 0x00, 0x00, 0x00,
  0x00, 0x00, 0x00, 0x00, 0x00, 0x00, 0x00, 0x00, 0x00, 0x00, 0x00, 0x00,
  0x00, 0x00, 0x00, 0x00, 0x00, 0x00, 0x00, 0x00, 0x00, 0x00, 0x00, 0x00,
  0x00, 0x00, 0x00, 0x00, 0x00, 0x00, 0x00, 0x00, 0x00, 0x00, 0x00, 0x00,
  0x00, 0x00, 0x00, 0x00, 0x00, 0x00, 0x00, 0x00, 0x00, 0x00, 0x00, 0x00,
  0x00, 0x00, 0x00, 0x00, 0x00, 0x00, 0x00, 0x00, 0x00, 0x00, 0x00, 0x00,
  0x00, 0x00, 0x00, 0x00, 0x00, 0x00, 0x00, 0x00, 0x00, 0x00, 0x00, 0x00,
  0x00, 0x00, 0x00, 0x21, 0x21, 0x31, 0x21, 0x21, 0x31, 0x21, 0x21, 0x31,
  0x21, 0x21, 0x31, 0x21, 0x21, 0x31, 0x21, 0x21, 0x31, 0x21, 0x21, 0x31,
  0x21, 0x21, 0x31, 0x21, 0x21, 0x31, 0x21, 0x21, 0x31, 0x21, 0x21, 0x31,
  0x00, 0x00, 0x10, 0x00, 0x00, 0x00, 0x00, 0x00, 0x00, 0x00, 0x00, 0x00,
  0x00, 0x00, 0x00, 0x00, 0x00, 0x00, 0x00, 0x00, 0x00, 0x00, 0x00, 0x00,
  0x00, 0x00, 0x00, 0x00, 0x00, 0x00, 0x73, 0x73, 0x84, 0x73, 0x73, 0x84,
  0x73, 0x73, 0x84, 0x73, 0x73, 0x84, 0x73, 0x73, 0x84, 0x00, 0x00, 0x00,
  0x00, 0x00, 0x00, 0x00, 0x00, 0x00, 0x00, 0x00, 0x00, 0x00, 0x00, 0x00,
  0x00, 0x00, 0x00, 0x00, 0x00, 0x00, 0x00, 0x00, 0x00, 0x00, 0x00, 0x00,
  0x00, 0x00, 0x00, 0x52, 0x52, 0x63, 0x31, 0x31, 0x42, 0x73, 0x73, 0x84,
  0x31, 0x31, 0x42, 0x21, 0x21, 0x31, 0x21, 0x21, 0x31, 0x21, 0x21, 0x31,
  0x21, 0x21, 0x31, 0x00, 0x00, 0x00, 0x21, 0x21, 0x31, 0x00, 0x00, 0x00,
  0x00, 0x00, 0x00, 0x10, 0x10, 0x21, 0x21, 0x21, 0x31, 0x00, 0x00, 0x00,
  0x00, 0x00, 0x00, 0x00, 0x00, 0x00, 0x73, 0x73, 0x84, 0x73, 0x73, 0x84,
  0x73, 0x73, 0x84, 0x31, 0x31, 0x42, 0x31, 0x31, 0x42, 0x00, 0x00, 0x10,
  0x00, 0x00, 0x10, 0x00, 0x00, 0x10, 0x00, 0x00, 0x10, 0x00, 0x00, 0x10,
  0x31, 0x31, 0x42, 0x31, 0x31, 0x42, 0x73, 0x73, 0x84, 0x73, 0x73, 0x84,
  0x73, 0x73, 0x84, 0x00, 0x00, 0x00, 0x00, 0x00, 0x00, 0x00, 0x00, 0x00,
  0x00, 0x00, 0x00, 0x00, 0x00, 0x00, 0x00, 0x00, 0x00, 0x00, 0x00, 0x00,
  0x00, 0x00, 0x00, 0x00, 0x00, 0x00, 0x00, 0x00, 0x00, 0x00, 0x00, 0x00,
  0x00, 0x00, 0x00, 0x00, 0x00, 0x00, 0x00, 0x00, 0x00, 0x00, 0x00, 0x00,
  0x00, 0x00, 0x00, 0x00, 0x00, 0x00, 0x00, 0x00, 0x00, 0x00, 0x00, 0x00,
  0x00, 0x00, 0x00, 0x00, 0x00, 0x00, 0x00, 0x00, 0x00, 0x00, 0x00, 0x00,
  0x00, 0x00, 0x00, 0x00, 0x00, 0x00, 0x00, 0x00, 0x00, 0xb5, 0xb5, 0xc6,
  0x73, 0x73, 0x84, 0x31, 0x31, 0x42, 0x31, 0x31, 0x42, 0x31, 0x31, 0x42,
  0x31, 0x31, 0x42, 0x31, 0x31, 0x42, 0x31, 0x31, 0x42, 0x31, 0x31, 0x42,
  0x31, 0x31, 0x42, 0x31, 0x31, 0x42, 0x73, 0x73, 0x84, 0x73, 0x73, 0x84,
  0x00, 0x00, 0x00, 0x00, 0x00, 0x00, 0x00, 0x00, 0x00, 0x00, 0x00, 0x00,
  0x00, 0x00, 0x00, 0x00, 0x00, 0x00, 0x00, 0x00, 0x00, 0x00, 0x00, 0x00,
  0x00, 0x00, 0x00, 0x00, 0x00, 0x00, 0x00, 0x00, 0x00, 0x00, 0x00, 0x00,
  0x00, 0x00, 0x00, 0x00, 0x00, 0x00, 0x00, 0x00, 0x00, 0x00, 0x00, 0x00,
  0x00, 0x00, 0x00, 0x00, 0x00, 0x00, 0x00, 0x00, 0x00, 0x00, 0x00, 0x00,
  0x00, 0x00, 0x00, 0x00, 0x00, 0x00, 0x00, 0x00, 0x00, 0x00, 0x00, 0x00,
  0x00, 0x00, 0x00, 0x00, 0x00, 0x00, 0xb5, 0xb5, 0xc6, 0x73, 0x73, 0x84,
  0x73, 0x73, 0x84, 0x31, 0x31, 0x42, 0x31, 0x31, 0x42, 0x31, 0x31, 0x42,
  0x31, 0x31, 0x42, 0x31, 0x31, 0x42, 0x31, 0x31, 0x42, 0x31, 0x31, 0x42,
  0x31, 0x31, 0x42, 0x31, 0x31, 0x42, 0x73, 0x73, 0x84, 0xb5, 0xb5, 0xc6,
  0x73, 0x73, 0x84, 0x00, 0x00, 0x00, 0x00, 0x00, 0x00, 0x00, 0x00, 0x00,
  0x00, 0x00, 0x00, 0x00, 0x00, 0x00, 0x00, 0x00, 0x00, 0x00, 0x00, 0x00,
  0x00, 0x00, 0x00, 0x00, 0x00, 0x00, 0x00, 0x00, 0x00, 0x00, 0x00, 0x00,
  0x00, 0x00, 0x00, 0x00, 0x00, 0x00, 0x00, 0x00, 0x00, 0x00, 0x00, 0x00,
  0x00, 0x00, 0x00, 0x00, 0x00, 0x00, 0x00, 0x00, 0x00, 0x00, 0x00, 0x00,
  0x00, 0x00, 0x00, 0x00, 0x00, 0x00, 0x00, 0x00, 0x00, 0x00, 0x00, 0x00,
  0x00, 0x00, 0x00, 0x00, 0x00, 0x00, 0x21, 0x21, 0x31, 0x10, 0x10, 0x21,
  0x00, 0x00, 0x00, 0x00, 0x00, 0x00, 0x21, 0x21, 0x31, 0x00, 0x00, 0x00,
  0x21, 0x21, 0x31, 0x21, 0x21, 0x31, 0x21, 0x21, 0x31, 0x21, 0x21, 0x31,
  0x31, 0x31, 0x42, 0x73, 0x73, 0x84, 0x31, 0x31, 0x42, 0x52, 0x52, 0x63,
  0x00, 0x00, 0x00, 0x00, 0x00, 0x00, 0x00, 0x00, 0x00, 0x00, 0x00, 0x00,
  0x00, 0x00, 0x00, 0x00, 0x00, 0x00, 0x00, 0x00, 0x00, 0x00, 0x00, 0x00,
  0x00, 0x00, 0x10, 0x21, 0x21, 0x31, 0x21, 0x21, 0x31, 0x21, 0x21, 0x31,
  0x21, 0x21, 0x31, 0x21, 0x21, 0x31, 0x21, 0x21, 0x31, 0x21, 0x21, 0x31,
  0x31, 0x31, 0x42, 0x31, 0x31, 0x42, 0x31, 0x31, 0x42, 0x31, 0x31, 0x42,
  0x31, 0x31, 0x42, 0x21, 0x21, 0x31, 0x21, 0x21, 0x31, 0x00, 0x00, 0x00,
  0x00, 0x00, 0x00, 0x00, 0x00, 0x00, 0x00, 0x00, 0x00, 0x00, 0x00, 0x00,
  0x00, 0x00, 0x00, 0x00, 0x00, 0x00, 0x00, 0x00, 0x00, 0x00, 0x00, 0x00,
  0x00, 0x00, 0x00, 0x00, 0x00, 0x00, 0x00, 0x00, 0x00, 0x00, 0x00, 0x00,
  0x00, 0x00, 0x00, 0x00, 0x00, 0x00, 0x00, 0x00, 0x00, 0x00, 0x00, 0x00,
  0x00, 0x00, 0x00, 0x00, 0x00, 0x00, 0x00, 0x00, 0x00, 0x00, 0x00, 0x00,
  0x00, 0x00, 0x00, 0x00, 0x00, 0x00, 0x00, 0x00, 0x00, 0x00, 0x00, 0x00,
  0x00, 0x00, 0x00, 0x00, 0x00, 0x00, 0x00, 0x00, 0x00, 0x00, 0x00, 0x00,
  0x00, 0x00, 0x00, 0x00, 0x00, 0x00, 0x00, 0x00, 0x00, 0x00, 0x00, 0x00,
  0x00, 0x00, 0x00, 0x00, 0x00, 0x00, 0x00, 0x00, 0x00, 0x00, 0x00, 0x00,
  0x00, 0x00, 0x00, 0x00, 0x00, 0x00, 0x00, 0x00, 0x00, 0x00, 0x00, 0x00,
  0x00, 0x00, 0x00, 0x00, 0x00, 0x00, 0x00, 0x00, 0x00, 0x21, 0x21, 0x31,
  0x21, 0x21, 0x31, 0x31, 0x31, 0x42, 0x31, 0x31, 0x42, 0x31, 0x31, 0x42,
  0x31, 0x31, 0x42, 0x31, 0x31, 0x42, 0x31, 0x31, 0x42, 0x31, 0x31, 0x42,
  0x31, 0x31, 0x42, 0x31, 0x31, 0x42, 0x31, 0x31, 0x42, 0x31, 0x31, 0x42,
  0x21, 0x21, 0x31, 0x00, 0x00, 0x10, 0x00, 0x00, 0x10, 0x00, 0x00, 0x00,
  0x00, 0x00, 0x00, 0x00, 0x00, 0x00, 0x00, 0x00, 0x00, 0x00, 0x00, 0x00,
  0x00, 0x00, 0x00, 0x00, 0x00, 0x00, 0x00, 0x00, 0x00, 0x00, 0x00, 0x00,
  0x00, 0x00, 0x00, 0x00, 0x00, 0x00, 0x00, 0x00, 0x00, 0x00, 0x00, 0x00,
  0x00, 0x00, 0x00, 0x00, 0x00, 0x00, 0x00, 0x00, 0x00, 0x00, 0x00, 0x00,
  0x00, 0x00, 0x00, 0x00, 0x00, 0x00, 0x00, 0x00, 0x00, 0x00, 0x00, 0x00,
  0x00, 0x00, 0x00, 0x52, 0x52, 0x63, 0x52, 0x52, 0x63, 0x31, 0x31, 0x42,
  0x21, 0x21, 0x31, 0x31, 0x31, 0x42, 0x21, 0x21, 0x31, 0x21, 0x21, 0x31,
  0x21, 0x21, 0x31, 0x21, 0x21, 0x31, 0x00, 0x00, 0x00, 0x00, 0x00, 0x00,
  0x10, 0x10, 0x21, 0x10, 0x10, 0x21, 0x21, 0x21, 0x31, 0x00, 0x00, 0x00,
  0x00, 0x00, 0x00, 0x00, 0x00, 0x00, 0x00, 0x00, 0x00, 0x00, 0x00, 0x00,
  0x00, 0x00, 0x00, 0x73, 0x73, 0x84, 0x73, 0x73, 0x84, 0x73, 0x73, 0x84,
  0x73, 0x73, 0x84, 0x73, 0x73, 0x84, 0x73, 0x73, 0x84, 0x73, 0x73, 0x84,
  0x73, 0x73, 0x84, 0x73, 0x73, 0x84, 0x00, 0x00, 0x00, 0x00, 0x00, 0x00,
  0x00, 0x00, 0x00, 0x00, 0x00, 0x00, 0x00, 0x00, 0x00, 0x00, 0x00, 0x00,
  0x00, 0x00, 0x00, 0x00, 0x00, 0x00, 0x00, 0x00, 0x00, 0x00, 0x00, 0x00,
  0x00, 0x00, 0x00, 0x00, 0x00, 0x00, 0x00, 0x00, 0x00, 0x00, 0x00, 0x00,
  0x00, 0x00, 0x00, 0x00, 0x00, 0x00, 0x00, 0x00, 0x00, 0x00, 0x00, 0x00,
  0x00, 0x00, 0x00, 0x00, 0x00, 0x00, 0x00, 0x00, 0x00, 0x00, 0x00, 0x00,
  0x00, 0x00, 0x00, 0x00, 0x00, 0x00, 0x00, 0x00, 0x00, 0x00, 0x00, 0x00,
  0x00, 0x00, 0x00, 0x00, 0x00, 0x00, 0x00, 0x00, 0x00, 0x00, 0x00, 0x00,
  0x00, 0x00, 0x00, 0xb5, 0xb5, 0xc6, 0x73, 0x73, 0x84, 0x73, 0x73, 0x84,
  0x73, 0x73, 0x84, 0xb5, 0xb5, 0xc6, 0x73, 0x73, 0x84, 0xb5, 0xb5, 0xc6,
  0xb5, 0xb5, 0xc6, 0x73, 0x73, 0x84, 0x00, 0x00, 0x00, 0x00, 0x00, 0x00,
  0x00, 0x00, 0x00, 0x00, 0x00, 0x00, 0x00, 0x00, 0x00, 0x00, 0x00, 0x00,
  0x00, 0x00, 0x00, 0x00, 0x00, 0x00, 0x00, 0x00, 0x00, 0x00, 0x00, 0x00,
  0x00, 0x00, 0x00, 0x00, 0x00, 0x00, 0x00, 0x00, 0x00, 0x00, 0x00, 0x00,
  0x00, 0x00, 0x00, 0x00, 0x00, 0x00, 0x00, 0x00, 0x00, 0x00, 0x00, 0x00,
  0x00, 0x00, 0x00, 0x00, 0x00, 0x00, 0x00, 0x00, 0x00, 0x00, 0x00, 0x00,
  0x00, 0x00, 0x00, 0x00, 0x00, 0x00, 0x00, 0x00, 0x00, 0x00, 0x00, 0x00,
  0x00, 0x00, 0x00, 0x00, 0x00, 0x00, 0x00, 0x00, 0x00, 0x00, 0x00, 0x00,
  0x00, 0x00, 0x00, 0xb5, 0xb5, 0xc6, 0xb5, 0xb5, 0xc6, 0x73, 0x73, 0x84,
  0x73, 0x73, 0x84, 0x73, 0x73, 0x84, 0x73, 0x73, 0x84, 0x73, 0x73, 0x84,
  0xb5, 0xb5, 0xc6, 0x73, 0x73, 0x84, 0x00, 0x00, 0x00, 0x00, 0x00, 0x00,
  0x00, 0x00, 0x00, 0x00, 0x00, 0x00, 0x00, 0x00, 0x00, 0x00, 0x00, 0x00,
  0x00, 0x00, 0x00, 0x00, 0x00, 0x00, 0x00, 0x00, 0x00, 0x00, 0x00, 0x00,
  0x00, 0x00, 0x00, 0x00, 0x00, 0x00, 0x00, 0x00, 0x00, 0x00, 0x00, 0x00,
  0x00, 0x00, 0x00, 0x00, 0x00, 0x00, 0x00, 0x00, 0x00, 0x00, 0x00, 0x00,
  0x00, 0x00, 0x00, 0x00, 0x00, 0x00, 0x00, 0x00, 0x00, 0x00, 0x00, 0x00,
  0x00, 0x00, 0x00, 0x00, 0x00, 0x00, 0x00, 0x00, 0x00, 0x00, 0x00, 0x00,
  0x00, 0x00, 0x00, 0x00, 0x00, 0x00, 0x21, 0x21, 0x31, 0x10, 0x10, 0x21,
  0x10, 0x10, 0x21, 0x00, 0x00, 0x00, 0x00, 0x00, 0x00, 0x21, 0x21, 0x31,
  0x21, 0x21, 0x31, 0x21, 0x21, 0x31, 0x21, 0x21, 0x31, 0x31, 0x31, 0x42,
  0x21, 0x21, 0x31, 0x31, 0x31, 0x42, 0x52, 0x52, 0x63, 0x52, 0x52, 0x63,
  0x00, 0x00, 0x00, 0x00, 0x00, 0x00, 0x00, 0x00, 0x00, 0x00, 0x00, 0x00,
  0x00, 0x00, 0x00, 0x00, 0x00, 0x00, 0x00, 0x00, 0x00, 0x00, 0x00, 0x10,
  0x21, 0x21, 0x31, 0x21, 0x21, 0x31, 0x21, 0x21, 0x31, 0x31, 0x31, 0x42,
  0x21, 0x21, 0x31, 0x31, 0x31, 0x42, 0x21, 0x21, 0x31, 0x31, 0x31, 0x42,
  0x21, 0x21, 0x31, 0x31, 0x31, 0x42, 0x31, 0x31, 0x42, 0x31, 0x31, 0x42,
  0x31, 0x31, 0x42, 0x31, 0x31, 0x42, 0x31, 0x31, 0x42, 0x21, 0x21, 0x31,
  0x21, 0x21, 0x31, 0x21, 0x21, 0x31, 0x21, 0x21, 0x31, 0x21, 0x21, 0x31,
  0x21, 0x21, 0x31, 0x21, 0x21, 0x31, 0x21, 0x21, 0x31, 0x21, 0x21, 0x31,
  0x21, 0x21, 0x31, 0x21, 0x21, 0x31, 0x21, 0x21, 0x31, 0x21, 0x21, 0x31,
  0x21, 0x21, 0x31, 0x21, 0x21, 0x31, 0x21, 0x21, 0x31, 0x21, 0x21, 0x31,
  0x21, 0x21, 0x31, 0x21, 0x21, 0x31, 0x21, 0x21, 0x31, 0x21, 0x21, 0x31,
  0x21, 0x21, 0x31, 0x21, 0x21, 0x31, 0x21, 0x21, 0x31, 0x21, 0x21, 0x31,
  0x21, 0x21, 0x31, 0x21, 0x21, 0x31, 0x21, 0x21, 0x31, 0x21, 0x21, 0x31,
  0x21, 0x21, 0x31, 0x21, 0x21, 0x31, 0x21, 0x21, 0x31, 0x21, 0x21, 0x31,
  0x21, 0x21, 0x31, 0x21, 0x21, 0x31, 0x21, 0x21, 0x31, 0x21, 0x21, 0x31,
  0x21, 0x21, 0x31, 0x21, 0x21, 0x31, 0x21, 0x21, 0x31, 0x21, 0x21, 0x31,
  0x21, 0x21, 0x31, 0x21, 0x21, 0x31, 0x21, 0x21, 0x31, 0x31, 0x31, 0x42,
  0x31, 0x31, 0x42, 0x31, 0x31, 0x42, 0x31, 0x31, 0x42, 0x31, 0x31, 0x42,
  0x31, 0x31, 0x42, 0x31, 0x31, 0x42, 0x31, 0x31, 0x42, 0x31, 0x31, 0x42,
  0x31, 0x31, 0x42, 0x31, 0x31, 0x42, 0x31, 0x31, 0x42, 0x31, 0x31, 0x42,
  0x21, 0x21, 0x31, 0x21, 0x21, 0x31, 0x21, 0x21, 0x31, 0x00, 0x00, 0x10,
  0x00, 0x00, 0x10, 0x00, 0x00, 0x00, 0x00, 0x00, 0x00, 0x00, 0x00, 0x00,
  0x00, 0x00, 0x00, 0x00, 0x00, 0x00, 0x00, 0x00, 0x00, 0x00, 0x00, 0x00,
  0x00, 0x00, 0x00, 0x00, 0x00, 0x00, 0x00, 0x00, 0x00, 0x00, 0x00, 0x00,
  0x00, 0x00, 0x00, 0x00, 0x00, 0x00, 0x00, 0x00, 0x00, 0x00, 0x00, 0x00,
  0x00, 0x00, 0x00, 0x00, 0x00, 0x00, 0x00, 0x00, 0x00, 0x00, 0x00, 0x00,
  0x00, 0x00, 0x00, 0x52, 0x52, 0x63, 0x31, 0x31, 0x42, 0x52, 0x52, 0x63,
  0x31, 0x31, 0x42, 0x21, 0x21, 0x31, 0x21, 0x21, 0x31, 0x21, 0x21, 0x31,
  0x21, 0x21, 0x31, 0x00, 0x00, 0x00, 0x21, 0x21, 0x31, 0x00, 0x00, 0x00,
  0x10, 0x10, 0x21, 0x21, 0x21, 0x31, 0x00, 0x00, 0x00, 0x00, 0x00, 0x00,
  0x00, 0x00, 0x00, 0x00, 0x00, 0x00, 0x00, 0x00, 0x00, 0x00, 0x00, 0x00,
  0x00, 0x00, 0x00, 0x00, 0x00, 0x00, 0x00, 0x00, 0x00, 0x00, 0x00, 0x00,
  0x00, 0x00, 0x00, 0x00, 0x00, 0x00, 0x00, 0x00, 0x00, 0x00, 0x00, 0x00,
  0x00, 0x00, 0x00, 0x00, 0x00, 0x00, 0x00, 0x00, 0x00, 0x00, 0x00, 0x00,
  0x00, 0x00, 0x00, 0x00, 0x00, 0x00, 0x00, 0x00, 0x00, 0x00, 0x00, 0x00,
  0x00, 0x00, 0x00, 0x00, 0x00, 0x00, 0x00, 0x00, 0x00, 0x00, 0x00, 0x00,
  0x00, 0x00, 0x00, 0x00, 0x00, 0x00, 0x00, 0x00, 0x00, 0x00, 0x00, 0x00,
  0x00, 0x00, 0x00, 0x00, 0x00, 0x00, 0x00, 0x00, 0x00, 0x00, 0x00, 0x00,
  0x00, 0x00, 0x00, 0x00, 0x00, 0x00, 0x00, 0x00, 0x00, 0x00, 0x00, 0x00,
  0x00, 0x00, 0x00, 0x00, 0x00, 0x00, 0x00, 0x00, 0x00, 0x00, 0x00, 0x00,
  0x00, 0x00, 0x00, 0x00, 0x00, 0x00, 0x00, 0x00, 0x00, 0x00, 0x00, 0x00,
  0x00, 0x00, 0x00, 0x00, 0x00, 0x00, 0x00, 0x00, 0x00, 0x00, 0x00, 0x00,
  0x00, 0x00, 0x00, 0x00, 0x00, 0x00, 0x00, 0x00, 0x00, 0x00, 0x00, 0x00,
  0x00, 0x00, 0x00, 0x00, 0x00, 0x00, 0x00, 0x00, 0x00, 0x00, 0x00, 0x00,
  0x00, 0x00, 0x00, 0x00, 0x00, 0x00, 0x00, 0x00, 0x00, 0x00, 0x00, 0x00,
  0x00, 0x00, 0x00, 0x00, 0x00, 0x00, 0x00, 0x00, 0x00, 0x00, 0x00, 0x00,
  0x00, 0x00, 0x00, 0x00, 0x00, 0x00, 0x00, 0x00, 0x00, 0x00, 0x00, 0x00,
  0x00, 0x00, 0x00, 0x00, 0x00, 0x00, 0x00, 0x00, 0x00, 0x00, 0x00, 0x00,
  0x00, 0x00, 0x00, 0x00, 0x00, 0x00, 0x00, 0x00, 0x00, 0x00, 0x00, 0x00,
  0x00, 0x00, 0x00, 0x00, 0x00, 0x00, 0x00, 0x00, 0x00, 0x00, 0x00, 0x00,
  0x00, 0x00, 0x00, 0x00, 0x00, 0x00, 0x00, 0x00, 0x00, 0x00, 0x00, 0x00,
  0x00, 0x00, 0x00, 0x00, 0x00, 0x00, 0x00, 0x00, 0x00, 0x00, 0x00, 0x00,
  0x00, 0x00, 0x00, 0x00, 0x00, 0x00, 0x00, 0x00, 0x00, 0x00, 0x00, 0x00,
  0x00, 0x00, 0x00, 0x00, 0x00, 0x00, 0x00, 0x00, 0x00, 0x00, 0x00, 0x00,
  0x00, 0x00, 0x00, 0x00, 0x00, 0x00, 0x00, 0x00, 0x00, 0x00, 0x00, 0x00,
  0x00, 0x00, 0x00, 0x00, 0x00, 0x00, 0x00, 0x00, 0x00, 0x00, 0x00, 0x00,
  0x00, 0x00, 0x00, 0x00, 0x00, 0x00, 0x00, 0x00, 0x00, 0x00, 0x00, 0x00,
  0x00, 0x00, 0x00, 0x00, 0x00, 0x00, 0x00, 0x00, 0x00, 0x00, 0x00, 0x00,
  0x00, 0x00, 0x00, 0x00, 0x00, 0x00, 0x00, 0x00, 0x00, 0x00, 0x00, 0x00,
  0x00, 0x00, 0x00, 0x00, 0x00, 0x00, 0x00, 0x00, 0x00, 0x00, 0x00, 0x00,
  0x00, 0x00, 0x00, 0x00, 0x00, 0x00, 0x00, 0x00, 0x00, 0x21, 0x21, 0x31,
  0x10, 0x10, 0x21, 0x00, 0x00, 0x00, 0x21, 0x21, 0x31, 0x00, 0x00, 0x00,
  0x21, 0x21, 0x31, 0x21, 0x21, 0x31, 0x21, 0x21, 0x31, 0x21, 0x21, 0x31,
  0x31, 0x31, 0x42, 0x52, 0x52, 0x63, 0x31, 0x31, 0x42, 0x52, 0x52, 0x63,
  0x00, 0x00, 0x00, 0x00, 0x00, 0x00, 0x00, 0x00, 0x00, 0x00, 0x00, 0x00,
  0x00, 0x00, 0x00, 0x00, 0x00, 0x10, 0x00, 0x00, 0x10, 0x21, 0x21, 0x31,
  0x21, 0x21, 0x31, 0x21, 0x21, 0x31, 0x21, 0x21, 0x31, 0x21, 0x21, 0x31,
  0x21, 0x21, 0x31, 0x21, 0x21, 0x31, 0x21, 0x21, 0x31, 0x31, 0x31, 0x42,
  0x31, 0x31, 0x42, 0x31, 0x31, 0x42, 0x31, 0x31, 0x42, 0x31, 0x31, 0x42,
  0x31, 0x31, 0x42, 0x31, 0x31, 0x42, 0x31, 0x31, 0x42, 0x31, 0x31, 0x42,
  0x31, 0x31, 0x42, 0x31, 0x31, 0x42, 0x31, 0x31, 0x42, 0x31, 0x31, 0x42,
  0x31, 0x31, 0x42, 0x31, 0x31, 0x42, 0x31, 0x31, 0x42, 0x31, 0x31, 0x42,
  0x31, 0x31, 0x42, 0x31, 0x31, 0x42, 0x31, 0x31, 0x42, 0x31, 0x31, 0x42,
  0x31, 0x31, 0x42, 0x31, 0x31, 0x42, 0x31, 0x31, 0x42, 0x31, 0x31, 0x42,
  0x31, 0x31, 0x42, 0x31, 0x31, 0x42, 0x31, 0x31, 0x42, 0x31, 0x31, 0x42,
  0x31, 0x31, 0x42, 0x31, 0x31, 0x42, 0x31, 0x31, 0x42, 0x31, 0x31, 0x42,
  0x31, 0x31, 0x42, 0x31, 0x31, 0x42, 0x31, 0x31, 0x42, 0x31, 0x31, 0x42,
  0x31, 0x31, 0x42, 0x31, 0x31, 0x42, 0x31, 0x31, 0x42, 0x31, 0x31, 0x42,
  0x31, 0x31, 0x42, 0x31, 0x31, 0x42, 0x31, 0x31, 0x42, 0x31, 0x31, 0x42,
  0x31, 0x31, 0x42, 0x31, 0x31, 0x42, 0x31, 0x31, 0x42, 0x31, 0x31, 0x42,
  0x31, 0x31, 0x42, 0x31, 0x31, 0x42, 0x31, 0x31, 0x42, 0x31, 0x31, 0x42,
  0x31, 0x31, 0x42, 0x31, 0x31, 0x42, 0x31, 0x31, 0x42, 0x31, 0x31, 0x42,
  0x31, 0x31, 0x42, 0x31, 0x31, 0x42, 0x31, 0x31, 0x42, 0x31, 0x31, 0x42,
  0x31, 0x31, 0x42, 0x31, 0x31, 0x42, 0x31, 0x31, 0x42, 0x31, 0x31, 0x42,
  0x21, 0x21, 0x31, 0x21, 0x21, 0x31, 0x21, 0x21, 0x31, 0x21, 0x21, 0x31,
  0x21, 0x21, 0x31, 0x00, 0x00, 0x10, 0x00, 0x00, 0x10, 0x00, 0x00, 0x10,
  0x00, 0x00, 0x00, 0x00, 0x00, 0x00, 0x00, 0x00, 0x00, 0x00, 0x00, 0x00,
  0x00, 0x00, 0x00, 0x00, 0x00, 0x00, 0x00, 0x00, 0x00, 0x00, 0x00, 0x00,
  0x00, 0x00, 0x00, 0x00, 0x00, 0x00, 0x00, 0x00, 0x00, 0x00, 0x00, 0x00,
  0x00, 0x00, 0x00, 0x00, 0x00, 0x00, 0x00, 0x00, 0x00, 0x00, 0x00, 0x00,
  0x00, 0x00, 0x00, 0x52, 0x52, 0x63, 0x52, 0x52, 0x63, 0x31, 0x31, 0x42,
  0x21, 0x21, 0x31, 0x31, 0x31, 0x42, 0x21, 0x21, 0x31, 0x21, 0x21, 0x31,
  0x21, 0x21, 0x31, 0x21, 0x21, 0x31, 0x00, 0x00, 0x00, 0x00, 0x00, 0x00,
  0x10, 0x10, 0x21, 0x21, 0x21, 0x31, 0x00, 0x00, 0x00, 0x00, 0x00, 0x00,
  0x00, 0x00, 0x00, 0x00, 0x00, 0x00, 0x00, 0x00, 0x00, 0x00, 0x00, 0x00,
  0x00, 0x00, 0x00, 0x00, 0x00, 0x00, 0x00, 0x00, 0x00, 0x00, 0x00, 0x00,
  0x00, 0x00, 0x00, 0x00, 0x00, 0x00, 0x00, 0x00, 0x00, 0x00, 0x00, 0x00,
  0x00, 0x00, 0x00, 0x00, 0x00, 0x00, 0x00, 0x00, 0x00, 0x00, 0x00, 0x00,
  0x00, 0x00, 0x00, 0x00, 0x00, 0x00, 0x00, 0x00, 0x00, 0x00, 0x00, 0x00,
  0x00, 0x00, 0x00, 0x00, 0x00, 0x00, 0x00, 0x00, 0x00, 0x00, 0x00, 0x00,
  0x00, 0x00, 0x00, 0x00, 0x00, 0x00, 0x00, 0x00, 0x00, 0x00, 0x00, 0x00,
  0x00, 0x00, 0x00, 0x00, 0x00, 0x00, 0x00, 0x00, 0x00, 0x00, 0x00, 0x00,
  0x00, 0x00, 0x00, 0x00, 0x00, 0x00, 0x00, 0x00, 0x00, 0x00, 0x00, 0x00,
  0x00, 0x00, 0x00, 0x00, 0x00, 0x00, 0x00, 0x00, 0x00, 0x00, 0x00, 0x00,
  0x00, 0x00, 0x00, 0x00, 0x00, 0x00, 0x00, 0x00, 0x00, 0x00, 0x00, 0x00,
  0x00, 0x00, 0x00, 0x00, 0x00, 0x00, 0x00, 0x00, 0x00, 0x00, 0x00, 0x00,
  0x00, 0x00, 0x00, 0x00, 0x00, 0x00, 0x00, 0x00, 0x00, 0x00, 0x00, 0x00,
  0x00, 0x00, 0x00, 0x00, 0x00, 0x00, 0x00, 0x00, 0x00, 0x00, 0x00, 0x00,
  0x00, 0x00, 0x00, 0x00, 0x00, 0x00, 0x00, 0x00, 0x00, 0x00, 0x00, 0x00,
  0x00, 0x00, 0x00, 0x00, 0x00, 0x00, 0x00, 0x00, 0x00, 0x00, 0x00, 0x00,
  0x00, 0x00, 0x00, 0x00, 0x00, 0x00, 0x00, 0x00, 0x00, 0x00, 0x00, 0x00,
  0x00, 0x00, 0x00, 0x00, 0x00, 0x00, 0x00, 0x00, 0x00, 0x00, 0x00, 0x00,
  0x00, 0x00, 0x00, 0x00, 0x00, 0x00, 0x00, 0x00, 0x00, 0x00, 0x00, 0x00,
  0x00, 0x00, 0x00, 0x00, 0x00, 0x00, 0x00, 0x00, 0x00, 0x00, 0x00, 0x00,
  0x00, 0x00, 0x00, 0x00, 0x00, 0x00, 0x00, 0x00, 0x00, 0x00, 0x00, 0x00,
  0x00, 0x00, 0x00, 0x00, 0x00, 0x00, 0x00, 0x00, 0x00, 0x00, 0x00, 0x00,
  0x00, 0x00, 0x00, 0x00, 0x00, 0x00, 0x00, 0x00, 0x00, 0x00, 0x00, 0x00,
  0x00, 0x00, 0x00, 0x00, 0x00, 0x00, 0x00, 0x00, 0x00, 0x00, 0x00, 0x00,
  0x00, 0x00, 0x00, 0x00, 0x00, 0x00, 0x00, 0x00, 0x00, 0x00, 0x00, 0x00,
  0x00, 0x00, 0x00, 0x00, 0x00, 0x00, 0x00, 0x00, 0x00, 0x00, 0x00, 0x00,
  0x00, 0x00, 0x00, 0x00, 0x00, 0x00, 0x00, 0x00, 0x00, 0x00, 0x00, 0x00,
  0x00, 0x00, 0x00, 0x00, 0x00, 0x00, 0x00, 0x00, 0x00, 0x00, 0x00, 0x00,
  0x00, 0x00, 0x00, 0x00, 0x00, 0x00, 0x00, 0x00, 0x00, 0x00, 0x00, 0x00,
  0x00, 0x00, 0x00, 0x00, 0x00, 0x00, 0x00, 0x00, 0x00, 0x00, 0x00, 0x00,
  0x00, 0x00, 0x00, 0x00, 0x00, 0x00, 0x00, 0x00, 0x00, 0x21, 0x21, 0x31,
  0x10, 0x10, 0x21, 0x00, 0x00, 0x00, 0x00, 0x00, 0x00, 0x21, 0x21, 0x31,
  0x21, 0x21, 0x31, 0x21, 0x21, 0x31, 0x21, 0x21, 0x31, 0x31, 0x31, 0x42,
  0x21, 0x21, 0x31, 0x31, 0x31, 0x42, 0x52, 0x52, 0x63, 0x52, 0x52, 0x63,
  0x00, 0x00, 0x00, 0x00, 0x00, 0x00, 0x00, 0x00, 0x00, 0x00, 0x00, 0x10,
  0x00, 0x00, 0x10, 0x21, 0x21, 0x31, 0x21, 0x21, 0x31, 0x21, 0x21, 0x31,
  0x21, 0x21, 0x31, 0x21, 0x21, 0x31, 0x31, 0x31, 0x42, 0x21, 0x21, 0x31,
  0x31, 0x31, 0x42, 0x31, 0x31, 0x42, 0x31, 0x31, 0x42, 0x31, 0x31, 0x42,
  0x31, 0x31, 0x42, 0x31, 0x31, 0x42, 0x31, 0x31, 0x42, 0x31, 0x31, 0x42,
  0x31, 0x31, 0x42, 0x31, 0x31, 0x42, 0x31, 0x31, 0x42, 0x31, 0x31, 0x42,
  0x31, 0x31, 0x42, 0x31, 0x31, 0x42, 0x31, 0x31, 0x42, 0x31, 0x31, 0x42,
  0x31, 0x31, 0x42, 0x31, 0x31, 0x42, 0x31, 0x31, 0x42, 0x31, 0x31, 0x42,
  0x31, 0x31, 0x42, 0x31, 0x31, 0x42, 0x31, 0x31, 0x42, 0x31, 0x31, 0x42,
  0x31, 0x31, 0x42, 0x31, 0x31, 0x42, 0x31, 0x31, 0x42, 0x31, 0x31, 0x42,
  0x31, 0x31, 0x42, 0x31, 0x31, 0x42, 0x31, 0x31, 0x42, 0x31, 0x31, 0x42,
  0x31, 0x31, 0x42, 0x31, 0x31, 0x42, 0x31, 0x31, 0x42, 0x31, 0x31, 0x42,
  0x31, 0x31, 0x42, 0x31, 0x31, 0x42, 0x31, 0x31, 0x42, 0x31, 0x31, 0x42,
  0x31, 0x31, 0x42, 0x31, 0x31, 0x42, 0x31, 0x31, 0x42, 0x31, 0x31, 0x42,
  0x31, 0x31, 0x42, 0x31, 0x31, 0x42, 0x31, 0x31, 0x42, 0x31, 0x31, 0x42,
  0x31, 0x31, 0x42, 0x31, 0x31, 0x42, 0x31, 0x31, 0x42, 0x31, 0x31, 0x42,
  0x31, 0x31, 0x42, 0x31, 0x31, 0x42, 0x31, 0x31, 0x42, 0x31, 0x31, 0x42,
  0x31, 0x31, 0x42, 0x31, 0x31, 0x42, 0x31, 0x31, 0x42, 0x31, 0x31, 0x42,
  0x31, 0x31, 0x42, 0x31, 0x31, 0x42, 0x31, 0x31, 0x42, 0x31, 0x31, 0x42,
  0x31, 0x31, 0x42, 0x31, 0x31, 0x42, 0x31, 0x31, 0x42, 0x31, 0x31, 0x42,
  0x21, 0x21, 0x31, 0x21, 0x21, 0x31, 0x21, 0x21, 0x31, 0x21, 0x21, 0x31,
  0x21, 0x21, 0x31, 0x21, 0x21, 0x31, 0x21, 0x21, 0x31, 0x21, 0x21, 0x31,
  0x00, 0x00, 0x10, 0x00, 0x00, 0x10, 0x00, 0x00, 0x10, 0x00, 0x00, 0x00,
  0x00, 0x00, 0x00, 0x00, 0x00, 0x00, 0x00, 0x00, 0x00, 0x00, 0x00, 0x00,
  0x00, 0x00, 0x00, 0x00, 0x00, 0x00, 0x00, 0x00, 0x00, 0x00, 0x00, 0x00,
  0x00, 0x00, 0x00, 0x00, 0x00, 0x00, 0x00, 0x00, 0x00, 0x00, 0x00, 0x00,
  0x52, 0x52, 0x63, 0x52, 0x52, 0x63, 0x73, 0x73, 0x84, 0x31, 0x31, 0x42,
  0x31, 0x31, 0x42, 0x21, 0x21, 0x31, 0x21, 0x21, 0x31, 0x21, 0x21, 0x31,
  0x21, 0x21, 0x31, 0x00, 0x00, 0x00, 0x00, 0x00, 0x00, 0x00, 0x00, 0x00,
  0x10, 0x10, 0x21, 0x21, 0x21, 0x31, 0x00, 0x00, 0x00, 0x00, 0x00, 0x00,
  0x00, 0x00, 0x00, 0x00, 0x00, 0x00, 0x00, 0x00, 0x00, 0x00, 0x00, 0x00,
  0x00, 0x00, 0x00, 0x00, 0x00, 0x00, 0x00, 0x00, 0x00, 0x00, 0x00, 0x00,
  0x00, 0x00, 0x00, 0x00, 0x00, 0x00, 0x00, 0x00, 0x00, 0x00, 0x00, 0x00,
  0x00, 0x00, 0x00, 0x00, 0x00, 0x00, 0x00, 0x00, 0x00, 0x00, 0x00, 0x00,
  0x00, 0x00, 0x00, 0x00, 0x00, 0x00, 0x00, 0x00, 0x00, 0x00, 0x00, 0x00,
  0x00, 0x00, 0x00, 0x00, 0x00, 0x00, 0x00, 0x00, 0x00, 0x00, 0x00, 0x00,
  0x00, 0x00, 0x00, 0x00, 0x00, 0x00, 0x00, 0x00, 0x00, 0x00, 0x00, 0x00,
  0x00, 0x00, 0x00, 0x00, 0x00, 0x00, 0x00, 0x00, 0x00, 0x00, 0x00, 0x00,
  0x00, 0x00, 0x00, 0x00, 0x00, 0x00, 0x00, 0x00, 0x00, 0x00, 0x00, 0x00,
  0x00, 0x00, 0x00, 0x00, 0x00, 0x00, 0x00, 0x00, 0x00, 0x00, 0x00, 0x00,
  0x00, 0x00, 0x00, 0x00, 0x00, 0x00, 0x00, 0x00, 0x00, 0x00, 0x00, 0x00,
  0x00, 0x00, 0x00, 0x00, 0x00, 0x00, 0x00, 0x00, 0x00, 0x00, 0x00, 0x00,
  0x00, 0x00, 0x00, 0x00, 0x00, 0x00, 0x00, 0x00, 0x00, 0x00, 0x00, 0x00,
  0x00, 0x00, 0x00, 0x00, 0x00, 0x00, 0x00, 0x00, 0x00, 0x00, 0x00, 0x00,
  0x00, 0x00, 0x00, 0x00, 0x00, 0x00, 0x00, 0x00, 0x00, 0x00, 0x00, 0x00,
  0x00, 0x00, 0x00, 0x00, 0x00, 0x00, 0x00, 0x00, 0x00, 0x00, 0x00, 0x00,
  0x00, 0x00, 0x00, 0x00, 0x00, 0x00, 0x00, 0x00, 0x00, 0x00, 0x00, 0x00,
  0x00, 0x00, 0x00, 0x00, 0x00, 0x00, 0x00, 0x00, 0x00, 0x00, 0x00, 0x00,
  0x00, 0x00, 0x00, 0x00, 0x00, 0x00, 0x00, 0x00, 0x00, 0x00, 0x00, 0x00,
  0x00, 0x00, 0x00, 0x00, 0x00, 0x00, 0x00, 0x00, 0x00, 0x00, 0x00, 0x00,
  0x00, 0x00, 0x00, 0x00, 0x00, 0x00, 0x00, 0x00, 0x00, 0x00, 0x00, 0x00,
  0x00, 0x00, 0x00, 0x00, 0x00, 0x00, 0x00, 0x00, 0x00, 0x00, 0x00, 0x00,
  0x00, 0x00, 0x00, 0x00, 0x00, 0x00, 0x00, 0x00, 0x00, 0x00, 0x00, 0x00,
  0x00, 0x00, 0x00, 0x00, 0x00, 0x00, 0x00, 0x00, 0x00, 0x00, 0x00, 0x00,
  0x00, 0x00, 0x00, 0x00, 0x00, 0x00, 0x00, 0x00, 0x00, 0x00, 0x00, 0x00,
  0x00, 0x00, 0x00, 0x00, 0x00, 0x00, 0x00, 0x00, 0x00, 0x00, 0x00, 0x00,
  0x00, 0x00, 0x00, 0x00, 0x00, 0x00, 0x00, 0x00, 0x00, 0x00, 0x00, 0x00,
  0x00, 0x00, 0x00, 0x00, 0x00, 0x00, 0x00, 0x00, 0x00, 0x00, 0x00, 0x00,
  0x00, 0x00, 0x00, 0x00, 0x00, 0x00, 0x00, 0x00, 0x00, 0x00, 0x00, 0x00,
  0x00, 0x00, 0x00, 0x00, 0x00, 0x00, 0x00, 0x00, 0x00, 0x00, 0x00, 0x00,
  0x00, 0x00, 0x00, 0x00, 0x00, 0x00, 0x00, 0x00, 0x00, 0x21, 0x21, 0x31,
  0x10, 0x10, 0x21, 0x00, 0x00, 0x00, 0x00, 0x00, 0x00, 0x00, 0x00, 0x00,
  0x21, 0x21, 0x31, 0x21, 0x21, 0x31, 0x21, 0x21, 0x31, 0x21, 0x21, 0x31,
  0x31, 0x31, 0x42, 0x31, 0x31, 0x42, 0x73, 0x73, 0x84, 0x52, 0x52, 0x63,
  0x52, 0x52, 0x63, 0x00, 0x00, 0x10, 0x00, 0x00, 0x10, 0x21, 0x21, 0x31,
  0x21, 0x21, 0x31, 0x21, 0x21, 0x31, 0x21, 0x21, 0x31, 0x21, 0x21, 0x31,
  0x21, 0x21, 0x31, 0x21, 0x21, 0x31, 0x21, 0x21, 0x31, 0x21, 0x21, 0x31,
  0x21, 0x21, 0x31, 0x31, 0x31, 0x42, 0x31, 0x31, 0x42, 0x31, 0x31, 0x42,
  0x31, 0x31, 0x42, 0x31, 0x31, 0x42, 0x31, 0x31, 0x42, 0x31, 0x31, 0x42,
  0x31, 0x31, 0x42, 0x31, 0x31, 0x42, 0x31, 0x31, 0x42, 0x31, 0x31, 0x42,
  0x31, 0x31, 0x42, 0x31, 0x31, 0x42, 0x31, 0x31, 0x42, 0x31, 0x31, 0x42,
  0x31, 0x31, 0x42, 0x31, 0x31, 0x42, 0x31, 0x31, 0x42, 0x31, 0x31, 0x42,
  0x31, 0x31, 0x42, 0x31, 0x31, 0x42, 0x31, 0x31, 0x42, 0x31, 0x31, 0x42,
  0x31, 0x31, 0x42, 0x31, 0x31, 0x42, 0x31, 0x31, 0x42, 0x31, 0x31, 0x42,
  0x31, 0x31, 0x42, 0x31, 0x31, 0x42, 0x31, 0x31, 0x42, 0x31, 0x31, 0x42,
  0x31, 0x31, 0x42, 0x31, 0x31, 0x42, 0x31, 0x31, 0x42, 0x31, 0x31, 0x42,
  0x31, 0x31, 0x42, 0x31, 0x31, 0x42, 0x31, 0x31, 0x42, 0x31, 0x31, 0x42,
  0x31, 0x31, 0x42, 0x31, 0x31, 0x42, 0x31, 0x31, 0x42, 0x31, 0x31, 0x42,
  0x31, 0x31, 0x42, 0x31, 0x31, 0x42, 0x31, 0x31, 0x42, 0x31, 0x31, 0x42,
  0x31, 0x31, 0x42, 0x31, 0x31, 0x42, 0x31, 0x31, 0x42, 0x31, 0x31, 0x42,
  0x31, 0x31, 0x42, 0x31, 0x31, 0x42, 0x31, 0x31, 0x42, 0x31, 0x31, 0x42,
  0x31, 0x31, 0x42, 0x31, 0x31, 0x42, 0x31, 0x31, 0x42, 0x31, 0x31, 0x42,
  0x31, 0x31, 0x42, 0x31, 0x31, 0x42, 0x31, 0x31, 0x42, 0x31, 0x31, 0x42,
  0x31, 0x31, 0x42, 0x31, 0x31, 0x42, 0x31, 0x31, 0x42, 0x31, 0x31, 0x42,
  0x21, 0x21, 0x31, 0x21, 0x21, 0x31, 0x21, 0x21, 0x31, 0x21, 0x21, 0x31,
  0x21, 0x21, 0x31, 0x21, 0x21, 0x31, 0x21, 0x21, 0x31, 0x21, 0x21, 0x31,
  0x21, 0x21, 0x31, 0x21, 0x21, 0x31, 0x21, 0x21, 0x31, 0x00, 0x00, 0x10,
  0x00, 0x00, 0x10, 0x00, 0x00, 0x10, 0x00, 0x00, 0x10, 0x00, 0x00, 0x00,
  0x00, 0x00, 0x00, 0x00, 0x00, 0x00, 0x00, 0x00, 0x00, 0x00, 0x00, 0x00,
  0x00, 0x00, 0x00, 0x00, 0x00, 0x00, 0x00, 0x00, 0x00, 0x00, 0x00, 0x00,
  0x52, 0x52, 0x63, 0x31, 0x31, 0x42, 0x21, 0x21, 0x31, 0x31, 0x31, 0x42,
  0x21, 0x21, 0x31, 0x21, 0x21, 0x31, 0x21, 0x21, 0x31, 0x21, 0x21, 0x31,
  0x21, 0x21, 0x31, 0x21, 0x21, 0x31, 0x00, 0x00, 0x00, 0x00, 0x00, 0x00,
  0x21, 0x21, 0x31, 0x21, 0x21, 0x31, 0x21, 0x21, 0x31, 0x00, 0x00, 0x00,
  0x00, 0x00, 0x00, 0x00, 0x00, 0x00, 0x00, 0x00, 0x00, 0x00, 0x00, 0x00,
  0x00, 0x00, 0x00, 0x00, 0x00, 0x00, 0x00, 0x00, 0x00, 0x00, 0x00, 0x00,
  0x00, 0x00, 0x00, 0x00, 0x00, 0x00, 0x00, 0x00, 0x00, 0x00, 0x00, 0x00,
  0x00, 0x00, 0x00, 0x00, 0x00, 0x00, 0x00, 0x00, 0x00, 0x00, 0x00, 0x00,
  0x00, 0x00, 0x00, 0x00, 0x00, 0x00, 0x00, 0x00, 0x00, 0x00, 0x00, 0x00,
  0x00, 0x00, 0x00, 0x00, 0x00, 0x00, 0x00, 0x00, 0x00, 0x00, 0x00, 0x00,
  0x00, 0x00, 0x00, 0x00, 0x00, 0x00, 0x00, 0x00, 0x00, 0x00, 0x00, 0x00,
  0x00, 0x00, 0x00, 0x00, 0x00, 0x00, 0x00, 0x00, 0x00, 0x00, 0x00, 0x00,
  0x00, 0x00, 0x00, 0x00, 0x00, 0x00, 0x00, 0x00, 0x00, 0x00, 0x00, 0x00,
  0x00, 0x00, 0x00, 0x00, 0x00, 0x00, 0x00, 0x00, 0x00, 0x00, 0x00, 0x00,
  0x00, 0x00, 0x00, 0x00, 0x00, 0x00, 0x00, 0x00, 0x00, 0x00, 0x00, 0x00,
  0x00, 0x00, 0x00, 0x00, 0x00, 0x00, 0x00, 0x00, 0x00, 0x00, 0x00, 0x00,
  0x00, 0x00, 0x00, 0x00, 0x00, 0x00, 0x00, 0x00, 0x00, 0x00, 0x00, 0x00,
  0x00, 0x00, 0x00, 0x00, 0x00, 0x00, 0x00, 0x00, 0x00, 0x00, 0x00, 0x00,
  0x00, 0x00, 0x00, 0x00, 0x00, 0x00, 0x00, 0x00, 0x00, 0x00, 0x00, 0x00,
  0x00, 0x00, 0x00, 0x00, 0x00, 0x00, 0x00, 0x00, 0x00, 0x00, 0x00, 0x00,
  0x00, 0x00, 0x00, 0x00, 0x00, 0x00, 0x00, 0x00, 0x00, 0x00, 0x00, 0x00,
  0x00, 0x00, 0x00, 0x00, 0x00, 0x00, 0x00, 0x00, 0x00, 0x00, 0x00, 0x00,
  0x00, 0x00, 0x00, 0x00, 0x00, 0x00, 0x00, 0x00, 0x00, 0x00, 0x00, 0x00,
  0x00, 0x00, 0x00, 0x00, 0x00, 0x00, 0x00, 0x00, 0x00, 0x00, 0x00, 0x00,
  0x00, 0x00, 0x00, 0x00, 0x00, 0x00, 0x00, 0x00, 0x00, 0x00, 0x00, 0x00,
  0x00, 0x00, 0x00, 0x00, 0x00, 0x00, 0x00, 0x00, 0x00, 0x00, 0x00, 0x00,
  0x00, 0x00, 0x00, 0x00, 0x00, 0x00, 0x00, 0x00, 0x00, 0x00, 0x00, 0x00,
  0x00, 0x00, 0x00, 0x00, 0x00, 0x00, 0x00, 0x00, 0x00, 0x00, 0x00, 0x00,
  0x00, 0x00, 0x00, 0x00, 0x00, 0x00, 0x00, 0x00, 0x00, 0x00, 0x00, 0x00,
  0x00, 0x00, 0x00, 0x00, 0x00, 0x00, 0x00, 0x00, 0x00, 0x00, 0x00, 0x00,
  0x00, 0x00, 0x00, 0x00, 0x00, 0x00, 0x00, 0x00, 0x00, 0x00, 0x00, 0x00,
  0x00, 0x00, 0x00, 0x00, 0x00, 0x00, 0x00, 0x00, 0x00, 0x00, 0x00, 0x00,
  0x00, 0x00, 0x00, 0x00, 0x00, 0x00, 0x00, 0x00, 0x00, 0x00, 0x00, 0x00,
  0x00, 0x00, 0x00, 0x00, 0x00, 0x00, 0x00, 0x00, 0x00, 0x00, 0x00, 0x00,
  0x00, 0x00, 0x00, 0x00, 0x00, 0x00, 0x21, 0x21, 0x31, 0x21, 0x21, 0x31,
  0x21, 0x21, 0x31, 0x00, 0x00, 0x00, 0x00, 0x00, 0x00, 0x21, 0x21, 0x31,
  0x21, 0x21, 0x31, 0x21, 0x21, 0x31, 0x21, 0x21, 0x31, 0x21, 0x21, 0x31,
  0x21, 0x21, 0x31, 0x31, 0x31, 0x42, 0x21, 0x21, 0x31, 0x31, 0x31, 0x42,
  0x52, 0x52, 0x63, 0x21, 0x21, 0x31, 0x21, 0x21, 0x31, 0x21, 0x21, 0x31,
  0x21, 0x21, 0x31, 0x21, 0x21, 0x31, 0x21, 0x21, 0x31, 0x21, 0x21, 0x31,
  0x31, 0x31, 0x42, 0x21, 0x21, 0x31, 0x21, 0x21, 0x31, 0x31, 0x31, 0x42,
  0x31, 0x31, 0x42, 0x31, 0x31, 0x42, 0x31, 0x31, 0x42, 0x31, 0x31, 0x42,
  0x31, 0x31, 0x42, 0x31, 0x31, 0x42, 0x31, 0x31, 0x42, 0x31, 0x31, 0x42,
  0x31, 0x31, 0x42, 0x31, 0x31, 0x42, 0x31, 0x31, 0x42, 0x31, 0x31, 0x42,
  0x31, 0x31, 0x42, 0x31, 0x31, 0x42, 0x21, 0x21, 0x31, 0x31, 0x31, 0x42,
  0x31, 0x31, 0x42, 0x31, 0x31, 0x42, 0x21, 0x21, 0x31, 0x31, 0x31, 0x42,
  0x31, 0x31, 0x42, 0x31, 0x31, 0x42, 0x21, 0x21, 0x31, 0x31, 0x31, 0x42,
  0x31, 0x31, 0x42, 0x31, 0x31, 0x42, 0x21, 0x21, 0x31, 0x31, 0x31, 0x42,
  0x31, 0x31, 0x42, 0x31, 0x31, 0x42, 0x21, 0x21, 0x31, 0x31, 0x31, 0x42,
  0x31, 0x31, 0x42, 0x31, 0x31, 0x42, 0x21, 0x21, 0x31, 0x31, 0x31, 0x42,
  0x31, 0x31, 0x42, 0x31, 0x31, 0x42, 0x21, 0x21, 0x31, 0x31, 0x31, 0x42,
  0x31, 0x31, 0x42, 0x31, 0x31, 0x42, 0x21, 0x21, 0x31, 0x31, 0x31, 0x42,
  0x31, 0x31, 0x42, 0x31, 0x31, 0x42, 0x21, 0x21, 0x31, 0x31, 0x31, 0x42,
  0x31, 0x31, 0x42, 0x31, 0x31, 0x42, 0x21, 0x21, 0x31, 0x31, 0x31, 0x42,
  0x31, 0x31, 0x42, 0x21, 0x21, 0x31, 0x21, 0x21, 0x31, 0x21, 0x21, 0x31,
  0x31, 0x31, 0x42, 0x31, 0x31, 0x42, 0x21, 0x21, 0x31, 0x31, 0x31, 0x42,
  0x31, 0x31, 0x42, 0x31, 0x31, 0x42, 0x31, 0x31, 0x42, 0x31, 0x31, 0x42,
  0x31, 0x31, 0x42, 0x31, 0x31, 0x42, 0x31, 0x31, 0x42, 0x31, 0x31, 0x42,
  0x31, 0x31, 0x42, 0x21, 0x21, 0x31, 0x21, 0x21, 0x31, 0x21, 0x21, 0x31,
  0x21, 0x21, 0x31, 0x21, 0x21, 0x31, 0x21, 0x21, 0x31, 0x21, 0x21, 0x31,
  0x21, 0x21, 0x31, 0x21, 0x21, 0x31, 0x21, 0x21, 0x31, 0x21, 0x21, 0x31,
  0x21, 0x21, 0x31, 0x21, 0x21, 0x31, 0x00, 0x00, 0x10, 0x00, 0x00, 0x10,
  0x00, 0x00, 0x10, 0x00, 0x00, 0x10, 0x00, 0x00, 0x10, 0x00, 0x00, 0x00,
  0x00, 0x00, 0x00, 0x00, 0x00, 0x00, 0x00, 0x00, 0x00, 0x00, 0x00, 0x00,
  0x52, 0x52, 0x63, 0x73, 0x73, 0x84, 0x52, 0x52, 0x63, 0x21, 0x21, 0x31,
  0x21, 0x21, 0x31, 0x21, 0x21, 0x31, 0x21, 0x21, 0x31, 0x21, 0x21, 0x31,
  0x21, 0x21, 0x31, 0x21, 0x21, 0x31, 0x00, 0x00, 0x00, 0x00, 0x00, 0x00,
  0x21, 0x21, 0x31, 0x21, 0x21, 0x31, 0x21, 0x21, 0x31, 0x00, 0x00, 0x00,
  0x00, 0x00, 0x00, 0x00, 0x00, 0x00, 0x00, 0x00, 0x00, 0x00, 0x00, 0x00,
  0x00, 0x00, 0x00, 0x00, 0x00, 0x00, 0x00, 0x00, 0x00, 0x00, 0x00, 0x00,
  0x00, 0x00, 0x00, 0x00, 0x00, 0x00, 0x00, 0x00, 0x00, 0x00, 0x00, 0x00,
  0x00, 0x00, 0x00, 0x00, 0x00, 0x00, 0x00, 0x00, 0x00, 0x00, 0x00, 0x00,
  0x00, 0x00, 0x00, 0x00, 0x00, 0x00, 0x00, 0x00, 0x00, 0x00, 0x00, 0x00,
  0x00, 0x00, 0x00, 0x00, 0x00, 0x00, 0x00, 0x00, 0x00, 0x00, 0x00, 0x00,
  0x00, 0x00, 0x00, 0x00, 0x00, 0x00, 0x00, 0x00, 0x00, 0x00, 0x00, 0x00,
  0x00, 0x00, 0x00, 0x00, 0x00, 0x00, 0x00, 0x00, 0x00, 0x00, 0x00, 0x00,
  0x00, 0x00, 0x00, 0x00, 0x00, 0x00, 0x00, 0x00, 0x00, 0x00, 0x00, 0x00,
  0x00, 0x00, 0x00, 0x00, 0x00, 0x00, 0x00, 0x00, 0x00, 0x00, 0x00, 0x00,
  0x00, 0x00, 0x00, 0x00, 0x00, 0x00, 0x00, 0x00, 0x00, 0x00, 0x00, 0x00,
  0x00, 0x00, 0x00, 0x00, 0x00, 0x00, 0x00, 0x00, 0x00, 0x00, 0x00, 0x00,
  0x00, 0x00, 0x00, 0x00, 0x00, 0x00, 0x00, 0x00, 0x00, 0x00, 0x00, 0x00,
  0x00, 0x00, 0x00, 0x00, 0x00, 0x00, 0x00, 0x00, 0x00, 0x00, 0x00, 0x00,
  0x00, 0x00, 0x00, 0x00, 0x00, 0x00, 0x00, 0x00, 0x00, 0x00, 0x00, 0x00,
  0x00, 0x00, 0x00, 0x00, 0x00, 0x00, 0x00, 0x00, 0x00, 0x00, 0x00, 0x00,
  0x00, 0x00, 0x00, 0x00, 0x00, 0x00, 0x00, 0x00, 0x00, 0x00, 0x00, 0x00,
  0x00, 0x00, 0x00, 0x00, 0x00, 0x00, 0x00, 0x00, 0x00, 0x00, 0x00, 0x00,
  0x00, 0x00, 0x00, 0x00, 0x00, 0x00, 0x00, 0x00, 0x00, 0x00, 0x00, 0x00,
  0x00, 0x00, 0x00, 0x00, 0x00, 0x00, 0x00, 0x00, 0x00, 0x00, 0x00, 0x00,
  0x00, 0x00, 0x00, 0x00, 0x00, 0x00, 0x00, 0x00, 0x00, 0x00, 0x00, 0x00,
  0x00, 0x00, 0x00, 0x00, 0x00, 0x00, 0x00, 0x00, 0x00, 0x00, 0x00, 0x00,
  0x00, 0x00, 0x00, 0x00, 0x00, 0x00, 0x00, 0x00, 0x00, 0x00, 0x00, 0x00,
  0x00, 0x00, 0x00, 0x00, 0x00, 0x00, 0x00, 0x00, 0x00, 0x00, 0x00, 0x00,
  0x00, 0x00, 0x00, 0x00, 0x00, 0x00, 0x00, 0x00, 0x00, 0x00, 0x00, 0x00,
  0x00, 0x00, 0x00, 0x00, 0x00, 0x00, 0x00, 0x00, 0x00, 0x00, 0x00, 0x00,
  0x00, 0x00, 0x00, 0x00, 0x00, 0x00, 0x00, 0x00, 0x00, 0x00, 0x00, 0x00,
  0x00, 0x00, 0x00, 0x00, 0x00, 0x00, 0x00, 0x00, 0x00, 0x00, 0x00, 0x00,
  0x00, 0x00, 0x00, 0x00, 0x00, 0x00, 0x00, 0x00, 0x00, 0x00, 0x00, 0x00,
  0x00, 0x00, 0x00, 0x00, 0x00, 0x00, 0x00, 0x00, 0x00, 0x00, 0x00, 0x00,
  0x00, 0x00, 0x00, 0x00, 0x00, 0x00, 0x21, 0x21, 0x31, 0x21, 0x21, 0x31,
  0x21, 0x21, 0x31, 0x00, 0x00, 0x00, 0x00, 0x00, 0x00, 0x21, 0x21, 0x31,
  0x21, 0x21, 0x31, 0x21, 0x21, 0x31, 0x21, 0x21, 0x31, 0x21, 0x21, 0x31,
  0x21, 0x21, 0x31, 0x21, 0x21, 0x31, 0x31, 0x31, 0x42, 0x31, 0x31, 0x42,
  0x52, 0x52, 0x63, 0x21, 0x21, 0x31, 0x21, 0x21, 0x31, 0x21, 0x21, 0x31,
  0x21, 0x21, 0x31, 0x31, 0x31, 0x42, 0x21, 0x21, 0x31, 0x21, 0x21, 0x31,
  0x21, 0x21, 0x31, 0x31, 0x31, 0x42, 0x21, 0x21, 0x31, 0x31, 0x31, 0x42,
  0x31, 0x31, 0x42, 0x31, 0x31, 0x42, 0x31, 0x31, 0x42, 0x31, 0x31, 0x42,
  0x31, 0x31, 0x42, 0x31, 0x31, 0x42, 0x31, 0x31, 0x42, 0x31, 0x31, 0x42,
  0x31, 0x31, 0x42, 0x31, 0x31, 0x42, 0x31, 0x31, 0x42, 0x31, 0x31, 0x42,
  0x31, 0x31, 0x42, 0x21, 0x21, 0x31, 0x21, 0x21, 0x31, 0x21, 0x21, 0x31,
  0x31, 0x31, 0x42, 0x21, 0x21, 0x31, 0x31, 0x31, 0x42, 0x31, 0x31, 0x42,
  0x31, 0x31, 0x42, 0x21, 0x21, 0x31, 0x21, 0x21, 0x31, 0x21, 0x21, 0x31,
  0x31, 0x31, 0x42, 0x21, 0x21, 0x31, 0x31, 0x31, 0x42, 0x31, 0x31, 0x42,
  0x31, 0x31, 0x42, 0x21, 0x21, 0x31, 0x21, 0x21, 0x31, 0x21, 0x21, 0x31,
  0x31, 0x31, 0x42, 0x21, 0x21, 0x31, 0x31, 0x31, 0x42, 0x31, 0x31, 0x42,
  0x31, 0x31, 0x42, 0x21, 0x21, 0x31, 0x21, 0x21, 0x31, 0x21, 0x21, 0x31,
  0x31, 0x31, 0x42, 0x21, 0x21, 0x31, 0x31, 0x31, 0x42, 0x31, 0x31, 0x42,
  0x31, 0x31, 0x42, 0x21, 0x21, 0x31, 0x21, 0x21, 0x31, 0x21, 0x21, 0x31,
  0x31, 0x31, 0x42, 0x21, 0x21, 0x31, 0x31, 0x31, 0x42, 0x31, 0x31, 0x42,
  0x31, 0x31, 0x42, 0x21, 0x21, 0x31, 0x21, 0x21, 0x31, 0x21, 0x21, 0x31,
  0x31, 0x31, 0x42, 0x31, 0x31, 0x42, 0x31, 0x31, 0x42, 0x21, 0x21, 0x31,
  0x21, 0x21, 0x31, 0x21, 0x21, 0x31, 0x21, 0x21, 0x31, 0x21, 0x21, 0x31,
  0x21, 0x21, 0x31, 0x31, 0x31, 0x42, 0x31, 0x31, 0x42, 0x31, 0x31, 0x42,
  0x31, 0x31, 0x42, 0x21, 0x21, 0x31, 0x31, 0x31, 0x42, 0x21, 0x21, 0x31,
  0x21, 0x21, 0x31, 0x21, 0x21, 0x31, 0x21, 0x21, 0x31, 0x21, 0x21, 0x31,
  0x21, 0x21, 0x31, 0x21, 0x21, 0x31, 0x21, 0x21, 0x31, 0x21, 0x21, 0x31,
  0x21, 0x21, 0x31, 0x21, 0x21, 0x31, 0x21, 0x21, 0x31, 0x21, 0x21, 0x31,
  0x21, 0x21, 0x31, 0x21, 0x21, 0x31, 0x00, 0x00, 0x10, 0x00, 0x00, 0x10,
  0x00, 0x00, 0x10, 0x00, 0x00, 0x10, 0x00, 0x00, 0x10, 0x00, 0x00, 0x10,
  0x52, 0x52, 0x63, 0x73, 0x73, 0x84, 0x21, 0x21, 0x31, 0x31, 0x31, 0x42,
  0x21, 0x21, 0x31, 0x21, 0x21, 0x31, 0x21, 0x21, 0x31, 0x21, 0x21, 0x31,
  0x21, 0x21, 0x31, 0x52, 0x52, 0x63, 0x00, 0x00, 0x00, 0x21, 0x21, 0x31,
  0x21, 0x21, 0x31, 0x21, 0x21, 0x31, 0x21, 0x21, 0x31, 0x21, 0x21, 0x31,
  0x00, 0x00, 0x00, 0x00, 0x00, 0x00, 0x00, 0x00, 0x00, 0x00, 0x00, 0x00,
  0x00, 0x00, 0x00, 0x00, 0x00, 0x00, 0x00, 0x00, 0x00, 0x00, 0x00, 0x00,
  0x00, 0x00, 0x00, 0x00, 0x00, 0x00, 0x00, 0x00, 0x00, 0x00, 0x00, 0x00,
  0x00, 0x00, 0x00, 0x00, 0x00, 0x00, 0x00, 0x00, 0x00, 0x00, 0x00, 0x00,
  0x00, 0x00, 0x00, 0x00, 0x00, 0x00, 0x00, 0x00, 0x00, 0x00, 0x00, 0x00,
  0x00, 0x00, 0x00, 0x00, 0x00, 0x00, 0x00, 0x00, 0x00, 0x00, 0x00, 0x00,
  0x00, 0x00, 0x00, 0x00, 0x00, 0x00, 0x00, 0x00, 0x00, 0x00, 0x00, 0x00,
  0x00, 0x00, 0x00, 0x00, 0x00, 0x00, 0x00, 0x00, 0x00, 0x00, 0x00, 0x00,
  0x00, 0x00, 0x00, 0x00, 0x00, 0x00, 0x00, 0x00, 0x00, 0x00, 0x00, 0x00,
  0x00, 0x00, 0x00, 0x00, 0x00, 0x00, 0x00, 0x00, 0x00, 0x00, 0x00, 0x00,
  0x00, 0x00, 0x00, 0x00, 0x00, 0x00, 0x00, 0x00, 0x00, 0x00, 0x00, 0x00,
  0x00, 0x00, 0x00, 0x00, 0x00, 0x00, 0x00, 0x00, 0x00, 0x00, 0x00, 0x00,
  0x00, 0x00, 0x00, 0x00, 0x00, 0x00, 0x00, 0x00, 0x00, 0x00, 0x00, 0x00,
  0x00, 0x00, 0x00, 0x00, 0x00, 0x00, 0x00, 0x00, 0x00, 0x00, 0x00, 0x00,
  0x00, 0x00, 0x00, 0x00, 0x00, 0x00, 0x00, 0x00, 0x00, 0x00, 0x00, 0x00,
  0x00, 0x00, 0x00, 0x00, 0x00, 0x00, 0x00, 0x00, 0x00, 0x00, 0x00, 0x00,
  0x00, 0x00, 0x00, 0x00, 0x00, 0x00, 0x00, 0x00, 0x00, 0x00, 0x00, 0x00,
  0x00, 0x00, 0x00, 0x00, 0x00, 0x00, 0x00, 0x00, 0x00, 0x00, 0x00, 0x00,
  0x00, 0x00, 0x00, 0x00, 0x00, 0x00, 0x00, 0x00, 0x00, 0x00, 0x00, 0x00,
  0x00, 0x00, 0x00, 0x00, 0x00, 0x00, 0x00, 0x00, 0x00, 0x00, 0x00, 0x00,
  0x00, 0x00, 0x00, 0x00, 0x00, 0x00, 0x00, 0x00, 0x00, 0x00, 0x00, 0x00,
  0x00, 0x00, 0x00, 0x00, 0x00, 0x00, 0x00, 0x00, 0x00, 0x00, 0x00, 0x00,
  0x00, 0x00, 0x00, 0x00, 0x00, 0x00, 0x00, 0x00, 0x00, 0x00, 0x00, 0x00,
  0x00, 0x00, 0x00, 0x00, 0x00, 0x00, 0x00, 0x00, 0x00, 0x00, 0x00, 0x00,
  0x00, 0x00, 0x00, 0x00, 0x00, 0x00, 0x00, 0x00, 0x00, 0x00, 0x00, 0x00,
  0x00, 0x00, 0x00, 0x00, 0x00, 0x00, 0x00, 0x00, 0x00, 0x00, 0x00, 0x00,
  0x00, 0x00, 0x00, 0x00, 0x00, 0x00, 0x00, 0x00, 0x00, 0x00, 0x00, 0x00,
  0x00, 0x00, 0x00, 0x00, 0x00, 0x00, 0x00, 0x00, 0x00, 0x00, 0x00, 0x00,
  0x00, 0x00, 0x00, 0x00, 0x00, 0x00, 0x00, 0x00, 0x00, 0x00, 0x00, 0x00,
  0x00, 0x00, 0x00, 0x00, 0x00, 0x00, 0x00, 0x00, 0x00, 0x00, 0x00, 0x00,
  0x00, 0x00, 0x00, 0x21, 0x21, 0x31, 0x21, 0x21, 0x31, 0x21, 0x21, 0x31,
  0x21, 0x21, 0x31, 0x21, 0x21, 0x31, 0x00, 0x00, 0x00, 0x52, 0x52, 0x63,
  0x21, 0x21, 0x31, 0x21, 0x21, 0x31, 0x21, 0x21, 0x31, 0x21, 0x21, 0x31,
  0x21, 0x21, 0x31, 0x31, 0x31, 0x42, 0x21, 0x21, 0x31, 0x31, 0x31, 0x42,
  0x52, 0x52, 0x63, 0x21, 0x21, 0x31, 0x21, 0x21, 0x31, 0x31, 0x31, 0x42,
  0x21, 0x21, 0x31, 0x21, 0x21, 0x31, 0x21, 0x21, 0x31, 0x21, 0x21, 0x31,
  0x31, 0x31, 0x42, 0x21, 0x21, 0x31, 0x21, 0x21, 0x31, 0x21, 0x21, 0x31,
  0x31, 0x31, 0x42, 0x31, 0x31, 0x42, 0x31, 0x31, 0x42, 0x31, 0x31, 0x42,
  0x31, 0x31, 0x42, 0x31, 0x31, 0x42, 0x31, 0x31, 0x42, 0x31, 0x31, 0x42,
  0x31, 0x31, 0x42, 0x31, 0x31, 0x42, 0x21, 0x21, 0x31, 0x21, 0x21, 0x31,
  0x21, 0x21, 0x31, 0x21, 0x21, 0x31, 0x21, 0x21, 0x31, 0x21, 0x21, 0x31,
  0x21, 0x21, 0x31, 0x21, 0x21, 0x31, 0x21, 0x21, 0x31, 0x21, 0x21, 0x31,
  0x21, 0x21, 0x31, 0x21, 0x21, 0x31, 0x21, 0x21, 0x31, 0x21, 0x21, 0x31,
  0x21, 0x21, 0x31, 0x21, 0x21, 0x31, 0x21, 0x21, 0x31, 0x21, 0x21, 0x31,
  0x21, 0x21, 0x31, 0x21, 0x21, 0x31, 0x21, 0x21, 0x31, 0x21, 0x21, 0x31,
  0x21, 0x21, 0x31, 0x21, 0x21, 0x31, 0x21, 0x21, 0x31, 0x21, 0x21, 0x31,
  0x21, 0x21, 0x31, 0x21, 0x21, 0x31, 0x21, 0x21, 0x31, 0x21, 0x21, 0x31,
  0x21, 0x21, 0x31, 0x21, 0x21, 0x31, 0x21, 0x21, 0x31, 0x21, 0x21, 0x31,
  0x21, 0x21, 0x31, 0x21, 0x21, 0x31, 0x21, 0x21, 0x31, 0x21, 0x21, 0x31,
  0x21, 0x21, 0x31, 0x21, 0x21, 0x31, 0x21, 0x21, 0x31, 0x21, 0x21, 0x31,
  0x21, 0x21, 0x31, 0x21, 0x21, 0x31, 0x21, 0x21, 0x31, 0x21, 0x21, 0x31,
  0x21, 0x21, 0x31, 0x21, 0x21, 0x31, 0x21, 0x21, 0x31, 0x21, 0x21, 0x31,
  0x21, 0x21, 0x31, 0x21, 0x21, 0x31, 0x21, 0x21, 0x31, 0x21, 0x21, 0x31,
  0x21, 0x21, 0x31, 0x21, 0x21, 0x31, 0x21, 0x21, 0x31, 0x21, 0x21, 0x31,
  0x31, 0x31, 0x42, 0x31, 0x31, 0x42, 0x31, 0x31, 0x42, 0x31, 0x31, 0x42,
  0x21, 0x21, 0x31, 0x21, 0x21, 0x31, 0x31, 0x31, 0x42, 0x21, 0x21, 0x31,
  0x21, 0x21, 0x31, 0x21, 0x21, 0x31, 0x21, 0x21, 0x31, 0x21, 0x21, 0x31,
  0x21, 0x21, 0x31, 0x21, 0x21, 0x31, 0x21, 0x21, 0x31, 0x21, 0x21, 0x31,
  0x21, 0x21, 0x31, 0x21, 0x21, 0x31, 0x21, 0x21, 0x31, 0x21, 0x21, 0x31,
  0x21, 0x21, 0x31, 0x21, 0x21, 0x31, 0x21, 0x21, 0x31, 0x52, 0x52, 0x63,
  0x52, 0x52, 0x63, 0x31, 0x31, 0x42, 0x52, 0x52, 0x63, 0x21, 0x21, 0x31,
  0x21, 0x21, 0x31, 0x21, 0x21, 0x31, 0x21, 0x21, 0x31, 0x21, 0x21, 0x31,
  0x21, 0x21, 0x31, 0x73, 0x73, 0x84, 0x21, 0x21, 0x31, 0x52, 0x52, 0x63,
  0x52, 0x52, 0x63, 0x21, 0x21, 0x31, 0x21, 0x21, 0x31, 0x21, 0x21, 0x31,
  0x21, 0x21, 0x31, 0x21, 0x21, 0x31, 0x00, 0x00, 0x00, 0x00, 0x00, 0x00,
  0x00, 0x00, 0x00, 0x00, 0x00, 0x00, 0x00, 0x00, 0x00, 0x00, 0x00, 0x00,
  0x00, 0x00, 0x00, 0x00, 0x00, 0x00, 0x00, 0x00, 0x00, 0x00, 0x00, 0x00,
  0x00, 0x00, 0x00, 0x00, 0x00, 0x00, 0x00, 0x00, 0x00, 0x00, 0x00, 0x00,
  0x00, 0x00, 0x00, 0x00, 0x00, 0x00, 0x00, 0x00, 0x00, 0x00, 0x00, 0x00,
  0x00, 0x00, 0x00, 0x00, 0x00, 0x00, 0x00, 0x00, 0x00, 0x00, 0x00, 0x00,
  0x00, 0x00, 0x00, 0x00, 0x00, 0x00, 0x00, 0x00, 0x00, 0x00, 0x00, 0x00,
  0x00, 0x00, 0x00, 0x00, 0x00, 0x00, 0x00, 0x00, 0x00, 0x00, 0x00, 0x00,
  0x00, 0x00, 0x00, 0x00, 0x00, 0x00, 0x00, 0x00, 0x00, 0x00, 0x00, 0x00,
  0x00, 0x00, 0x00, 0x00, 0x00, 0x00, 0x00, 0x00, 0x00, 0x00, 0x00, 0x00,
  0x00, 0x00, 0x00, 0x00, 0x00, 0x00, 0x00, 0x00, 0x00, 0x00, 0x00, 0x00,
  0x00, 0x00, 0x00, 0x00, 0x00, 0x00, 0x00, 0x00, 0x00, 0x00, 0x00, 0x00,
  0x00, 0x00, 0x00, 0x00, 0x00, 0x00, 0x00, 0x00, 0x00, 0x00, 0x00, 0x00,
  0x00, 0x00, 0x00, 0x00, 0x00, 0x00, 0x00, 0x00, 0x00, 0x00, 0x00, 0x00,
  0x00, 0x00, 0x00, 0x00, 0x00, 0x00, 0x00, 0x00, 0x00, 0x00, 0x00, 0x00,
  0x00, 0x00, 0x00, 0x00, 0x00, 0x00, 0x00, 0x00, 0x00, 0x00, 0x00, 0x00,
  0x00, 0x00, 0x00, 0x00, 0x00, 0x00, 0x00, 0x00, 0x00, 0x00, 0x00, 0x00,
  0x00, 0x00, 0x00, 0x00, 0x00, 0x00, 0x00, 0x00, 0x00, 0x00, 0x00, 0x00,
  0x00, 0x00, 0x00, 0x00, 0x00, 0x00, 0x00, 0x00, 0x00, 0x00, 0x00, 0x00,
  0x00, 0x00, 0x00, 0x00, 0x00, 0x00, 0x00, 0x00, 0x00, 0x00, 0x00, 0x00,
  0x00, 0x00, 0x00, 0x00, 0x00, 0x00, 0x00, 0x00, 0x00, 0x00, 0x00, 0x00,
  0x00, 0x00, 0x00, 0x00, 0x00, 0x00, 0x00, 0x00, 0x00, 0x00, 0x00, 0x00,
  0x00, 0x00, 0x00, 0x00, 0x00, 0x00, 0x00, 0x00, 0x00, 0x00, 0x00, 0x00,
  0x00, 0x00, 0x00, 0x00, 0x00, 0x00, 0x00, 0x00, 0x00, 0x00, 0x00, 0x00,
  0x00, 0x00, 0x00, 0x00, 0x00, 0x00, 0x00, 0x00, 0x00, 0x00, 0x00, 0x00,
  0x00, 0x00, 0x00, 0x00, 0x00, 0x00, 0x00, 0x00, 0x00, 0x00, 0x00, 0x00,
  0x00, 0x00, 0x00, 0x00, 0x00, 0x00, 0x00, 0x00, 0x00, 0x00, 0x00, 0x00,
  0x00, 0x00, 0x00, 0x00, 0x00, 0x00, 0x00, 0x00, 0x00, 0x00, 0x00, 0x00,
  0x00, 0x00, 0x00, 0x00, 0x00, 0x00, 0x00, 0x00, 0x00, 0x00, 0x00, 0x00,
  0x00, 0x00, 0x00, 0x00, 0x00, 0x00, 0x00, 0x00, 0x00, 0x21, 0x21, 0x31,
  0x21, 0x21, 0x31, 0x21, 0x21, 0x31, 0x21, 0x21, 0x31, 0x21, 0x21, 0x31,
  0x52, 0x52, 0x63, 0x52, 0x52, 0x63, 0x21, 0x21, 0x31, 0x73, 0x73, 0x84,
  0x21, 0x21, 0x31, 0x21, 0x21, 0x31, 0x21, 0x21, 0x31, 0x21, 0x21, 0x31,
  0x21, 0x21, 0x31, 0x21, 0x21, 0x31, 0x31, 0x31, 0x42, 0x31, 0x31, 0x42,
  0x52, 0x52, 0x63, 0x31, 0x31, 0x42, 0x21, 0x21, 0x31, 0x21, 0x21, 0x31,
  0x21, 0x21, 0x31, 0x31, 0x31, 0x42, 0x21, 0x21, 0x31, 0x31, 0x31, 0x42,
  0x21, 0x21, 0x31, 0x31, 0x31, 0x42, 0x31, 0x31, 0x42, 0x31, 0x31, 0x42,
  0x31, 0x31, 0x42, 0x31, 0x31, 0x42, 0x31, 0x31, 0x42, 0x31, 0x31, 0x42,
  0x31, 0x31, 0x42, 0x31, 0x31, 0x42, 0x31, 0x31, 0x42, 0x31, 0x31, 0x42,
  0x21, 0x21, 0x31, 0x31, 0x31, 0x42, 0x21, 0x21, 0x31, 0x21, 0x21, 0x31,
  0x21, 0x21, 0x31, 0x21, 0x21, 0x31, 0x21, 0x21, 0x31, 0x21, 0x21, 0x31,
  0x21, 0x21, 0x31, 0x21, 0x21, 0x31, 0x21, 0x21, 0x31, 0x21, 0x21, 0x31,
  0x21, 0x21, 0x31, 0x21, 0x21, 0x31, 0x21, 0x21, 0x31, 0x21, 0x21, 0x31,
  0x21, 0x21, 0x31, 0x21, 0x21, 0x31, 0x21, 0x21, 0x31, 0x21, 0x21, 0x31,
  0x21, 0x21, 0x31, 0x21, 0x21, 0x31, 0x21, 0x21, 0x31, 0x21, 0x21, 0x31,
  0x21, 0x21, 0x31, 0x21, 0x21, 0x31, 0x21, 0x21, 0x31, 0x21, 0x21, 0x31,
  0x21, 0x21, 0x31, 0x21, 0x21, 0x31, 0x21, 0x21, 0x31, 0x21, 0x21, 0x31,
  0x21, 0x21, 0x31, 0x21, 0x21, 0x31, 0x21, 0x21, 0x31, 0x21, 0x21, 0x31,
  0x21, 0x21, 0x31, 0x21, 0x21, 0x31, 0x21, 0x21, 0x31, 0x21, 0x21, 0x31,
  0x21, 0x21, 0x31, 0x21, 0x21, 0x31, 0x21, 0x21, 0x31, 0x21, 0x21, 0x31,
  0x21, 0x21, 0x31, 0x21, 0x21, 0x31, 0x21, 0x21, 0x31, 0x21, 0x21, 0x31,
  0x21, 0x21, 0x31, 0x21, 0x21, 0x31, 0x21, 0x21, 0x31, 0x21, 0x21, 0x31,
  0x21, 0x21, 0x31, 0x21, 0x21, 0x31, 0x21, 0x21, 0x31, 0x21, 0x21, 0x31,
  0x21, 0x21, 0x31, 0x21, 0x21, 0x31, 0x21, 0x21, 0x31, 0x21, 0x21, 0x31,
  0x31, 0x31, 0x42, 0x31, 0x31, 0x42, 0x31, 0x31, 0x42, 0x31, 0x31, 0x42,
  0x31, 0x31, 0x42, 0x21, 0x21, 0x31, 0x31, 0x31, 0x42, 0x21, 0x21, 0x31,
  0x21, 0x21, 0x31, 0x31, 0x31, 0x42, 0x21, 0x21, 0x31, 0x31, 0x31, 0x42,
  0x21, 0x21, 0x31, 0x21, 0x21, 0x31, 0x21, 0x21, 0x31, 0x21, 0x21, 0x31,
  0x31, 0x31, 0x42, 0x21, 0x21, 0x31, 0x31, 0x31, 0x42, 0x21, 0x21, 0x31,
  0x21, 0x21, 0x31, 0x21, 0x21, 0x31, 0x21, 0x21, 0x31, 0x52, 0x52, 0x63,
  0x31, 0x31, 0x42, 0x73, 0x73, 0x84, 0x21, 0x21, 0x31, 0x31, 0x31, 0x42,
  0x21, 0x21, 0x31, 0x21, 0x21, 0x31, 0x21, 0x21, 0x31, 0x21, 0x21, 0x31,
  0x21, 0x21, 0x31, 0x21, 0x21, 0x31, 0x73, 0x73, 0x84, 0x21, 0x21, 0x31,
  0x52, 0x52, 0x63, 0x52, 0x52, 0x63, 0x21, 0x21, 0x31, 0x21, 0x21, 0x31,
  0x21, 0x21, 0x31, 0x21, 0x21, 0x31, 0x21, 0x21, 0x31, 0x21, 0x21, 0x31,
  0x21, 0x21, 0x31, 0x00, 0x00, 0x10, 0x00, 0x00, 0x10, 0x00, 0x00, 0x10,
  0x00, 0x00, 0x10, 0x00, 0x00, 0x10, 0x00, 0x00, 0x10, 0x00, 0x00, 0x10,
  0x00, 0x00, 0x10, 0x00, 0x00, 0x10, 0x00, 0x00, 0x10, 0x00, 0x00, 0x10,
  0x00, 0x00, 0x10, 0x00, 0x00, 0x10, 0x00, 0x00, 0x10, 0x00, 0x00, 0x10,
  0x00, 0x00, 0x10, 0x00, 0x00, 0x10, 0x00, 0x00, 0x10, 0x00, 0x00, 0x10,
  0x00, 0x00, 0x10, 0x00, 0x00, 0x10, 0x00, 0x00, 0x10, 0x00, 0x00, 0x10,
  0x00, 0x00, 0x10, 0x00, 0x00, 0x10, 0x00, 0x00, 0x10, 0x00, 0x00, 0x10,
  0x00, 0x00, 0x10, 0x00, 0x00, 0x10, 0x00, 0x00, 0x10, 0x00, 0x00, 0x10,
  0x00, 0x00, 0x10, 0x00, 0x00, 0x10, 0x00, 0x00, 0x10, 0x00, 0x00, 0x10,
  0x00, 0x00, 0x10, 0x00, 0x00, 0x10, 0x00, 0x00, 0x10, 0x00, 0x00, 0x10,
  0x00, 0x00, 0x10, 0x00, 0x00, 0x10, 0x00, 0x00, 0x10, 0x00, 0x00, 0x10,
  0x00, 0x00, 0x10, 0x00, 0x00, 0x10, 0x00, 0x00, 0x10, 0x00, 0x00, 0x10,
  0x00, 0x00, 0x10, 0x00, 0x00, 0x10, 0x00, 0x00, 0x10, 0x00, 0x00, 0x10,
  0x00, 0x00, 0x10, 0x00, 0x00, 0x10, 0x00, 0x00, 0x10, 0x00, 0x00, 0x10,
  0x00, 0x00, 0x10, 0x00, 0x00, 0x10, 0x00, 0x00, 0x10, 0x00, 0x00, 0x10,
  0x00, 0x00, 0x10, 0x00, 0x00, 0x10, 0x00, 0x00, 0x10, 0x00, 0x00, 0x10,
  0x00, 0x00, 0x10, 0x00, 0x00, 0x10, 0x00, 0x00, 0x10, 0x00, 0x00, 0x10,
  0x00, 0x00, 0x10, 0x00, 0x00, 0x10, 0x00, 0x00, 0x10, 0x00, 0x00, 0x10,
  0x00, 0x00, 0x10, 0x00, 0x00, 0x10, 0x00, 0x00, 0x10, 0x00, 0x00, 0x10,
  0x00, 0x00, 0x10, 0x00, 0x00, 0x10, 0x00, 0x00, 0x10, 0x00, 0x00, 0x10,
  0x00, 0x00, 0x10, 0x00, 0x00, 0x10, 0x00, 0x00, 0x10, 0x00, 0x00, 0x10,
  0x00, 0x00, 0x10, 0x00, 0x00, 0x10, 0x00, 0x00, 0x10, 0x00, 0x00, 0x10,
  0x00, 0x00, 0x10, 0x00, 0x00, 0x10, 0x00, 0x00, 0x10, 0x00, 0x00, 0x10,
  0x00, 0x00, 0x10, 0x00, 0x00, 0x10, 0x00, 0x00, 0x10, 0x00, 0x00, 0x10,
  0x00, 0x00, 0x10, 0x00, 0x00, 0x10, 0x00, 0x00, 0x10, 0x00, 0x00, 0x10,
  0x00, 0x00, 0x10, 0x00, 0x00, 0x10, 0x00, 0x00, 0x10, 0x00, 0x00, 0x10,
  0x00, 0x00, 0x10, 0x00, 0x00, 0x10, 0x00, 0x00, 0x10, 0x00, 0x00, 0x10,
  0x00, 0x00, 0x10, 0x00, 0x00, 0x10, 0x00, 0x00, 0x10, 0x00, 0x00, 0x10,
  0x21, 0x21, 0x31, 0x21, 0x21, 0x31, 0x21, 0x21, 0x31, 0x21, 0x21, 0x31,
  0x21, 0x21, 0x31, 0x21, 0x21, 0x31, 0x21, 0x21, 0x31, 0x52, 0x52, 0x63,
  0x52, 0x52, 0x63, 0x21, 0x21, 0x31, 0x73, 0x73, 0x84, 0x21, 0x21, 0x31,
  0x21, 0x21, 0x31, 0x21, 0x21, 0x31, 0x21, 0x21, 0x31, 0x21, 0x21, 0x31,
  0x21, 0x21, 0x31, 0x31, 0x31, 0x42, 0x21, 0x21, 0x31, 0x31, 0x31, 0x42,
  0x31, 0x31, 0x42, 0x52, 0x52, 0x63, 0x31, 0x31, 0x42, 0x21, 0x21, 0x31,
  0x21, 0x21, 0x31, 0x21, 0x21, 0x31, 0x31, 0x31, 0x42, 0x21, 0x21, 0x31,
  0x21, 0x21, 0x31, 0x31, 0x31, 0x42, 0x31, 0x31, 0x42, 0x31, 0x31, 0x42,
  0x31, 0x31, 0x42, 0x31, 0x31, 0x42, 0x31, 0x31, 0x42, 0x31, 0x31, 0x42,
  0x31, 0x31, 0x42, 0x31, 0x31, 0x42, 0x31, 0x31, 0x42, 0x21, 0x21, 0x31,
  0x21, 0x21, 0x31, 0x21, 0x21, 0x31, 0x21, 0x21, 0x31, 0x21, 0x21, 0x31,
  0x21, 0x21, 0x31, 0x31, 0x31, 0x42, 0x21, 0x21, 0x31, 0x21, 0x21, 0x31,
  0x21, 0x21, 0x31, 0x21, 0x21, 0x31, 0x21, 0x21, 0x31, 0x10, 0x10, 0x21,
  0x10, 0x10, 0x21, 0x10, 0x10, 0x21, 0x10, 0x10, 0x21, 0x10, 0x10, 0x21,
  0x10, 0x10, 0x21, 0x10, 0x10, 0x21, 0x10, 0x10, 0x21, 0x10, 0x10, 0x21,
  0x10, 0x10, 0x21, 0x10, 0x10, 0x21, 0x10, 0x10, 0x21, 0x10, 0x10, 0x21,
  0x10, 0x10, 0x21, 0x10, 0x10, 0x21, 0x10, 0x10, 0x21, 0x10, 0x10, 0x21,
  0x10, 0x10, 0x21, 0x10, 0x10, 0x21, 0x10, 0x10, 0x21, 0x10, 0x10, 0x21,
  0x10, 0x10, 0x21, 0x10, 0x10, 0x21, 0x10, 0x10, 0x21, 0x10, 0x10, 0x21,
  0x10, 0x10, 0x21, 0x10, 0x10, 0x21, 0x10, 0x10, 0x21, 0x10, 0x10, 0x21,
  0x10, 0x10, 0x21, 0x10, 0x10, 0x21, 0x10, 0x10, 0x21, 0x10, 0x10, 0x21,
  0x10, 0x10, 0x21, 0x10, 0x10, 0x21, 0x10, 0x10, 0x21, 0x10, 0x10, 0x21,
  0x10, 0x10, 0x21, 0x10, 0x10, 0x21, 0x10, 0x10, 0x21, 0x10, 0x10, 0x21,
  0x10, 0x10, 0x21, 0x10, 0x10, 0x21, 0x10, 0x10, 0x21, 0x10, 0x10, 0x21,
  0x10, 0x10, 0x21, 0x10, 0x10, 0x21, 0x10, 0x10, 0x21, 0x10, 0x10, 0x21,
  0x31, 0x31, 0x42, 0x31, 0x31, 0x42, 0x31, 0x31, 0x42, 0x31, 0x31, 0x42,
  0x31, 0x31, 0x42, 0x31, 0x31, 0x42, 0x31, 0x31, 0x42, 0x31, 0x31, 0x42,
  0x31, 0x31, 0x42, 0x31, 0x31, 0x42, 0x31, 0x31, 0x42, 0x21, 0x21, 0x31,
  0x31, 0x31, 0x42, 0x31, 0x31, 0x42, 0x21, 0x21, 0x31, 0x31, 0x31, 0x42,
  0x21, 0x21, 0x31, 0x21, 0x21, 0x31, 0x21, 0x21, 0x31, 0x21, 0x21, 0x31,
  0x31, 0x31, 0x42, 0x21, 0x21, 0x31, 0x31, 0x31, 0x42, 0x52, 0x52, 0x63,
  0x73, 0x73, 0x84, 0x52, 0x52, 0x63, 0x31, 0x31, 0x42, 0x21, 0x21, 0x31,
  0x21, 0x21, 0x31, 0x21, 0x21, 0x31, 0x21, 0x21, 0x31, 0x21, 0x21, 0x31,
  0x21, 0x21, 0x31, 0x21, 0x21, 0x31, 0x21, 0x21, 0x31, 0x73, 0x73, 0x84,
  0x21, 0x21, 0x31, 0x52, 0x52, 0x63, 0x52, 0x52, 0x63, 0x31, 0x31, 0x42,
  0x52, 0x52, 0x63, 0x21, 0x21, 0x31, 0x21, 0x21, 0x31, 0x52, 0x52, 0x63,
  0x21, 0x21, 0x31, 0x21, 0x21, 0x31, 0x21, 0x21, 0x31, 0x21, 0x21, 0x31,
  0x21, 0x21, 0x31, 0x21, 0x21, 0x31, 0x21, 0x21, 0x31, 0x21, 0x21, 0x31,
  0x21, 0x21, 0x31, 0x21, 0x21, 0x31, 0x21, 0x21, 0x31, 0x21, 0x21, 0x31,
  0x21, 0x21, 0x31, 0x21, 0x21, 0x31, 0x21, 0x21, 0x31, 0x21, 0x21, 0x31,
  0x21, 0x21, 0x31, 0x21, 0x21, 0x31, 0x21, 0x21, 0x31, 0x21, 0x21, 0x31,
  0x21, 0x21, 0x31, 0x21, 0x21, 0x31, 0x21, 0x21, 0x31, 0x21, 0x21, 0x31,
  0x21, 0x21, 0x31, 0x21, 0x21, 0x31, 0x21, 0x21, 0x31, 0x21, 0x21, 0x31,
  0x21, 0x21, 0x31, 0x21, 0x21, 0x31, 0x21, 0x21, 0x31, 0x21, 0x21, 0x31,
  0x21, 0x21, 0x31, 0x21, 0x21, 0x31, 0x21, 0x21, 0x31, 0x21, 0x21, 0x31,
  0x21, 0x21, 0x31, 0x21, 0x21, 0x31, 0x21, 0x21, 0x31, 0x21, 0x21, 0x31,
  0x21, 0x21, 0x31, 0x21, 0x21, 0x31, 0x21, 0x21, 0x31, 0x21, 0x21, 0x31,
  0x21, 0x21, 0x31, 0x21, 0x21, 0x31, 0x21, 0x21, 0x31, 0x21, 0x21, 0x31,
  0x21, 0x21, 0x31, 0x21, 0x21, 0x31, 0x21, 0x21, 0x31, 0x21, 0x21, 0x31,
  0x21, 0x21, 0x31, 0x21, 0x21, 0x31, 0x21, 0x21, 0x31, 0x21, 0x21, 0x31,
  0x21, 0x21, 0x31, 0x21, 0x21, 0x31, 0x21, 0x21, 0x31, 0x21, 0x21, 0x31,
  0x21, 0x21, 0x31, 0x21, 0x21, 0x31, 0x21, 0x21, 0x31, 0x21, 0x21, 0x31,
  0x21, 0x21, 0x31, 0x21, 0x21, 0x31, 0x21, 0x21, 0x31, 0x21, 0x21, 0x31,
  0x21, 0x21, 0x31, 0x21, 0x21, 0x31, 0x21, 0x21, 0x31, 0x21, 0x21, 0x31,
  0x21, 0x21, 0x31, 0x21, 0x21, 0x31, 0x21, 0x21, 0x31, 0x21, 0x21, 0x31,
  0x21, 0x21, 0x31, 0x21, 0x21, 0x31, 0x21, 0x21, 0x31, 0x21, 0x21, 0x31,
  0x21, 0x21, 0x31, 0x21, 0x21, 0x31, 0x21, 0x21, 0x31, 0x21, 0x21, 0x31,
  0x21, 0x21, 0x31, 0x21, 0x21, 0x31, 0x21, 0x21, 0x31, 0x21, 0x21, 0x31,
  0x21, 0x21, 0x31, 0x21, 0x21, 0x31, 0x21, 0x21, 0x31, 0x21, 0x21, 0x31,
  0x21, 0x21, 0x31, 0x21, 0x21, 0x31, 0x21, 0x21, 0x31, 0x21, 0x21, 0x31,
  0x21, 0x21, 0x31, 0x21, 0x21, 0x31, 0x21, 0x21, 0x31, 0x21, 0x21, 0x31,
  0x21, 0x21, 0x31, 0x21, 0x21, 0x31, 0x21, 0x21, 0x31, 0x21, 0x21, 0x31,
  0x21, 0x21, 0x31, 0x21, 0x21, 0x31, 0x21, 0x21, 0x31, 0x21, 0x21, 0x31,
  0x21, 0x21, 0x31, 0x21, 0x21, 0x31, 0x21, 0x21, 0x31, 0x21, 0x21, 0x31,
  0x21, 0x21, 0x31, 0x52, 0x52, 0x63, 0x21, 0x21, 0x31, 0x21, 0x21, 0x31,
  0x52, 0x52, 0x63, 0x31, 0x31, 0x42, 0x52, 0x52, 0x63, 0x52, 0x52, 0x63,
  0x21, 0x21, 0x31, 0x73, 0x73, 0x84, 0x21, 0x21, 0x31, 0x21, 0x21, 0x31,
  0x21, 0x21, 0x31, 0x21, 0x21, 0x31, 0x21, 0x21, 0x31, 0x21, 0x21, 0x31,
  0x21, 0x21, 0x31, 0x21, 0x21, 0x31, 0x31, 0x31, 0x42, 0x31, 0x31, 0x42,
  0x31, 0x31, 0x42, 0x52, 0x52, 0x63, 0x21, 0x21, 0x31, 0x21, 0x21, 0x31,
  0x21, 0x21, 0x31, 0x21, 0x21, 0x31, 0x31, 0x31, 0x42, 0x31, 0x31, 0x42,
  0x31, 0x31, 0x42, 0x31, 0x31, 0x42, 0x31, 0x31, 0x42, 0x31, 0x31, 0x42,
  0x31, 0x31, 0x42, 0x31, 0x31, 0x42, 0x31, 0x31, 0x42, 0x31, 0x31, 0x42,
  0x31, 0x31, 0x42, 0x31, 0x31, 0x42, 0x31, 0x31, 0x42, 0x21, 0x21, 0x31,
  0x21, 0x21, 0x31, 0x31, 0x31, 0x42, 0x21, 0x21, 0x31, 0x31, 0x31, 0x42,
  0x21, 0x21, 0x31, 0x21, 0x21, 0x31, 0x10, 0x10, 0x21, 0x10, 0x10, 0x21,
  0x10, 0x10, 0x21, 0x10, 0x10, 0x21, 0x10, 0x10, 0x21, 0x10, 0x10, 0x21,
  0x10, 0x10, 0x21, 0x10, 0x10, 0x21, 0x10, 0x10, 0x21, 0x10, 0x10, 0x21,
  0x10, 0x10, 0x21, 0x10, 0x10, 0x21, 0x10, 0x10, 0x21, 0x10, 0x10, 0x21,
  0x10, 0x10, 0x21, 0x10, 0x10, 0x21, 0x10, 0x10, 0x21, 0x10, 0x10, 0x21,
  0x10, 0x10, 0x21, 0x10, 0x10, 0x21, 0x10, 0x10, 0x21, 0x10, 0x10, 0x21,
  0x10, 0x10, 0x21, 0x10, 0x10, 0x21, 0x10, 0x10, 0x21, 0x10, 0x10, 0x21,
  0x10, 0x10, 0x21, 0x10, 0x10, 0x21, 0x10, 0x10, 0x21, 0x10, 0x10, 0x21,
  0x10, 0x10, 0x21, 0x10, 0x10, 0x21, 0x10, 0x10, 0x21, 0x10, 0x10, 0x21,
  0x10, 0x10, 0x21, 0x10, 0x10, 0x21, 0x10, 0x10, 0x21, 0x10, 0x10, 0x21,
  0x10, 0x10, 0x21, 0x10, 0x10, 0x21, 0x10, 0x10, 0x21, 0x10, 0x10, 0x21,
  0x10, 0x10, 0x21, 0x10, 0x10, 0x21, 0x10, 0x10, 0x21, 0x10, 0x10, 0x21,
  0x10, 0x10, 0x21, 0x10, 0x10, 0x21, 0x10, 0x10, 0x21, 0x10, 0x10, 0x21,
  0x10, 0x10, 0x21, 0x10, 0x10, 0x21, 0x10, 0x10, 0x21, 0x10, 0x10, 0x21,
  0x31, 0x31, 0x42, 0x31, 0x31, 0x42, 0x31, 0x31, 0x42, 0x31, 0x31, 0x42,
  0x31, 0x31, 0x42, 0x31, 0x31, 0x42, 0x31, 0x31, 0x42, 0x31, 0x31, 0x42,
  0x31, 0x31, 0x42, 0x31, 0x31, 0x42, 0x31, 0x31, 0x42, 0x31, 0x31, 0x42,
  0x31, 0x31, 0x42, 0x21, 0x21, 0x31, 0x31, 0x31, 0x42, 0x21, 0x21, 0x31,
  0x21, 0x21, 0x31, 0x21, 0x21, 0x31, 0x21, 0x21, 0x31, 0x21, 0x21, 0x31,
  0x21, 0x21, 0x31, 0x31, 0x31, 0x42, 0x21, 0x21, 0x31, 0x52, 0x52, 0x63,
  0x52, 0x52, 0x63, 0x52, 0x52, 0x63, 0x21, 0x21, 0x31, 0x31, 0x31, 0x42,
  0x21, 0x21, 0x31, 0x21, 0x21, 0x31, 0x21, 0x21, 0x31, 0x21, 0x21, 0x31,
  0x21, 0x21, 0x31, 0x21, 0x21, 0x31, 0x21, 0x21, 0x31, 0x52, 0x52, 0x63,
  0x73, 0x73, 0x84, 0x73, 0x73, 0x84, 0x31, 0x31, 0x42, 0x73, 0x73, 0x84,
  0x52, 0x52, 0x63, 0x52, 0x52, 0x63, 0x52, 0x52, 0x63, 0x52, 0x52, 0x63,
  0x52, 0x52, 0x63, 0x52, 0x52, 0x63, 0x52, 0x52, 0x63, 0x21, 0x21, 0x31,
  0x52, 0x52, 0x63, 0x21, 0x21, 0x31, 0x21, 0x21, 0x31, 0x52, 0x52, 0x63,
  0x21, 0x21, 0x31, 0x52, 0x52, 0x63, 0x52, 0x52, 0x63, 0x73, 0x73, 0x84,
  0x52, 0x52, 0x63, 0x52, 0x52, 0x63, 0x52, 0x52, 0x63, 0x52, 0x52, 0x63,
  0x52, 0x52, 0x63, 0x73, 0x73, 0x84, 0x52, 0x52, 0x63, 0x73, 0x73, 0x84,
  0x52, 0x52, 0x63, 0x52, 0x52, 0x63, 0x52, 0x52, 0x63, 0x52, 0x52, 0x63,
  0x31, 0x31, 0x42, 0x52, 0x52, 0x63, 0x52, 0x52, 0x63, 0x52, 0x52, 0x63,
  0x52, 0x52, 0x63, 0x52, 0x52, 0x63, 0x52, 0x52, 0x63, 0x52, 0x52, 0x63,
  0x73, 0x73, 0x84, 0x52, 0x52, 0x63, 0x73, 0x73, 0x84, 0x52, 0x52, 0x63,
  0x52, 0x52, 0x63, 0x73, 0x73, 0x84, 0x52, 0x52, 0x63, 0x52, 0x52, 0x63,
  0x52, 0x52, 0x63, 0x31, 0x31, 0x42, 0x52, 0x52, 0x63, 0x52, 0x52, 0x63,
  0x73, 0x73, 0x84, 0x52, 0x52, 0x63, 0x52, 0x52, 0x63, 0x52, 0x52, 0x63,
  0x52, 0x52, 0x63, 0x73, 0x73, 0x84, 0x52, 0x52, 0x63, 0x73, 0x73, 0x84,
  0x52, 0x52, 0x63, 0x73, 0x73, 0x84, 0x52, 0x52, 0x63, 0x52, 0x52, 0x63,
  0x52, 0x52, 0x63, 0x31, 0x31, 0x42, 0x52, 0x52, 0x63, 0x52, 0x52, 0x63,
  0x52, 0x52, 0x63, 0x73, 0x73, 0x84, 0x52, 0x52, 0x63, 0x52, 0x52, 0x63,
  0x52, 0x52, 0x63, 0x31, 0x31, 0x42, 0x52, 0x52, 0x63, 0x52, 0x52, 0x63,
  0x52, 0x52, 0x63, 0x73, 0x73, 0x84, 0x52, 0x52, 0x63, 0x52, 0x52, 0x63,
  0x52, 0x52, 0x63, 0x31, 0x31, 0x42, 0x52, 0x52, 0x63, 0x52, 0x52, 0x63,
  0x52, 0x52, 0x63, 0x73, 0x73, 0x84, 0x52, 0x52, 0x63, 0x52, 0x52, 0x63,
  0x52, 0x52, 0x63, 0x73, 0x73, 0x84, 0x52, 0x52, 0x63, 0x73, 0x73, 0x84,
  0x73, 0x73, 0x84, 0x73, 0x73, 0x84, 0x52, 0x52, 0x63, 0x52, 0x52, 0x63,
  0x52, 0x52, 0x63, 0x73, 0x73, 0x84, 0x52, 0x52, 0x63, 0x73, 0x73, 0x84,
  0x21, 0x21, 0x31, 0x52, 0x52, 0x63, 0x52, 0x52, 0x63, 0x52, 0x52, 0x63,
  0x52, 0x52, 0x63, 0x52, 0x52, 0x63, 0x21, 0x21, 0x31, 0x52, 0x52, 0x63,
  0x52, 0x52, 0x63, 0x52, 0x52, 0x63, 0x73, 0x73, 0x84, 0x52, 0x52, 0x63,
  0x21, 0x21, 0x31, 0x52, 0x52, 0x63, 0x21, 0x21, 0x31, 0x21, 0x21, 0x31,
  0x52, 0x52, 0x63, 0x21, 0x21, 0x31, 0x52, 0x52, 0x63, 0x52, 0x52, 0x63,
  0x52, 0x52, 0x63, 0x52, 0x52, 0x63, 0x52, 0x52, 0x63, 0x52, 0x52, 0x63,
  0x52, 0x52, 0x63, 0x73, 0x73, 0x84, 0x31, 0x31, 0x42, 0x73, 0x73, 0x84,
  0x73, 0x73, 0x84, 0x52, 0x52, 0x63, 0x21, 0x21, 0x31, 0x21, 0x21, 0x31,
  0x21, 0x21, 0x31, 0x21, 0x21, 0x31, 0x21, 0x21, 0x31, 0x21, 0x21, 0x31,
  0x21, 0x21, 0x31, 0x31, 0x31, 0x42, 0x21, 0x21, 0x31, 0x31, 0x31, 0x42,
  0x31, 0x31, 0x42, 0x52, 0x52, 0x63, 0x31, 0x31, 0x42, 0x21, 0x21, 0x31,
  0x21, 0x21, 0x31, 0x21, 0x21, 0x31, 0x31, 0x31, 0x42, 0x31, 0x31, 0x42,
  0x31, 0x31, 0x42, 0x31, 0x31, 0x42, 0x31, 0x31, 0x42, 0x31, 0x31, 0x42,
  0x31, 0x31, 0x42, 0x31, 0x31, 0x42, 0x31, 0x31, 0x42, 0x31, 0x31, 0x42,
  0x31, 0x31, 0x42, 0x21, 0x21, 0x31, 0x31, 0x31, 0x42, 0x21, 0x21, 0x31,
  0x21, 0x21, 0x31, 0x21, 0x21, 0x31, 0x21, 0x21, 0x31, 0x21, 0x21, 0x31,
  0x10, 0x10, 0x21, 0x10, 0x10, 0x21, 0x10, 0x10, 0x21, 0x10, 0x10, 0x21,
  0x10, 0x10, 0x21, 0x10, 0x10, 0x21, 0x10, 0x10, 0x21, 0x10, 0x10, 0x21,
  0x10, 0x10, 0x21, 0x10, 0x10, 0x21, 0x10, 0x10, 0x21, 0x10, 0x10, 0x21,
  0x10, 0x10, 0x21, 0x10, 0x10, 0x21, 0x10, 0x10, 0x21, 0x10, 0x10, 0x21,
  0x10, 0x10, 0x21, 0x10, 0x10, 0x21, 0x10, 0x10, 0x21, 0x10, 0x10, 0x21,
  0x10, 0x10, 0x21, 0x10, 0x10, 0x21, 0x10, 0x10, 0x21, 0x10, 0x10, 0x21,
  0x10, 0x10, 0x21, 0x10, 0x10, 0x21, 0x10, 0x10, 0x21, 0x10, 0x10, 0x21,
  0x10, 0x10, 0x21, 0x10, 0x10, 0x21, 0x10, 0x10, 0x21, 0x10, 0x10, 0x21,
  0x10, 0x10, 0x21, 0x10, 0x10, 0x21, 0x10, 0x10, 0x21, 0x10, 0x10, 0x21,
  0x10, 0x10, 0x21, 0x10, 0x10, 0x21, 0x10, 0x10, 0x21, 0x10, 0x10, 0x21,
  0x10, 0x10, 0x21, 0x10, 0x10, 0x21, 0x10, 0x10, 0x21, 0x10, 0x10, 0x21,
  0x10, 0x10, 0x21, 0x10, 0x10, 0x21, 0x10, 0x10, 0x21, 0x10, 0x10, 0x21,
  0x10, 0x10, 0x21, 0x10, 0x10, 0x21, 0x10, 0x10, 0x21, 0x10, 0x10, 0x21,
  0x10, 0x10, 0x21, 0x10, 0x10, 0x21, 0x10, 0x10, 0x21, 0x10, 0x10, 0x21,
  0x31, 0x31, 0x42, 0x31, 0x31, 0x42, 0x31, 0x31, 0x42, 0x31, 0x31, 0x42,
  0x31, 0x31, 0x42, 0x31, 0x31, 0x42, 0x31, 0x31, 0x42, 0x31, 0x31, 0x42,
  0x31, 0x31, 0x42, 0x31, 0x31, 0x42, 0x31, 0x31, 0x42, 0x31, 0x31, 0x42,
  0x31, 0x31, 0x42, 0x31, 0x31, 0x42, 0x31, 0x31, 0x42, 0x31, 0x31, 0x42,
  0x21, 0x21, 0x31, 0x21, 0x21, 0x31, 0x31, 0x31, 0x42, 0x21, 0x21, 0x31,
  0x31, 0x31, 0x42, 0x21, 0x21, 0x31, 0x31, 0x31, 0x42, 0x52, 0x52, 0x63,
  0x52, 0x52, 0x63, 0x31, 0x31, 0x42, 0x31, 0x31, 0x42, 0x21, 0x21, 0x31,
  0x21, 0x21, 0x31, 0x21, 0x21, 0x31, 0x21, 0x21, 0x31, 0x21, 0x21, 0x31,
  0x21, 0x21, 0x31, 0x21, 0x21, 0x31, 0x21, 0x21, 0x31, 0x52, 0x52, 0x63,
  0x31, 0x31, 0x42, 0x21, 0x21, 0x31, 0x31, 0x31, 0x42, 0x31, 0x31, 0x42,
  0x73, 0x73, 0x84, 0x73, 0x73, 0x84, 0x52, 0x52, 0x63, 0x73, 0x73, 0x84,
  0x52, 0x52, 0x63, 0x73, 0x73, 0x84, 0x73, 0x73, 0x84, 0x52, 0x52, 0x63,
  0x31, 0x31, 0x42, 0x73, 0x73, 0x84, 0x21, 0x21, 0x31, 0x73, 0x73, 0x84,
  0x21, 0x21, 0x31, 0x21, 0x21, 0x31, 0x73, 0x73, 0x84, 0x31, 0x31, 0x42,
  0x73, 0x73, 0x84, 0x73, 0x73, 0x84, 0x73, 0x73, 0x84, 0x52, 0x52, 0x63,
  0x73, 0x73, 0x84, 0x73, 0x73, 0x84, 0x52, 0x52, 0x63, 0x73, 0x73, 0x84,
  0x52, 0x52, 0x63, 0x73, 0x73, 0x84, 0x52, 0x52, 0x63, 0x73, 0x73, 0x84,
  0x52, 0x52, 0x63, 0x73, 0x73, 0x84, 0x52, 0x52, 0x63, 0x52, 0x52, 0x63,
  0x31, 0x31, 0x42, 0x73, 0x73, 0x84, 0x52, 0x52, 0x63, 0x73, 0x73, 0x84,
  0x73, 0x73, 0x84, 0x52, 0x52, 0x63, 0x73, 0x73, 0x84, 0x73, 0x73, 0x84,
  0x52, 0x52, 0x63, 0x73, 0x73, 0x84, 0x52, 0x52, 0x63, 0x73, 0x73, 0x84,
  0x73, 0x73, 0x84, 0x73, 0x73, 0x84, 0x73, 0x73, 0x84, 0x73, 0x73, 0x84,
  0x73, 0x73, 0x84, 0x52, 0x52, 0x63, 0x73, 0x73, 0x84, 0x73, 0x73, 0x84,
  0x52, 0x52, 0x63, 0x73, 0x73, 0x84, 0x73, 0x73, 0x84, 0x52, 0x52, 0x63,
  0x52, 0x52, 0x63, 0x73, 0x73, 0x84, 0x52, 0x52, 0x63, 0x73, 0x73, 0x84,
  0x73, 0x73, 0x84, 0x73, 0x73, 0x84, 0x73, 0x73, 0x84, 0x73, 0x73, 0x84,
  0x52, 0x52, 0x63, 0x73, 0x73, 0x84, 0x52, 0x52, 0x63, 0x73, 0x73, 0x84,
  0x73, 0x73, 0x84, 0x73, 0x73, 0x84, 0x73, 0x73, 0x84, 0x73, 0x73, 0x84,
  0x52, 0x52, 0x63, 0x73, 0x73, 0x84, 0x52, 0x52, 0x63, 0x73, 0x73, 0x84,
  0x73, 0x73, 0x84, 0x73, 0x73, 0x84, 0x73, 0x73, 0x84, 0x73, 0x73, 0x84,
  0x73, 0x73, 0x84, 0x52, 0x52, 0x63, 0x73, 0x73, 0x84, 0x73, 0x73, 0x84,
  0x52, 0x52, 0x63, 0x31, 0x31, 0x42, 0x73, 0x73, 0x84, 0x52, 0x52, 0x63,
  0x52, 0x52, 0x63, 0x52, 0x52, 0x63, 0x73, 0x73, 0x84, 0x52, 0x52, 0x63,
  0x52, 0x52, 0x63, 0x73, 0x73, 0x84, 0x73, 0x73, 0x84, 0x52, 0x52, 0x63,
  0x73, 0x73, 0x84, 0x31, 0x31, 0x42, 0x73, 0x73, 0x84, 0x52, 0x52, 0x63,
  0x73, 0x73, 0x84, 0x73, 0x73, 0x84, 0x21, 0x21, 0x31, 0x73, 0x73, 0x84,
  0x73, 0x73, 0x84, 0x73, 0x73, 0x84, 0x21, 0x21, 0x31, 0x21, 0x21, 0x31,
  0x21, 0x21, 0x31, 0x73, 0x73, 0x84, 0x21, 0x21, 0x31, 0x73, 0x73, 0x84,
  0x31, 0x31, 0x42, 0x52, 0x52, 0x63, 0x73, 0x73, 0x84, 0x73, 0x73, 0x84,
  0x52, 0x52, 0x63, 0x73, 0x73, 0x84, 0x52, 0x52, 0x63, 0x73, 0x73, 0x84,
  0x73, 0x73, 0x84, 0x31, 0x31, 0x42, 0x31, 0x31, 0x42, 0x21, 0x21, 0x31,
  0x31, 0x31, 0x42, 0x52, 0x52, 0x63, 0x21, 0x21, 0x31, 0x21, 0x21, 0x31,
  0x21, 0x21, 0x31, 0x21, 0x21, 0x31, 0x21, 0x21, 0x31, 0x21, 0x21, 0x31,
  0x21, 0x21, 0x31, 0x21, 0x21, 0x31, 0x31, 0x31, 0x42, 0x31, 0x31, 0x42,
  0x31, 0x31, 0x42, 0x52, 0x52, 0x63, 0x21, 0x21, 0x31, 0x21, 0x21, 0x31,
  0x31, 0x31, 0x42, 0x31, 0x31, 0x42, 0x31, 0x31, 0x42, 0x31, 0x31, 0x42,
  0x31, 0x31, 0x42, 0x31, 0x31, 0x42, 0x31, 0x31, 0x42, 0x31, 0x31, 0x42,
  0x31, 0x31, 0x42, 0x31, 0x31, 0x42, 0x31, 0x31, 0x42, 0x31, 0x31, 0x42,
  0x31, 0x31, 0x42, 0x21, 0x21, 0x31, 0x21, 0x21, 0x31, 0x21, 0x21, 0x31,
  0x21, 0x21, 0x31, 0x21, 0x21, 0x31, 0x10, 0x10, 0x21, 0x10, 0x10, 0x21,
  0x10, 0x10, 0x21, 0x10, 0x10, 0x21, 0x10, 0x10, 0x21, 0x10, 0x10, 0x21,
  0x10, 0x10, 0x21, 0x10, 0x10, 0x21, 0x10, 0x10, 0x21, 0x10, 0x10, 0x21,
  0x10, 0x10, 0x21, 0x10, 0x10, 0x21, 0x10, 0x10, 0x21, 0x10, 0x10, 0x21,
  0x10, 0x10, 0x21, 0x10, 0x10, 0x21, 0x10, 0x10, 0x21, 0x10, 0x10, 0x21,
  0x10, 0x10, 0x21, 0x10, 0x10, 0x21, 0x10, 0x10, 0x21, 0x10, 0x10, 0x21,
  0x10, 0x10, 0x21, 0x10, 0x10, 0x21, 0x10, 0x10, 0x21, 0x10, 0x10, 0x21,
  0x10, 0x10, 0x21, 0x10, 0x10, 0x21, 0x10, 0x10, 0x21, 0x10, 0x10, 0x21,
  0x10, 0x10, 0x21, 0x10, 0x10, 0x21, 0x10, 0x10, 0x21, 0x10, 0x10, 0x21,
  0x10, 0x10, 0x21, 0x10, 0x10, 0x21, 0x10, 0x10, 0x21, 0x10, 0x10, 0x21,
  0x10, 0x10, 0x21, 0x10, 0x10, 0x21, 0x10, 0x10, 0x21, 0x10, 0x10, 0x21,
  0x10, 0x10, 0x21, 0x10, 0x10, 0x21, 0x10, 0x10, 0x21, 0x10, 0x10, 0x21,
  0x10, 0x10, 0x21, 0x10, 0x10, 0x21, 0x10, 0x10, 0x21, 0x10, 0x10, 0x21,
  0x10, 0x10, 0x21, 0x10, 0x10, 0x21, 0x10, 0x10, 0x21, 0x10, 0x10, 0x21,
  0x10, 0x10, 0x21, 0x10, 0x10, 0x21, 0x10, 0x10, 0x21, 0x10, 0x10, 0x21,
  0x21, 0x21, 0x31, 0x21, 0x21, 0x31, 0x31, 0x31, 0x42, 0x31, 0x31, 0x42,
  0x31, 0x31, 0x42, 0x31, 0x31, 0x42, 0x31, 0x31, 0x42, 0x31, 0x31, 0x42,
  0x31, 0x31, 0x42, 0x31, 0x31, 0x42, 0x31, 0x31, 0x42, 0x31, 0x31, 0x42,
  0x31, 0x31, 0x42, 0x31, 0x31, 0x42, 0x31, 0x31, 0x42, 0x31, 0x31, 0x42,
  0x31, 0x31, 0x42, 0x31, 0x31, 0x42, 0x31, 0x31, 0x42, 0x31, 0x31, 0x42,
  0x31, 0x31, 0x42, 0x31, 0x31, 0x42, 0x31, 0x31, 0x42, 0x73, 0x73, 0x84,
  0x52, 0x52, 0x63, 0x31, 0x31, 0x42, 0x21, 0x21, 0x31, 0x31, 0x31, 0x42,
  0x21, 0x21, 0x31, 0x21, 0x21, 0x31, 0x21, 0x21, 0x31, 0x21, 0x21, 0x31,
  0x21, 0x21, 0x31, 0x21, 0x21, 0x31, 0x31, 0x31, 0x42, 0x21, 0x21, 0x31,
  0x21, 0x21, 0x31, 0x21, 0x21, 0x31, 0x21, 0x21, 0x31, 0x31, 0x31, 0x42,
  0x31, 0x31, 0x42, 0x31, 0x31, 0x42, 0x31, 0x31, 0x42, 0x73, 0x73, 0x84,
  0x31, 0x31, 0x42, 0x52, 0x52, 0x63, 0x52, 0x52, 0x63, 0x73, 0x73, 0x84,
  0x73, 0x73, 0x84, 0x73, 0x73, 0x84, 0x73, 0x73, 0x84, 0x52, 0x52, 0x63,
  0x73, 0x73, 0x84, 0x73, 0x73, 0x84, 0x73, 0x73, 0x84, 0x73, 0x73, 0x84,
  0x73, 0x73, 0x84, 0x52, 0x52, 0x63, 0x73, 0x73, 0x84, 0x52, 0x52, 0x63,
  0x52, 0x52, 0x63, 0x73, 0x73, 0x84, 0x73, 0x73, 0x84, 0x52, 0x52, 0x63,
  0x73, 0x73, 0x84, 0x52, 0x52, 0x63, 0x73, 0x73, 0x84, 0x52, 0x52, 0x63,
  0x73, 0x73, 0x84, 0x52, 0x52, 0x63, 0x73, 0x73, 0x84, 0x73, 0x73, 0x84,
  0x73, 0x73, 0x84, 0x52, 0x52, 0x63, 0x73, 0x73, 0x84, 0x52, 0x52, 0x63,
  0x73, 0x73, 0x84, 0x73, 0x73, 0x84, 0x52, 0x52, 0x63, 0x73, 0x73, 0x84,
  0x73, 0x73, 0x84, 0x73, 0x73, 0x84, 0x73, 0x73, 0x84, 0x52, 0x52, 0x63,
  0x73, 0x73, 0x84, 0x73, 0x73, 0x84, 0x73, 0x73, 0x84, 0x52, 0x52, 0x63,
  0x73, 0x73, 0x84, 0x52, 0x52, 0x63, 0x73, 0x73, 0x84, 0x73, 0x73, 0x84,
  0x52, 0x52, 0x63, 0x73, 0x73, 0x84, 0x52, 0x52, 0x63, 0x73, 0x73, 0x84,
  0x73, 0x73, 0x84, 0x73, 0x73, 0x84, 0x73, 0x73, 0x84, 0x52, 0x52, 0x63,
  0x73, 0x73, 0x84, 0x73, 0x73, 0x84, 0x73, 0x73, 0x84, 0x52, 0x52, 0x63,
  0x73, 0x73, 0x84, 0x73, 0x73, 0x84, 0x73, 0x73, 0x84, 0x52, 0x52, 0x63,
  0x73, 0x73, 0x84, 0x73, 0x73, 0x84, 0x73, 0x73, 0x84, 0x52, 0x52, 0x63,
  0x73, 0x73, 0x84, 0x73, 0x73, 0x84, 0x73, 0x73, 0x84, 0x52, 0x52, 0x63,
  0x73, 0x73, 0x84, 0x73, 0x73, 0x84, 0x73, 0x73, 0x84, 0x52, 0x52, 0x63,
  0x52, 0x52, 0x63, 0x73, 0x73, 0x84, 0x52, 0x52, 0x63, 0x52, 0x52, 0x63,
  0x73, 0x73, 0x84, 0x73, 0x73, 0x84, 0x73, 0x73, 0x84, 0x73, 0x73, 0x84,
  0x52, 0x52, 0x63, 0x73, 0x73, 0x84, 0x52, 0x52, 0x63, 0x73, 0x73, 0x84,
  0x52, 0x52, 0x63, 0x73, 0x73, 0x84, 0x52, 0x52, 0x63, 0x52, 0x52, 0x63,
  0x73, 0x73, 0x84, 0x73, 0x73, 0x84, 0x52, 0x52, 0x63, 0x73, 0x73, 0x84,
  0x73, 0x73, 0x84, 0x31, 0x31, 0x42, 0x73, 0x73, 0x84, 0x52, 0x52, 0x63,
  0x31, 0x31, 0x42, 0x31, 0x31, 0x42, 0x73, 0x73, 0x84, 0x52, 0x52, 0x63,
  0x73, 0x73, 0x84, 0x52, 0x52, 0x63, 0x73, 0x73, 0x84, 0x73, 0x73, 0x84,
  0x73, 0x73, 0x84, 0x73, 0x73, 0x84, 0x52, 0x52, 0x63, 0x52, 0x52, 0x63,
  0x31, 0x31, 0x42, 0x73, 0x73, 0x84, 0x31, 0x31, 0x42, 0x31, 0x31, 0x42,
  0x31, 0x31, 0x42, 0x31, 0x31, 0x42, 0x21, 0x21, 0x31, 0x21, 0x21, 0x31,
  0x21, 0x21, 0x31, 0x21, 0x21, 0x31, 0x31, 0x31, 0x42, 0x21, 0x21, 0x31,
  0x21, 0x21, 0x31, 0x21, 0x21, 0x31, 0x21, 0x21, 0x31, 0x21, 0x21, 0x31,
  0x21, 0x21, 0x31, 0x31, 0x31, 0x42, 0x21, 0x21, 0x31, 0x31, 0x31, 0x42,
  0x31, 0x31, 0x42, 0x52, 0x52, 0x63, 0x31, 0x31, 0x42, 0x31, 0x31, 0x42,
  0x31, 0x31, 0x42, 0x31, 0x31, 0x42, 0x31, 0x31, 0x42, 0x31, 0x31, 0x42,
  0x31, 0x31, 0x42, 0x31, 0x31, 0x42, 0x31, 0x31, 0x42, 0x31, 0x31, 0x42,
  0x31, 0x31, 0x42, 0x31, 0x31, 0x42, 0x21, 0x21, 0x31, 0x31, 0x31, 0x42,
  0x21, 0x21, 0x31, 0x21, 0x21, 0x31, 0x21, 0x21, 0x31, 0x21, 0x21, 0x31,
  0x10, 0x10, 0x21, 0x10, 0x10, 0x21, 0x10, 0x10, 0x21, 0x10, 0x10, 0x21,
  0x10, 0x10, 0x21, 0x10, 0x10, 0x21, 0x10, 0x10, 0x21, 0x10, 0x10, 0x21,
  0x10, 0x10, 0x21, 0x10, 0x10, 0x21, 0x10, 0x10, 0x21, 0x10, 0x10, 0x21,
  0x10, 0x10, 0x21, 0x10, 0x10, 0x21, 0x10, 0x10, 0x21, 0x10, 0x10, 0x21,
  0x10, 0x10, 0x21, 0x10, 0x10, 0x21, 0x10, 0x10, 0x21, 0x10, 0x10, 0x21,
  0x10, 0x10, 0x21, 0x10, 0x10, 0x21, 0x10, 0x10, 0x21, 0x10, 0x10, 0x21,
  0x10, 0x10, 0x21, 0x10, 0x10, 0x21, 0x10, 0x10, 0x21, 0x10, 0x10, 0x21,
  0x10, 0x10, 0x21, 0x10, 0x10, 0x21, 0x10, 0x10, 0x21, 0x10, 0x10, 0x21,
  0x10, 0x10, 0x21, 0x10, 0x10, 0x21, 0x10, 0x10, 0x21, 0x10, 0x10, 0x21,
  0x10, 0x10, 0x21, 0x10, 0x10, 0x21, 0x10, 0x10, 0x21, 0x10, 0x10, 0x21,
  0x10, 0x10, 0x21, 0x10, 0x10, 0x21, 0x10, 0x10, 0x21, 0x10, 0x10, 0x21,
  0x10, 0x10, 0x21, 0x10, 0x10, 0x21, 0x10, 0x10, 0x21, 0x10, 0x10, 0x21,
  0x10, 0x10, 0x21, 0x10, 0x10, 0x21, 0x10, 0x10, 0x21, 0x10, 0x10, 0x21,
  0x10, 0x10, 0x21, 0x10, 0x10, 0x21, 0x10, 0x10, 0x21, 0x10, 0x10, 0x21,
  0x10, 0x10, 0x21, 0x10, 0x10, 0x21, 0x10, 0x10, 0x21, 0x10, 0x10, 0x21,
  0x21, 0x21, 0x31, 0x31, 0x31, 0x42, 0x31, 0x31, 0x42, 0x21, 0x21, 0x31,
  0x31, 0x31, 0x42, 0x31, 0x31, 0x42, 0x31, 0x31, 0x42, 0x31, 0x31, 0x42,
  0x31, 0x31, 0x42, 0x31, 0x31, 0x42, 0x31, 0x31, 0x42, 0x31, 0x31, 0x42,
  0x31, 0x31, 0x42, 0x31, 0x31, 0x42, 0x31, 0x31, 0x42, 0x31, 0x31, 0x42,
  0x31, 0x31, 0x42, 0x31, 0x31, 0x42, 0x31, 0x31, 0x42, 0x31, 0x31, 0x42,
  0x31, 0x31, 0x42, 0x31, 0x31, 0x42, 0x31, 0x31, 0x42, 0x52, 0x52, 0x63,
  0x52, 0x52, 0x63, 0x31, 0x31, 0x42, 0x31, 0x31, 0x42, 0x21, 0x21, 0x31,
  0x21, 0x21, 0x31, 0x21, 0x21, 0x31, 0x21, 0x21, 0x31, 0x21, 0x21, 0x31,
  0x21, 0x21, 0x31, 0x21, 0x21, 0x31, 0x21, 0x21, 0x31, 0x21, 0x21, 0x31,
  0x21, 0x21, 0x31, 0x21, 0x21, 0x31, 0x31, 0x31, 0x42, 0x21, 0x21, 0x31,
  0x31, 0x31, 0x42, 0x21, 0x21, 0x31, 0x21, 0x21, 0x31, 0x31, 0x31, 0x42,
  0x31, 0x31, 0x42, 0x21, 0x21, 0x31, 0x31, 0x31, 0x42, 0x21, 0x21, 0x31,
  0x21, 0x21, 0x31, 0x52, 0x52, 0x63, 0x73, 0x73, 0x84, 0x52, 0x52, 0x63,
  0x21, 0x21, 0x31, 0x31, 0x31, 0x42, 0x31, 0x31, 0x42, 0x73, 0x73, 0x84,
  0x21, 0x21, 0x31, 0x52, 0x52, 0x63, 0x52, 0x52, 0x63, 0x73, 0x73, 0x84,
  0x31, 0x31, 0x42, 0x73, 0x73, 0x84, 0x31, 0x31, 0x42, 0x21, 0x21, 0x31,
  0x52, 0x52, 0x63, 0x73, 0x73, 0x84, 0x21, 0x21, 0x31, 0x73, 0x73, 0x84,
  0x52, 0x52, 0x63, 0x73, 0x73, 0x84, 0x52, 0x52, 0x63, 0x31, 0x31, 0x42,
  0x73, 0x73, 0x84, 0x21, 0x21, 0x31, 0x52, 0x52, 0x63, 0x73, 0x73, 0x84,
  0x73, 0x73, 0x84, 0x31, 0x31, 0x42, 0x73, 0x73, 0x84, 0x31, 0x31, 0x42,
  0x21, 0x21, 0x31, 0x73, 0x73, 0x84, 0x52, 0x52, 0x63, 0x21, 0x21, 0x31,
  0x73, 0x73, 0x84, 0x52, 0x52, 0x63, 0x52, 0x52, 0x63, 0x73, 0x73, 0x84,
  0x52, 0x52, 0x63, 0x52, 0x52, 0x63, 0x52, 0x52, 0x63, 0x73, 0x73, 0x84,
  0x31, 0x31, 0x42, 0x73, 0x73, 0x84, 0x31, 0x31, 0x42, 0x52, 0x52, 0x63,
  0x21, 0x21, 0x31, 0x73, 0x73, 0x84, 0x52, 0x52, 0x63, 0x21, 0x21, 0x31,
  0x73, 0x73, 0x84, 0x52, 0x52, 0x63, 0x52, 0x52, 0x63, 0x73, 0x73, 0x84,
  0x21, 0x21, 0x31, 0x73, 0x73, 0x84, 0x52, 0x52, 0x63, 0x21, 0x21, 0x31,
  0x73, 0x73, 0x84, 0x52, 0x52, 0x63, 0x52, 0x52, 0x63, 0x73, 0x73, 0x84,
  0x21, 0x21, 0x31, 0x73, 0x73, 0x84, 0x52, 0x52, 0x63, 0x21, 0x21, 0x31,
  0x73, 0x73, 0x84, 0x52, 0x52, 0x63, 0x52, 0x52, 0x63, 0x73, 0x73, 0x84,
  0x31, 0x31, 0x42, 0x73, 0x73, 0x84, 0x31, 0x31, 0x42, 0x73, 0x73, 0x84,
  0x52, 0x52, 0x63, 0x31, 0x31, 0x42, 0x21, 0x21, 0x31, 0x31, 0x31, 0x42,
  0x21, 0x21, 0x31, 0x73, 0x73, 0x84, 0x52, 0x52, 0x63, 0x31, 0x31, 0x42,
  0x73, 0x73, 0x84, 0x21, 0x21, 0x31, 0x31, 0x31, 0x42, 0x73, 0x73, 0x84,
  0x31, 0x31, 0x42, 0x31, 0x31, 0x42, 0x21, 0x21, 0x31, 0x31, 0x31, 0x42,
  0x21, 0x21, 0x31, 0x31, 0x31, 0x42, 0x31, 0x31, 0x42, 0x21, 0x21, 0x31,
  0x52, 0x52, 0x63, 0x31, 0x31, 0x42, 0x31, 0x31, 0x42, 0x31, 0x31, 0x42,
  0x21, 0x21, 0x31, 0x52, 0x52, 0x63, 0x73, 0x73, 0x84, 0x52, 0x52, 0x63,
  0x21, 0x21, 0x31, 0x21, 0x21, 0x31, 0x31, 0x31, 0x42, 0x21, 0x21, 0x31,
  0x31, 0x31, 0x42, 0x31, 0x31, 0x42, 0x21, 0x21, 0x31, 0x21, 0x21, 0x31,
  0x31, 0x31, 0x42, 0x21, 0x21, 0x31, 0x31, 0x31, 0x42, 0x21, 0x21, 0x31,
  0x21, 0x21, 0x31, 0x21, 0x21, 0x31, 0x21, 0x21, 0x31, 0x21, 0x21, 0x31,
  0x21, 0x21, 0x31, 0x21, 0x21, 0x31, 0x21, 0x21, 0x31, 0x21, 0x21, 0x31,
  0x21, 0x21, 0x31, 0x21, 0x21, 0x31, 0x31, 0x31, 0x42, 0x31, 0x31, 0x42,
  0x31, 0x31, 0x42, 0x52, 0x52, 0x63, 0x31, 0x31, 0x42, 0x31, 0x31, 0x42,
  0x31, 0x31, 0x42, 0x31, 0x31, 0x42, 0x31, 0x31, 0x42, 0x31, 0x31, 0x42,
  0x31, 0x31, 0x42, 0x31, 0x31, 0x42, 0x31, 0x31, 0x42, 0x31, 0x31, 0x42,
  0x31, 0x31, 0x42, 0x31, 0x31, 0x42, 0x21, 0x21, 0x31, 0x21, 0x21, 0x31,
  0x21, 0x21, 0x31, 0x31, 0x31, 0x42, 0x21, 0x21, 0x31, 0x10, 0x10, 0x21,
  0x10, 0x10, 0x21, 0x10, 0x10, 0x21, 0x10, 0x10, 0x21, 0x10, 0x10, 0x21,
  0x10, 0x10, 0x21, 0x10, 0x10, 0x21, 0x10, 0x10, 0x21, 0x10, 0x10, 0x21,
  0x10, 0x10, 0x21, 0x10, 0x10, 0x21, 0x10, 0x10, 0x21, 0x10, 0x10, 0x21,
  0x10, 0x10, 0x21, 0x10, 0x10, 0x21, 0x10, 0x10, 0x21, 0x10, 0x10, 0x21,
  0x10, 0x10, 0x21, 0x10, 0x10, 0x21, 0x10, 0x10, 0x21, 0x10, 0x10, 0x21,
  0x10, 0x10, 0x21, 0x10, 0x10, 0x21, 0x10, 0x10, 0x21, 0x10, 0x10, 0x21,
  0x10, 0x10, 0x21, 0x10, 0x10, 0x21, 0x10, 0x10, 0x21, 0x10, 0x10, 0x21,
  0x10, 0x10, 0x21, 0x10, 0x10, 0x21, 0x10, 0x10, 0x21, 0x10, 0x10, 0x21,
  0x10, 0x10, 0x21, 0x10, 0x10, 0x21, 0x10, 0x10, 0x21, 0x10, 0x10, 0x21,
  0x10, 0x10, 0x21, 0x10, 0x10, 0x21, 0x10, 0x10, 0x21, 0x10, 0x10, 0x21,
  0x10, 0x10, 0x21, 0x10, 0x10, 0x21, 0x10, 0x10, 0x21, 0x10, 0x10, 0x21,
  0x10, 0x10, 0x21, 0x10, 0x10, 0x21, 0x10, 0x10, 0x21, 0x10, 0x10, 0x21,
  0x10, 0x10, 0x21, 0x10, 0x10, 0x21, 0x10, 0x10, 0x21, 0x10, 0x10, 0x21,
  0x10, 0x10, 0x21, 0x10, 0x10, 0x21, 0x10, 0x10, 0x21, 0x10, 0x10, 0x21,
  0x10, 0x10, 0x21, 0x10, 0x10, 0x21, 0x10, 0x10, 0x21, 0x10, 0x10, 0x21,
  0x21, 0x21, 0x31, 0x21, 0x21, 0x31, 0x21, 0x21, 0x31, 0x21, 0x21, 0x31,
  0x31, 0x31, 0x42, 0x31, 0x31, 0x42, 0x21, 0x21, 0x31, 0x31, 0x31, 0x42,
  0x31, 0x31, 0x42, 0x31, 0x31, 0x42, 0x31, 0x31, 0x42, 0x31, 0x31, 0x42,
  0x31, 0x31, 0x42, 0x31, 0x31, 0x42, 0x31, 0x31, 0x42, 0x31, 0x31, 0x42,
  0x31, 0x31, 0x42, 0x31, 0x31, 0x42, 0x31, 0x31, 0x42, 0x31, 0x31, 0x42,
  0x31, 0x31, 0x42, 0x31, 0x31, 0x42, 0x31, 0x31, 0x42, 0x52, 0x52, 0x63,
  0x52, 0x52, 0x63, 0x31, 0x31, 0x42, 0x21, 0x21, 0x31, 0x31, 0x31, 0x42,
  0x21, 0x21, 0x31, 0x21, 0x21, 0x31, 0x21, 0x21, 0x31, 0x21, 0x21, 0x31,
  0x21, 0x21, 0x31, 0x21, 0x21, 0x31, 0x21, 0x21, 0x31, 0x31, 0x31, 0x42,
  0x21, 0x21, 0x31, 0x21, 0x21, 0x31, 0x21, 0x21, 0x31, 0x21, 0x21, 0x31,
  0x21, 0x21, 0x31, 0x21, 0x21, 0x31, 0x31, 0x31, 0x42, 0x21, 0x21, 0x31,
  0x21, 0x21, 0x31, 0x21, 0x21, 0x31, 0x21, 0x21, 0x31, 0x31, 0x31, 0x42,
  0x21, 0x21, 0x31, 0x31, 0x31, 0x42, 0x21, 0x21, 0x31, 0x21, 0x21, 0x31,
  0x31, 0x31, 0x42, 0x21, 0x21, 0x31, 0x21, 0x21, 0x31, 0x21, 0x21, 0x31,
  0x21, 0x21, 0x31, 0x21, 0x21, 0x31, 0x21, 0x21, 0x31, 0x21, 0x21, 0x31,
  0x21, 0x21, 0x31, 0x21, 0x21, 0x31, 0x21, 0x21, 0x31, 0x73, 0x73, 0x84,
  0x73, 0x73, 0x84, 0x21, 0x21, 0x31, 0x52, 0x52, 0x63, 0x21, 0x21, 0x31,
  0x52, 0x52, 0x63, 0x52, 0x52, 0x63, 0x21, 0x21, 0x31, 0x21, 0x21, 0x31,
  0x21, 0x21, 0x31, 0x21, 0x21, 0x31, 0x21, 0x21, 0x31, 0x21, 0x21, 0x31,
  0x21, 0x21, 0x31, 0x21, 0x21, 0x31, 0x21, 0x21, 0x31, 0x21, 0x21, 0x31,
  0x73, 0x73, 0x84, 0x73, 0x73, 0x84, 0x21, 0x21, 0x31, 0x52, 0x52, 0x63,
  0x21, 0x21, 0x31, 0x52, 0x52, 0x63, 0x52, 0x52, 0x63, 0x21, 0x21, 0x31,
  0x52, 0x52, 0x63, 0x21, 0x21, 0x31, 0x73, 0x73, 0x84, 0x21, 0x21, 0x31,
  0x52, 0x52, 0x63, 0x00, 0x00, 0x00, 0x52, 0x52, 0x63, 0x31, 0x31, 0x42,
  0x73, 0x73, 0x84, 0x73, 0x73, 0x84, 0x21, 0x21, 0x31, 0x52, 0x52, 0x63,
  0x21, 0x21, 0x31, 0x52, 0x52, 0x63, 0x52, 0x52, 0x63, 0x21, 0x21, 0x31,
  0x73, 0x73, 0x84, 0x73, 0x73, 0x84, 0x21, 0x21, 0x31, 0x52, 0x52, 0x63,
  0x21, 0x21, 0x31, 0x52, 0x52, 0x63, 0x52, 0x52, 0x63, 0x21, 0x21, 0x31,
  0x73, 0x73, 0x84, 0x73, 0x73, 0x84, 0x21, 0x21, 0x31, 0x52, 0x52, 0x63,
  0x21, 0x21, 0x31, 0x52, 0x52, 0x63, 0x52, 0x52, 0x63, 0x21, 0x21, 0x31,
  0x73, 0x73, 0x84, 0x31, 0x31, 0x42, 0x21, 0x21, 0x31, 0x21, 0x21, 0x31,
  0x21, 0x21, 0x31, 0x21, 0x21, 0x31, 0x21, 0x21, 0x31, 0x31, 0x31, 0x42,
  0x31, 0x31, 0x42, 0x21, 0x21, 0x31, 0x21, 0x21, 0x31, 0x31, 0x31, 0x42,
  0x31, 0x31, 0x42, 0x21, 0x21, 0x31, 0x21, 0x21, 0x31, 0x31, 0x31, 0x42,
  0x21, 0x21, 0x31, 0x31, 0x31, 0x42, 0x31, 0x31, 0x42, 0x31, 0x31, 0x42,
  0x21, 0x21, 0x31, 0x31, 0x31, 0x42, 0x31, 0x31, 0x42, 0x31, 0x31, 0x42,
  0x21, 0x21, 0x31, 0x21, 0x21, 0x31, 0x31, 0x31, 0x42, 0x21, 0x21, 0x31,
  0x31, 0x31, 0x42, 0x21, 0x21, 0x31, 0x21, 0x21, 0x31, 0x31, 0x31, 0x42,
  0x21, 0x21, 0x31, 0x31, 0x31, 0x42, 0x21, 0x21, 0x31, 0x21, 0x21, 0x31,
  0x21, 0x21, 0x31, 0x21, 0x21, 0x31, 0x31, 0x31, 0x42, 0x21, 0x21, 0x31,
  0x21, 0x21, 0x31, 0x21, 0x21, 0x31, 0x21, 0x21, 0x31, 0x21, 0x21, 0x31,
  0x21, 0x21, 0x31, 0x31, 0x31, 0x42, 0x21, 0x21, 0x31, 0x21, 0x21, 0x31,
  0x21, 0x21, 0x31, 0x21, 0x21, 0x31, 0x21, 0x21, 0x31, 0x21, 0x21, 0x31,
  0x21, 0x21, 0x31, 0x31, 0x31, 0x42, 0x21, 0x21, 0x31, 0x31, 0x31, 0x42,
  0x31, 0x31, 0x42, 0x52, 0x52, 0x63, 0x31, 0x31, 0x42, 0x31, 0x31, 0x42,
  0x31, 0x31, 0x42, 0x31, 0x31, 0x42, 0x31, 0x31, 0x42, 0x31, 0x31, 0x42,
  0x31, 0x31, 0x42, 0x31, 0x31, 0x42, 0x31, 0x31, 0x42, 0x21, 0x21, 0x31,
  0x31, 0x31, 0x42, 0x21, 0x21, 0x31, 0x21, 0x21, 0x31, 0x31, 0x31, 0x42,
  0x21, 0x21, 0x31, 0x21, 0x21, 0x31, 0x10, 0x10, 0x21, 0x10, 0x10, 0x21,
  0x10, 0x10, 0x21, 0x10, 0x10, 0x21, 0x10, 0x10, 0x21, 0x10, 0x10, 0x21,
  0x10, 0x10, 0x21, 0x10, 0x10, 0x21, 0x10, 0x10, 0x21, 0x10, 0x10, 0x21,
  0x10, 0x10, 0x21, 0x10, 0x10, 0x21, 0x10, 0x10, 0x21, 0x10, 0x10, 0x21,
  0x10, 0x10, 0x21, 0x10, 0x10, 0x21, 0x10, 0x10, 0x21, 0x10, 0x10, 0x21,
  0x10, 0x10, 0x21, 0x10, 0x10, 0x21, 0x10, 0x10, 0x21, 0x10, 0x10, 0x21,
  0x10, 0x10, 0x21, 0x10, 0x10, 0x21, 0x10, 0x10, 0x21, 0x10, 0x10, 0x21,
  0x10, 0x10, 0x21, 0x10, 0x10, 0x21, 0x10, 0x10, 0x21, 0x10, 0x10, 0x21,
  0x10, 0x10, 0x21, 0x10, 0x10, 0x21, 0x10, 0x10, 0x21, 0x10, 0x10, 0x21,
  0x10, 0x10, 0x21, 0x10, 0x10, 0x21, 0x10, 0x10, 0x21, 0x10, 0x10, 0x21,
  0x10, 0x10, 0x21, 0x10, 0x10, 0x21, 0x10, 0x10, 0x21, 0x10, 0x10, 0x21,
  0x10, 0x10, 0x21, 0x10, 0x10, 0x21, 0x10, 0x10, 0x21, 0x10, 0x10, 0x21,
  0x10, 0x10, 0x21, 0x10, 0x10, 0x21, 0x10, 0x10, 0x21, 0x10, 0x10, 0x21,
  0x10, 0x10, 0x21, 0x10, 0x10, 0x21, 0x10, 0x10, 0x21, 0x10, 0x10, 0x21,
  0x10, 0x10, 0x21, 0x10, 0x10, 0x21, 0x10, 0x10, 0x21, 0x10, 0x10, 0x21,
  0x10, 0x10, 0x21, 0x10, 0x10, 0x21, 0x10, 0x10, 0x21, 0x10, 0x10, 0x21,
  0x21, 0x21, 0x31, 0x21, 0x21, 0x31, 0x21, 0x21, 0x31, 0x21, 0x21, 0x31,
  0x21, 0x21, 0x31, 0x31, 0x31, 0x42, 0x21, 0x21, 0x31, 0x21, 0x21, 0x31,
  0x31, 0x31, 0x42, 0x21, 0x21, 0x31, 0x31, 0x31, 0x42, 0x31, 0x31, 0x42,
  0x21, 0x21, 0x31, 0x21, 0x21, 0x31, 0x31, 0x31, 0x42, 0x31, 0x31, 0x42,
  0x31, 0x31, 0x42, 0x31, 0x31, 0x42, 0x31, 0x31, 0x42, 0x31, 0x31, 0x42,
  0x21, 0x21, 0x31, 0x31, 0x31, 0x42, 0x52, 0x52, 0x63, 0x73, 0x73, 0x84,
  0xb5, 0xb5, 0xc6, 0x31, 0x31, 0x42, 0x21, 0x21, 0x31, 0x21, 0x21, 0x31,
  0x21, 0x21, 0x31, 0x21, 0x21, 0x31, 0x00, 0x00, 0x00, 0x21, 0x21, 0x31,
  0x21, 0x21, 0x31, 0x21, 0x21, 0x31, 0x21, 0x21, 0x31, 0x21, 0x21, 0x31,
  0x21, 0x21, 0x31, 0x21, 0x21, 0x31, 0x21, 0x21, 0x31, 0x21, 0x21, 0x31,
  0x21, 0x21, 0x31, 0x31, 0x31, 0x42, 0x21, 0x21, 0x31, 0x21, 0x21, 0x31,
  0x31, 0x31, 0x42, 0x31, 0x31, 0x42, 0x21, 0x21, 0x31, 0x31, 0x31, 0x42,
  0x21, 0x21, 0x31, 0x21, 0x21, 0x31, 0x00, 0x00, 0x00, 0x21, 0x21, 0x31,
  0x00, 0x00, 0x00, 0x00, 0x00, 0x00, 0x21, 0x21, 0x31, 0x31, 0x31, 0x42,
  0x00, 0x00, 0x00, 0x21, 0x21, 0x31, 0x31, 0x31, 0x42, 0x21, 0x21, 0x31,
  0x00, 0x00, 0x00, 0x31, 0x31, 0x42, 0x21, 0x21, 0x31, 0x00, 0x00, 0x00,
  0x31, 0x31, 0x42, 0x00, 0x00, 0x00, 0x21, 0x21, 0x31, 0x00, 0x00, 0x00,
  0x31, 0x31, 0x42, 0x31, 0x31, 0x42, 0x00, 0x00, 0x00, 0x31, 0x31, 0x42,
  0x31, 0x31, 0x42, 0x00, 0x00, 0x00, 0x21, 0x21, 0x31, 0x00, 0x00, 0x00,
  0x31, 0x31, 0x42, 0x31, 0x31, 0x42, 0x00, 0x00, 0x00, 0x31, 0x31, 0x42,
  0x31, 0x31, 0x42, 0x00, 0x00, 0x00, 0x21, 0x21, 0x31, 0x00, 0x00, 0x00,
  0x31, 0x31, 0x42, 0x31, 0x31, 0x42, 0x00, 0x00, 0x00, 0x31, 0x31, 0x42,
  0x31, 0x31, 0x42, 0x00, 0x00, 0x00, 0x21, 0x21, 0x31, 0x00, 0x00, 0x00,
  0x31, 0x31, 0x42, 0x31, 0x31, 0x42, 0x00, 0x00, 0x00, 0x31, 0x31, 0x42,
  0x31, 0x31, 0x42, 0x00, 0x00, 0x00, 0x21, 0x21, 0x31, 0x00, 0x00, 0x00,
  0x31, 0x31, 0x42, 0x31, 0x31, 0x42, 0x00, 0x00, 0x00, 0x31, 0x31, 0x42,
  0x31, 0x31, 0x42, 0x00, 0x00, 0x00, 0x21, 0x21, 0x31, 0x00, 0x00, 0x00,
  0x31, 0x31, 0x42, 0x31, 0x31, 0x42, 0x00, 0x00, 0x00, 0x31, 0x31, 0x42,
  0x31, 0x31, 0x42, 0x00, 0x00, 0x00, 0x21, 0x21, 0x31, 0x00, 0x00, 0x00,
  0x31, 0x31, 0x42, 0x31, 0x31, 0x42, 0x00, 0x00, 0x00, 0x31, 0x31, 0x42,
  0x31, 0x31, 0x42, 0x00, 0x00, 0x00, 0x21, 0x21, 0x31, 0x00, 0x00, 0x00,
  0x31, 0x31, 0x42, 0x31, 0x31, 0x42, 0x00, 0x00, 0x00, 0x31, 0x31, 0x42,
  0x31, 0x31, 0x42, 0x00, 0x00, 0x00, 0x21, 0x21, 0x31, 0x00, 0x00, 0x00,
  0x31, 0x31, 0x42, 0x31, 0x31, 0x42, 0x00, 0x00, 0x00, 0x31, 0x31, 0x42,
  0x31, 0x31, 0x42, 0x00, 0x00, 0x00, 0x21, 0x21, 0x31, 0x31, 0x31, 0x42,
  0x31, 0x31, 0x42, 0x00, 0x00, 0x00, 0x31, 0x31, 0x42, 0x00, 0x00, 0x00,
  0x21, 0x21, 0x31, 0x21, 0x21, 0x31, 0x00, 0x00, 0x00, 0x21, 0x21, 0x31,
  0x00, 0x00, 0x00, 0x00, 0x00, 0x00, 0x21, 0x21, 0x31, 0x31, 0x31, 0x42,
  0x21, 0x21, 0x31, 0x31, 0x31, 0x42, 0x21, 0x21, 0x31, 0x31, 0x31, 0x42,
  0x31, 0x31, 0x42, 0x21, 0x21, 0x31, 0x21, 0x21, 0x31, 0x31, 0x31, 0x42,
  0x21, 0x21, 0x31, 0x21, 0x21, 0x31, 0x21, 0x21, 0x31, 0x21, 0x21, 0x31,
  0x21, 0x21, 0x31, 0x21, 0x21, 0x31, 0x21, 0x21, 0x31, 0x21, 0x21, 0x31,
  0x21, 0x21, 0x31, 0x21, 0x21, 0x31, 0x21, 0x21, 0x31, 0x21, 0x21, 0x31,
  0x21, 0x21, 0x31, 0x21, 0x21, 0x31, 0x21, 0x21, 0x31, 0x31, 0x31, 0x42,
  0x31, 0x31, 0x42, 0x31, 0x31, 0x42, 0x52, 0x52, 0x63, 0x31, 0x31, 0x42,
  0x31, 0x31, 0x42, 0x31, 0x31, 0x42, 0x31, 0x31, 0x42, 0x31, 0x31, 0x42,
  0x31, 0x31, 0x42, 0x21, 0x21, 0x31, 0x31, 0x31, 0x42, 0x21, 0x21, 0x31,
  0x21, 0x21, 0x31, 0x21, 0x21, 0x31, 0x21, 0x21, 0x31, 0x21, 0x21, 0x31,
  0x10, 0x10, 0x21, 0x10, 0x10, 0x21, 0x10, 0x10, 0x21, 0x10, 0x10, 0x21,
  0x10, 0x10, 0x21, 0x10, 0x10, 0x21, 0x10, 0x10, 0x21, 0x10, 0x10, 0x21,
  0x10, 0x10, 0x21, 0x10, 0x10, 0x21, 0x10, 0x10, 0x21, 0x10, 0x10, 0x21,
  0x10, 0x10, 0x21, 0x10, 0x10, 0x21, 0x10, 0x10, 0x21, 0x10, 0x10, 0x21,
  0x10, 0x10, 0x21, 0x10, 0x10, 0x21, 0x10, 0x10, 0x21, 0x10, 0x10, 0x21,
  0x10, 0x10, 0x21, 0x10, 0x10, 0x21, 0x10, 0x10, 0x21, 0x10, 0x10, 0x21,
  0x10, 0x10, 0x21, 0x10, 0x10, 0x21, 0x10, 0x10, 0x21, 0x10, 0x10, 0x21,
  0x10, 0x10, 0x21, 0x10, 0x10, 0x21, 0x10, 0x10, 0x21, 0x10, 0x10, 0x21,
  0x10, 0x10, 0x21, 0x10, 0x10, 0x21, 0x10, 0x10, 0x21, 0x10, 0x10, 0x21,
  0x10, 0x10, 0x21, 0x10, 0x10, 0x21, 0x10, 0x10, 0x21, 0x10, 0x10, 0x21,
  0x10, 0x10, 0x21, 0x10, 0x10, 0x21, 0x10, 0x10, 0x21, 0x10, 0x10, 0x21,
  0x10, 0x10, 0x21, 0x10, 0x10, 0x21, 0x10, 0x10, 0x21, 0x10, 0x10, 0x21,
  0x10, 0x10, 0x21, 0x10, 0x10, 0x21, 0x10, 0x10, 0x21, 0x10, 0x10, 0x21,
  0x10, 0x10, 0x21, 0x10, 0x10, 0x21, 0x10, 0x10, 0x21, 0x10, 0x10, 0x21,
  0x10, 0x10, 0x21, 0x10, 0x10, 0x21, 0x10, 0x10, 0x21, 0x10, 0x10, 0x21,
  0x10, 0x10, 0x21, 0x10, 0x10, 0x21, 0x10, 0x10, 0x21, 0x10, 0x10, 0x21,
  0x10, 0x10, 0x21, 0x10, 0x10, 0x21, 0x21, 0x21, 0x31, 0x21, 0x21, 0x31,
  0x21, 0x21, 0x31, 0x21, 0x21, 0x31, 0x21, 0x21, 0x31, 0x21, 0x21, 0x31,
  0x21, 0x21, 0x31, 0x21, 0x21, 0x31, 0x21, 0x21, 0x31, 0x31, 0x31, 0x42,
  0x21, 0x21, 0x31, 0x21, 0x21, 0x31, 0x21, 0x21, 0x31, 0x31, 0x31, 0x42,
  0x21, 0x21, 0x31, 0x21, 0x21, 0x31, 0x21, 0x21, 0x31, 0x21, 0x21, 0x31,
  0x31, 0x31, 0x42, 0x21, 0x21, 0x31, 0x73, 0x73, 0x84, 0x52, 0x52, 0x63,
  0x73, 0x73, 0x84, 0x31, 0x31, 0x42, 0x21, 0x21, 0x31, 0x21, 0x21, 0x31,
  0x21, 0x21, 0x31, 0x21, 0x21, 0x31, 0x21, 0x21, 0x31, 0x00, 0x00, 0x00,
  0x21, 0x21, 0x31, 0x21, 0x21, 0x31, 0x21, 0x21, 0x31, 0x21, 0x21, 0x31,
  0x00, 0x00, 0x00, 0x21, 0x21, 0x31, 0x00, 0x00, 0x00, 0x21, 0x21, 0x31,
  0x21, 0x21, 0x31, 0x21, 0x21, 0x31, 0x00, 0x00, 0x00, 0x21, 0x21, 0x31,
  0x00, 0x00, 0x00, 0x00, 0x00, 0x00, 0x00, 0x00, 0x00, 0x00, 0x00, 0x00,
  0x00, 0x00, 0x00, 0x31, 0x31, 0x42, 0x00, 0x00, 0x00, 0x00, 0x00, 0x00,
  0x00, 0x00, 0x00, 0x00, 0x00, 0x00, 0x31, 0x31, 0x42, 0x00, 0x00, 0x00,
  0x21, 0x21, 0x31, 0x00, 0x00, 0x00, 0x31, 0x31, 0x42, 0x00, 0x00, 0x00,
  0x31, 0x31, 0x42, 0x00, 0x00, 0x00, 0x00, 0x00, 0x00, 0x31, 0x31, 0x42,
  0x00, 0x00, 0x00, 0x31, 0x31, 0x42, 0x00, 0x00, 0x00, 0x31, 0x31, 0x42,
  0x00, 0x00, 0x00, 0x31, 0x31, 0x42, 0x31, 0x31, 0x42, 0x00, 0x00, 0x00,
  0x00, 0x00, 0x00, 0x31, 0x31, 0x42, 0x00, 0x00, 0x00, 0x31, 0x31, 0x42,
  0x00, 0x00, 0x00, 0x31, 0x31, 0x42, 0x31, 0x31, 0x42, 0x00, 0x00, 0x00,
  0x00, 0x00, 0x00, 0x31, 0x31, 0x42, 0x00, 0x00, 0x00, 0x31, 0x31, 0x42,
  0x00, 0x00, 0x00, 0x31, 0x31, 0x42, 0x31, 0x31, 0x42, 0x00, 0x00, 0x00,
  0x00, 0x00, 0x00, 0x31, 0x31, 0x42, 0x00, 0x00, 0x00, 0x31, 0x31, 0x42,
  0x00, 0x00, 0x00, 0x31, 0x31, 0x42, 0x31, 0x31, 0x42, 0x00, 0x00, 0x00,
  0x00, 0x00, 0x00, 0x31, 0x31, 0x42, 0x00, 0x00, 0x00, 0x31, 0x31, 0x42,
  0x00, 0x00, 0x00, 0x31, 0x31, 0x42, 0x31, 0x31, 0x42, 0x00, 0x00, 0x00,
  0x00, 0x00, 0x00, 0x31, 0x31, 0x42, 0x00, 0x00, 0x00, 0x31, 0x31, 0x42,
  0x00, 0x00, 0x00, 0x31, 0x31, 0x42, 0x31, 0x31, 0x42, 0x00, 0x00, 0x00,
  0x00, 0x00, 0x00, 0x31, 0x31, 0x42, 0x00, 0x00, 0x00, 0x31, 0x31, 0x42,
  0x00, 0x00, 0x00, 0x31, 0x31, 0x42, 0x31, 0x31, 0x42, 0x00, 0x00, 0x00,
  0x00, 0x00, 0x00, 0x31, 0x31, 0x42, 0x00, 0x00, 0x00, 0x31, 0x31, 0x42,
  0x00, 0x00, 0x00, 0x31, 0x31, 0x42, 0x31, 0x31, 0x42, 0x00, 0x00, 0x00,
  0x00, 0x00, 0x00, 0x31, 0x31, 0x42, 0x00, 0x00, 0x00, 0x31, 0x31, 0x42,
  0x00, 0x00, 0x00, 0x31, 0x31, 0x42, 0x31, 0x31, 0x42, 0x00, 0x00, 0x00,
  0x00, 0x00, 0x00, 0x00, 0x00, 0x00, 0x31, 0x31, 0x42, 0x21, 0x21, 0x31,
  0x00, 0x00, 0x00, 0x00, 0x00, 0x00, 0x31, 0x31, 0x42, 0x00, 0x00, 0x00,
  0x00, 0x00, 0x00, 0x31, 0x31, 0x42, 0x00, 0x00, 0x00, 0x00, 0x00, 0x00,
  0x00, 0x00, 0x00, 0x00, 0x00, 0x00, 0x31, 0x31, 0x42, 0x00, 0x00, 0x00,
  0x00, 0x00, 0x00, 0x00, 0x00, 0x00, 0x00, 0x00, 0x00, 0x00, 0x00, 0x00,
  0x00, 0x00, 0x00, 0x21, 0x21, 0x31, 0x00, 0x00, 0x00, 0x21, 0x21, 0x31,
  0x21, 0x21, 0x31, 0x21, 0x21, 0x31, 0x00, 0x00, 0x00, 0x21, 0x21, 0x31,
  0x00, 0x00, 0x00, 0x21, 0x21, 0x31, 0x21, 0x21, 0x31, 0x21, 0x21, 0x31,
  0x21, 0x21, 0x31, 0x21, 0x21, 0x31, 0x21, 0x21, 0x31, 0x21, 0x21, 0x31,
  0x21, 0x21, 0x31, 0x21, 0x21, 0x31, 0x21, 0x21, 0x31, 0x31, 0x31, 0x42,
  0x31, 0x31, 0x42, 0x31, 0x31, 0x42, 0x52, 0x52, 0x63, 0x31, 0x31, 0x42,
  0x31, 0x31, 0x42, 0x31, 0x31, 0x42, 0x31, 0x31, 0x42, 0x31, 0x31, 0x42,
  0x31, 0x31, 0x42, 0x21, 0x21, 0x31, 0x21, 0x21, 0x31, 0x21, 0x21, 0x31,
  0x21, 0x21, 0x31, 0x21, 0x21, 0x31, 0x21, 0x21, 0x31, 0x10, 0x10, 0x21,
  0x10, 0x10, 0x21, 0x10, 0x10, 0x21, 0x10, 0x10, 0x21, 0x10, 0x10, 0x21,
  0x10, 0x10, 0x21, 0x10, 0x10, 0x21, 0x10, 0x10, 0x21, 0x10, 0x10, 0x21,
  0x10, 0x10, 0x21, 0x10, 0x10, 0x21, 0x10, 0x10, 0x21, 0x10, 0x10, 0x21,
  0x10, 0x10, 0x21, 0x10, 0x10, 0x21, 0x10, 0x10, 0x21, 0x10, 0x10, 0x21,
  0x10, 0x10, 0x21, 0x10, 0x10, 0x21, 0x10, 0x10, 0x21, 0x10, 0x10, 0x21,
  0x10, 0x10, 0x21, 0x10, 0x10, 0x21, 0x10, 0x10, 0x21, 0x10, 0x10, 0x21,
  0x10, 0x10, 0x21, 0x10, 0x10, 0x21, 0x10, 0x10, 0x21, 0x10, 0x10, 0x21,
  0x10, 0x10, 0x21, 0x10, 0x10, 0x21, 0x10, 0x10, 0x21, 0x10, 0x10, 0x21,
  0x10, 0x10, 0x21, 0x10, 0x10, 0x21, 0x10, 0x10, 0x21, 0x10, 0x10, 0x21,
  0x10, 0x10, 0x21, 0x10, 0x10, 0x21, 0x10, 0x10, 0x21, 0x10, 0x10, 0x21,
  0x10, 0x10, 0x21, 0x10, 0x10, 0x21, 0x10, 0x10, 0x21, 0x10, 0x10, 0x21,
  0x10, 0x10, 0x21, 0x10, 0x10, 0x21, 0x10, 0x10, 0x21, 0x10, 0x10, 0x21,
  0x10, 0x10, 0x21, 0x10, 0x10, 0x21, 0x10, 0x10, 0x21, 0x10, 0x10, 0x21,
  0x10, 0x10, 0x21, 0x10, 0x10, 0x21, 0x10, 0x10, 0x21, 0x10, 0x10, 0x21,
  0x10, 0x10, 0x21, 0x10, 0x10, 0x21, 0x10, 0x10, 0x21, 0x10, 0x10, 0x21,
  0x10, 0x10, 0x21, 0x10, 0x10, 0x21, 0x10, 0x10, 0x21, 0x10, 0x10, 0x21,
  0x10, 0x10, 0x21, 0x10, 0x10, 0x21, 0x10, 0x10, 0x21, 0x10, 0x10, 0x21,
  0x10, 0x10, 0x21, 0x10, 0x10, 0x21, 0x21, 0x21, 0x31, 0x21, 0x21, 0x31,
  0x21, 0x21, 0x31, 0x21, 0x21, 0x31, 0x21, 0x21, 0x31, 0x21, 0x21, 0x31,
  0x21, 0x21, 0x31, 0x21, 0x21, 0x31, 0x21, 0x21, 0x31, 0x21, 0x21, 0x31,
  0x21, 0x21, 0x31, 0x21, 0x21, 0x31, 0x21, 0x21, 0x31, 0x21, 0x21, 0x31,
  0x21, 0x21, 0x31, 0x21, 0x21, 0x31, 0x73, 0x73, 0x84, 0x52, 0x52, 0x63,
  0x31, 0x31, 0x42, 0x21, 0x21, 0x31, 0x21, 0x21, 0x31, 0x21, 0x21, 0x31,
  0x21, 0x21, 0x31, 0x21, 0x21, 0x31, 0x00, 0x00, 0x00, 0x21, 0x21, 0x31,
  0x21, 0x21, 0x31, 0x21, 0x21, 0x31, 0x00, 0x00, 0x00, 0x21, 0x21, 0x31,
  0x21, 0x21, 0x31, 0x00, 0x00, 0x00, 0x00, 0x00, 0x00, 0x00, 0x00, 0x00,
  0x00, 0x00, 0x00, 0x00, 0x00, 0x00, 0x00, 0x00, 0x00, 0x00, 0x00, 0x00,
  0x00, 0x00, 0x00, 0x00, 0x00, 0x00, 0x00, 0x00, 0x00, 0x00, 0x00, 0x00,
  0x00, 0x00, 0x00, 0x00, 0x00, 0x00, 0x00, 0x00, 0x00, 0x00, 0x00, 0x00,
  0x00, 0x00, 0x00, 0x00, 0x00, 0x00, 0x00, 0x00, 0x00, 0x31, 0x31, 0x42,
  0x00, 0x00, 0x00, 0x00, 0x00, 0x00, 0x00, 0x00, 0x00, 0x31, 0x31, 0x42,
  0x00, 0x00, 0x00, 0x00, 0x00, 0x00, 0x00, 0x00, 0x00, 0x31, 0x31, 0x42,
  0x00, 0x00, 0x00, 0x00, 0x00, 0x00, 0x31, 0x31, 0x42, 0x00, 0x00, 0x00,
  0x31, 0x31, 0x42, 0x00, 0x00, 0x00, 0x00, 0x00, 0x00, 0x31, 0x31, 0x42,
  0x00, 0x00, 0x00, 0x00, 0x00, 0x00, 0x31, 0x31, 0x42, 0x00, 0x00, 0x00,
  0x31, 0x31, 0x42, 0x00, 0x00, 0x00, 0x00, 0x00, 0x00, 0x31, 0x31, 0x42,
  0x00, 0x00, 0x00, 0x00, 0x00, 0x00, 0x31, 0x31, 0x42, 0x00, 0x00, 0x00,
  0x31, 0x31, 0x42, 0x00, 0x00, 0x00, 0x00, 0x00, 0x00, 0x31, 0x31, 0x42,
  0x00, 0x00, 0x00, 0x00, 0x00, 0x00, 0x31, 0x31, 0x42, 0x00, 0x00, 0x00,
  0x31, 0x31, 0x42, 0x00, 0x00, 0x00, 0x00, 0x00, 0x00, 0x31, 0x31, 0x42,
  0x00, 0x00, 0x00, 0x00, 0x00, 0x00, 0x31, 0x31, 0x42, 0x00, 0x00, 0x00,
  0x31, 0x31, 0x42, 0x00, 0x00, 0x00, 0x00, 0x00, 0x00, 0x31, 0x31, 0x42,
  0x00, 0x00, 0x00, 0x00, 0x00, 0x00, 0x31, 0x31, 0x42, 0x00, 0x00, 0x00,
  0x31, 0x31, 0x42, 0x00, 0x00, 0x00, 0x00, 0x00, 0x00, 0x31, 0x31, 0x42,
  0x00, 0x00, 0x00, 0x00, 0x00, 0x00, 0x31, 0x31, 0x42, 0x00, 0x00, 0x00,
  0x31, 0x31, 0x42, 0x00, 0x00, 0x00, 0x00, 0x00, 0x00, 0x31, 0x31, 0x42,
  0x00, 0x00, 0x00, 0x00, 0x00, 0x00, 0x31, 0x31, 0x42, 0x00, 0x00, 0x00,
  0x31, 0x31, 0x42, 0x00, 0x00, 0x00, 0x00, 0x00, 0x00, 0x31, 0x31, 0x42,
  0x00, 0x00, 0x00, 0x00, 0x00, 0x00, 0x31, 0x31, 0x42, 0x00, 0x00, 0x00,
  0x31, 0x31, 0x42, 0x00, 0x00, 0x00, 0x00, 0x00, 0x00, 0x31, 0x31, 0x42,
  0x00, 0x00, 0x00, 0x00, 0x00, 0x00, 0x00, 0x00, 0x00, 0x00, 0x00, 0x00,
  0x00, 0x00, 0x00, 0x00, 0x00, 0x00, 0x00, 0x00, 0x00, 0x00, 0x00, 0x00,
  0x00, 0x00, 0x00, 0x00, 0x00, 0x00, 0x00, 0x00, 0x00, 0x00, 0x00, 0x00,
  0x00, 0x00, 0x00, 0x00, 0x00, 0x00, 0x00, 0x00, 0x00, 0x31, 0x31, 0x42,
  0x00, 0x00, 0x00, 0x00, 0x00, 0x00, 0x00, 0x00, 0x00, 0x00, 0x00, 0x00,
  0x00, 0x00, 0x00, 0x00, 0x00, 0x00, 0x00, 0x00, 0x00, 0x00, 0x00, 0x00,
  0x00, 0x00, 0x00, 0x00, 0x00, 0x00, 0x00, 0x00, 0x00, 0x00, 0x00, 0x00,
  0x21, 0x21, 0x31, 0x21, 0x21, 0x31, 0x00, 0x00, 0x00, 0x21, 0x21, 0x31,
  0x21, 0x21, 0x31, 0x21, 0x21, 0x31, 0x21, 0x21, 0x31, 0x21, 0x21, 0x31,
  0x21, 0x21, 0x31, 0x21, 0x21, 0x31, 0x21, 0x21, 0x31, 0x73, 0x73, 0x84,
  0x31, 0x31, 0x42, 0x31, 0x31, 0x42, 0x52, 0x52, 0x63, 0x31, 0x31, 0x42,
  0x31, 0x31, 0x42, 0x21, 0x21, 0x31, 0x21, 0x21, 0x31, 0x31, 0x31, 0x42,
  0x21, 0x21, 0x31, 0x21, 0x21, 0x31, 0x21, 0x21, 0x31, 0x21, 0x21, 0x31,
  0x21, 0x21, 0x31, 0x10, 0x10, 0x21, 0x10, 0x10, 0x21, 0x10, 0x10, 0x21,
  0x10, 0x10, 0x21, 0x10, 0x10, 0x21, 0x10, 0x10, 0x21, 0x10, 0x10, 0x21,
  0x10, 0x10, 0x21, 0x10, 0x10, 0x21, 0x10, 0x10, 0x21, 0x10, 0x10, 0x21,
  0x10, 0x10, 0x21, 0x10, 0x10, 0x21, 0x10, 0x10, 0x21, 0x10, 0x10, 0x21,
  0x10, 0x10, 0x21, 0x10, 0x10, 0x21, 0x10, 0x10, 0x21, 0x10, 0x10, 0x21,
  0x10, 0x10, 0x21, 0x10, 0x10, 0x21, 0x10, 0x10, 0x21, 0x10, 0x10, 0x21,
  0x10, 0x10, 0x21, 0x10, 0x10, 0x21, 0x10, 0x10, 0x21, 0x10, 0x10, 0x21,
  0x10, 0x10, 0x21, 0x10, 0x10, 0x21, 0x10, 0x10, 0x21, 0x10, 0x10, 0x21,
  0x10, 0x10, 0x21, 0x10, 0x10, 0x21, 0x10, 0x10, 0x21, 0x10, 0x10, 0x21,
  0x10, 0x10, 0x21, 0x10, 0x10, 0x21, 0x10, 0x10, 0x21, 0x10, 0x10, 0x21,
  0x10, 0x10, 0x21, 0x10, 0x10, 0x21, 0x10, 0x10, 0x21, 0x10, 0x10, 0x21,
  0x10, 0x10, 0x21, 0x10, 0x10, 0x21, 0x10, 0x10, 0x21, 0x10, 0x10, 0x21,
  0x10, 0x10, 0x21, 0x10, 0x10, 0x21, 0x10, 0x10, 0x21, 0x10, 0x10, 0x21,
  0x10, 0x10, 0x21, 0x10, 0x10, 0x21, 0x10, 0x10, 0x21, 0x10, 0x10, 0x21,
  0x10, 0x10, 0x21, 0x10, 0x10, 0x21, 0x10, 0x10, 0x21, 0x10, 0x10, 0x21,
  0x10, 0x10, 0x21, 0x10, 0x10, 0x21, 0x10, 0x10, 0x21, 0x10, 0x10, 0x21,
  0x10, 0x10, 0x21, 0x10, 0x10, 0x21, 0x10, 0x10, 0x21, 0x10, 0x10, 0x21,
  0x10, 0x10, 0x21, 0x10, 0x10, 0x21, 0x10, 0x10, 0x21, 0x10, 0x10, 0x21,
  0x10, 0x10, 0x21, 0x10, 0x10, 0x21, 0x10, 0x10, 0x21, 0x10, 0x10, 0x21,
  0x10, 0x10, 0x21, 0x10, 0x10, 0x21, 0x21, 0x21, 0x31, 0x21, 0x21, 0x31,
  0x21, 0x21, 0x31, 0x21, 0x21, 0x31, 0x21, 0x21, 0x31, 0x21, 0x21, 0x31,
  0x21, 0x21, 0x31, 0x21, 0x21, 0x31, 0x21, 0x21, 0x31, 0x21, 0x21, 0x31,
  0x21, 0x21, 0x31, 0x21, 0x21, 0x31, 0x52, 0x52, 0x63, 0xb5, 0xb5, 0xc6,
  0x21, 0x21, 0x31, 0x31, 0x31, 0x42, 0x21, 0x21, 0x31, 0x21, 0x21, 0x31,
  0x21, 0x21, 0x31, 0x21, 0x21, 0x31, 0x21, 0x21, 0x31, 0x00, 0x00, 0x00,
  0x00, 0x00, 0x00, 0x21, 0x21, 0x31, 0x00, 0x00, 0x00, 0x00, 0x00, 0x00,
  0x00, 0x00, 0x00, 0x00, 0x00, 0x00, 0x00, 0x00, 0x00, 0x00, 0x00, 0x00,
  0x00, 0x00, 0x00, 0x00, 0x00, 0x00, 0x00, 0x00, 0x10, 0x00, 0x00, 0x10,
  0x00, 0x00, 0x10, 0x00, 0x00, 0x10, 0x00, 0x00, 0x10, 0x00, 0x00, 0x10,
  0x00, 0x00, 0x10, 0x00, 0x00, 0x10, 0x00, 0x00, 0x10, 0x00, 0x00, 0x10,
  0x00, 0x00, 0x10, 0x00, 0x00, 0x10, 0x00, 0x00, 0x10, 0x00, 0x00, 0x10,
  0x00, 0x00, 0x10, 0x00, 0x00, 0x10, 0x00, 0x00, 0x10, 0x00, 0x00, 0x10,
  0x00, 0x00, 0x10, 0x00, 0x00, 0x10, 0x00, 0x00, 0x10, 0x00, 0x00, 0x10,
  0x00, 0x00, 0x00, 0x00, 0x00, 0x00, 0x00, 0x00, 0x00, 0x00, 0x00, 0x00,
  0x00, 0x00, 0x00, 0x00, 0x00, 0x00, 0x00, 0x00, 0x00, 0x00, 0x00, 0x00,
  0x00, 0x00, 0x00, 0x00, 0x00, 0x00, 0x00, 0x00, 0x00, 0x00, 0x00, 0x00,
  0x00, 0x00, 0x00, 0x00, 0x00, 0x00, 0x00, 0x00, 0x00, 0x00, 0x00, 0x00,
  0x00, 0x00, 0x00, 0x00, 0x00, 0x00, 0x00, 0x00, 0x00, 0x00, 0x00, 0x00,
  0x00, 0x00, 0x00, 0x00, 0x00, 0x00, 0x00, 0x00, 0x00, 0x00, 0x00, 0x00,
  0x00, 0x00, 0x00, 0x00, 0x00, 0x00, 0x00, 0x00, 0x00, 0x00, 0x00, 0x00,
  0x00, 0x00, 0x00, 0x00, 0x00, 0x00, 0x00, 0x00, 0x00, 0x00, 0x00, 0x00,
  0x00, 0x00, 0x00, 0x00, 0x00, 0x00, 0x00, 0x00, 0x00, 0x00, 0x00, 0x00,
  0x00, 0x00, 0x00, 0x00, 0x00, 0x00, 0x00, 0x00, 0x00, 0x00, 0x00, 0x00,
  0x00, 0x00, 0x00, 0x00, 0x00, 0x00, 0x00, 0x00, 0x00, 0x00, 0x00, 0x00,
  0x00, 0x00, 0x00, 0x00, 0x00, 0x00, 0x00, 0x00, 0x00, 0x00, 0x00, 0x00,
  0x00, 0x00, 0x00, 0x00, 0x00, 0x00, 0x00, 0x00, 0x00, 0x00, 0x00, 0x00,
  0x00, 0x00, 0x00, 0x00, 0x00, 0x00, 0x00, 0x00, 0x00, 0x00, 0x00, 0x00,
  0x00, 0x00, 0x00, 0x00, 0x00, 0x00, 0x00, 0x00, 0x00, 0x00, 0x00, 0x00,
  0x00, 0x00, 0x00, 0x00, 0x00, 0x00, 0x00, 0x00, 0x00, 0x00, 0x00, 0x00,
  0x00, 0x00, 0x00, 0x00, 0x00, 0x00, 0x00, 0x00, 0x00, 0x00, 0x00, 0x00,
  0x00, 0x00, 0x00, 0x00, 0x00, 0x00, 0x00, 0x00, 0x00, 0x00, 0x00, 0x00,
  0x00, 0x00, 0x00, 0x00, 0x00, 0x10, 0x00, 0x00, 0x10, 0x00, 0x00, 0x10,
  0x00, 0x00, 0x10, 0x00, 0x00, 0x10, 0x00, 0x00, 0x10, 0x00, 0x00, 0x10,
  0x00, 0x00, 0x10, 0x00, 0x00, 0x10, 0x00, 0x00, 0x10, 0x00, 0x00, 0x10,
  0x00, 0x00, 0x10, 0x00, 0x00, 0x10, 0x00, 0x00, 0x10, 0x00, 0x00, 0x10,
  0x00, 0x00, 0x10, 0x00, 0x00, 0x10, 0x00, 0x00, 0x10, 0x00, 0x00, 0x10,
  0x00, 0x00, 0x10, 0x00, 0x00, 0x10, 0x00, 0x00, 0x10, 0x00, 0x00, 0x00,
  0x00, 0x00, 0x00, 0x00, 0x00, 0x00, 0x00, 0x00, 0x00, 0x00, 0x00, 0x00,
  0x00, 0x00, 0x00, 0x00, 0x00, 0x00, 0x00, 0x00, 0x00, 0x21, 0x21, 0x31,
  0x00, 0x00, 0x00, 0x21, 0x21, 0x31, 0x21, 0x21, 0x31, 0x21, 0x21, 0x31,
  0x21, 0x21, 0x31, 0x21, 0x21, 0x31, 0x31, 0x31, 0x42, 0x31, 0x31, 0x42,
  0x21, 0x21, 0x31, 0x31, 0x31, 0x42, 0x52, 0x52, 0x63, 0x21, 0x21, 0x31,
  0x21, 0x21, 0x31, 0x21, 0x21, 0x31, 0x21, 0x21, 0x31, 0x21, 0x21, 0x31,
  0x21, 0x21, 0x31, 0x21, 0x21, 0x31, 0x21, 0x21, 0x31, 0x10, 0x10, 0x21,
  0x10, 0x10, 0x21, 0x10, 0x10, 0x21, 0x10, 0x10, 0x21, 0x10, 0x10, 0x21,
  0x10, 0x10, 0x21, 0x10, 0x10, 0x21, 0x10, 0x10, 0x21, 0x10, 0x10, 0x21,
  0x10, 0x10, 0x21, 0x10, 0x10, 0x21, 0x10, 0x10, 0x21, 0x10, 0x10, 0x21,
  0x10, 0x10, 0x21, 0x10, 0x10, 0x21, 0x10, 0x10, 0x21, 0x10, 0x10, 0x21,
  0x10, 0x10, 0x21, 0x10, 0x10, 0x21, 0x10, 0x10, 0x21, 0x10, 0x10, 0x21,
  0x10, 0x10, 0x21, 0x10, 0x10, 0x21, 0x10, 0x10, 0x21, 0x10, 0x10, 0x21,
  0x10, 0x10, 0x21, 0x10, 0x10, 0x21, 0x10, 0x10, 0x21, 0x10, 0x10, 0x21,
  0x10, 0x10, 0x21, 0x10, 0x10, 0x21, 0x10, 0x10, 0x21, 0x10, 0x10, 0x21,
  0x10, 0x10, 0x21, 0x10, 0x10, 0x21, 0x10, 0x10, 0x21, 0x10, 0x10, 0x21,
  0x10, 0x10, 0x21, 0x10, 0x10, 0x21, 0x10, 0x10, 0x21, 0x10, 0x10, 0x21,
  0x10, 0x10, 0x21, 0x10, 0x10, 0x21, 0x10, 0x10, 0x21, 0x10, 0x10, 0x21,
  0x10, 0x10, 0x21, 0x10, 0x10, 0x21, 0x10, 0x10, 0x21, 0x10, 0x10, 0x21,
  0x10, 0x10, 0x21, 0x10, 0x10, 0x21, 0x10, 0x10, 0x21, 0x10, 0x10, 0x21,
  0x10, 0x10, 0x21, 0x10, 0x10, 0x21, 0x10, 0x10, 0x21, 0x10, 0x10, 0x21,
  0x10, 0x10, 0x21, 0x10, 0x10, 0x21, 0x10, 0x10, 0x21, 0x10, 0x10, 0x21,
  0x10, 0x10, 0x21, 0x10, 0x10, 0x21, 0x10, 0x10, 0x21, 0x10, 0x10, 0x21,
  0x10, 0x10, 0x21, 0x10, 0x10, 0x21, 0x10, 0x10, 0x21, 0x10, 0x10, 0x21,
  0x10, 0x10, 0x21, 0x10, 0x10, 0x21, 0x10, 0x10, 0x21, 0x10, 0x10, 0x21,
  0x10, 0x10, 0x21, 0x10, 0x10, 0x21, 0x10, 0x10, 0x21, 0x10, 0x10, 0x21,
  0x10, 0x10, 0x21, 0x10, 0x10, 0x21, 0x10, 0x10, 0x21, 0x10, 0x10, 0x21,
  0x10, 0x10, 0x21, 0x10, 0x10, 0x21, 0x10, 0x10, 0x21, 0x10, 0x10, 0x21,
  0x10, 0x10, 0x21, 0x10, 0x10, 0x21, 0x10, 0x10, 0x21, 0x10, 0x10, 0x21,
  0x10, 0x10, 0x21, 0x21, 0x21, 0x31, 0x73, 0x73, 0x84, 0x73, 0x73, 0x84,
  0x52, 0x52, 0x63, 0x21, 0x21, 0x31, 0x21, 0x21, 0x31, 0x21, 0x21, 0x31,
  0x21, 0x21, 0x31, 0x21, 0x21, 0x31, 0x00, 0x00, 0x00, 0x21, 0x21, 0x31,
  0x21, 0x21, 0x31, 0x00, 0x00, 0x00, 0x00, 0x00, 0x00, 0x00, 0x00, 0x00,
  0x00, 0x00, 0x00, 0x00, 0x00, 0x00, 0x10, 0x10, 0x21, 0x10, 0x10, 0x21,
  0x10, 0x10, 0x21, 0x10, 0x10, 0x21, 0x31, 0x31, 0x42, 0x21, 0x21, 0x31,
  0x31, 0x31, 0x42, 0x21, 0x21, 0x31, 0x31, 0x31, 0x42, 0x31, 0x31, 0x42,
  0x31, 0x31, 0x42, 0x31, 0x31, 0x42, 0x31, 0x31, 0x42, 0x21, 0x21, 0x31,
  0x31, 0x31, 0x42, 0x31, 0x31, 0x42, 0x31, 0x31, 0x42, 0x21, 0x21, 0x31,
  0x21, 0x21, 0x31, 0x31, 0x31, 0x42, 0x21, 0x21, 0x31, 0x21, 0x21, 0x31,
  0x21, 0x21, 0x31, 0x21, 0x21, 0x31, 0x21, 0x21, 0x31, 0x21, 0x21, 0x31,
  0x10, 0x10, 0x21, 0x10, 0x10, 0x21, 0x10, 0x10, 0x21, 0x10, 0x10, 0x21,
  0x10, 0x10, 0x21, 0x10, 0x10, 0x21, 0x10, 0x10, 0x21, 0x10, 0x10, 0x21,
  0x10, 0x10, 0x21, 0x10, 0x10, 0x21, 0x10, 0x10, 0x21, 0x10, 0x10, 0x21,
  0x10, 0x10, 0x21, 0x10, 0x10, 0x21, 0x10, 0x10, 0x21, 0x10, 0x10, 0x21,
  0x10, 0x10, 0x21, 0x10, 0x10, 0x21, 0x10, 0x10, 0x21, 0x10, 0x10, 0x21,
  0x10, 0x10, 0x21, 0x10, 0x10, 0x21, 0x10, 0x10, 0x21, 0x10, 0x10, 0x21,
  0x10, 0x10, 0x21, 0x10, 0x10, 0x21, 0x10, 0x10, 0x21, 0x10, 0x10, 0x21,
  0x10, 0x10, 0x21, 0x10, 0x10, 0x21, 0x10, 0x10, 0x21, 0x10, 0x10, 0x21,
  0x10, 0x10, 0x21, 0x10, 0x10, 0x21, 0x10, 0x10, 0x21, 0x10, 0x10, 0x21,
  0x10, 0x10, 0x21, 0x10, 0x10, 0x21, 0x10, 0x10, 0x21, 0x10, 0x10, 0x21,
  0x10, 0x10, 0x21, 0x10, 0x10, 0x21, 0x10, 0x10, 0x21, 0x10, 0x10, 0x21,
  0x10, 0x10, 0x21, 0x10, 0x10, 0x21, 0x10, 0x10, 0x21, 0x10, 0x10, 0x21,
  0x10, 0x10, 0x21, 0x10, 0x10, 0x21, 0x10, 0x10, 0x21, 0x10, 0x10, 0x21,
  0x10, 0x10, 0x21, 0x10, 0x10, 0x21, 0x10, 0x10, 0x21, 0x10, 0x10, 0x21,
  0x10, 0x10, 0x21, 0x10, 0x10, 0x21, 0x10, 0x10, 0x21, 0x10, 0x10, 0x21,
  0x10, 0x10, 0x21, 0x10, 0x10, 0x21, 0x10, 0x10, 0x21, 0x10, 0x10, 0x21,
  0x10, 0x10, 0x21, 0x10, 0x10, 0x21, 0x10, 0x10, 0x21, 0x10, 0x10, 0x21,
  0x10, 0x10, 0x21, 0x10, 0x10, 0x21, 0x10, 0x10, 0x21, 0x10, 0x10, 0x21,
  0x10, 0x10, 0x21, 0x21, 0x21, 0x31, 0x21, 0x21, 0x31, 0x21, 0x21, 0x31,
  0x31, 0x31, 0x42, 0x21, 0x21, 0x31, 0x31, 0x31, 0x42, 0x31, 0x31, 0x42,
  0x31, 0x31, 0x42, 0x31, 0x31, 0x42, 0x31, 0x31, 0x42, 0x21, 0x21, 0x31,
  0x31, 0x31, 0x42, 0x31, 0x31, 0x42, 0x31, 0x31, 0x42, 0x21, 0x21, 0x31,
  0x31, 0x31, 0x42, 0x31, 0x31, 0x42, 0x31, 0x31, 0x42, 0x21, 0x21, 0x31,
  0x31, 0x31, 0x42, 0x21, 0x21, 0x31, 0x31, 0x31, 0x42, 0x10, 0x10, 0x21,
  0x10, 0x10, 0x21, 0x10, 0x10, 0x21, 0x10, 0x10, 0x21, 0x00, 0x00, 0x00,
  0x00, 0x00, 0x00, 0x00, 0x00, 0x00, 0x00, 0x00, 0x00, 0x00, 0x00, 0x00,
  0x21, 0x21, 0x31, 0x00, 0x00, 0x00, 0x21, 0x21, 0x31, 0x00, 0x00, 0x00,
  0x21, 0x21, 0x31, 0x21, 0x21, 0x31, 0x21, 0x21, 0x31, 0x21, 0x21, 0x31,
  0x31, 0x31, 0x42, 0x31, 0x31, 0x42, 0x52, 0x52, 0x63, 0x21, 0x21, 0x31,
  0x21, 0x21, 0x31, 0x21, 0x21, 0x31, 0x21, 0x21, 0x31, 0x10, 0x10, 0x21,
  0x10, 0x10, 0x21, 0x10, 0x10, 0x21, 0x10, 0x10, 0x21, 0x10, 0x10, 0x21,
  0x10, 0x10, 0x21, 0x10, 0x10, 0x21, 0x10, 0x10, 0x21, 0x10, 0x10, 0x21,
  0x10, 0x10, 0x21, 0x10, 0x10, 0x21, 0x10, 0x10, 0x21, 0x10, 0x10, 0x21,
  0x10, 0x10, 0x21, 0x10, 0x10, 0x21, 0x10, 0x10, 0x21, 0x10, 0x10, 0x21,
  0x10, 0x10, 0x21, 0x10, 0x10, 0x21, 0x10, 0x10, 0x21, 0x10, 0x10, 0x21,
  0x10, 0x10, 0x21, 0x10, 0x10, 0x21, 0x10, 0x10, 0x21, 0x10, 0x10, 0x21,
  0x10, 0x10, 0x21, 0x10, 0x10, 0x21, 0x10, 0x10, 0x21, 0x10, 0x10, 0x21,
  0x10, 0x10, 0x21, 0x10, 0x10, 0x21, 0x10, 0x10, 0x21, 0x10, 0x10, 0x21,
  0x10, 0x10, 0x21, 0x10, 0x10, 0x21, 0x10, 0x10, 0x21, 0x10, 0x10, 0x21,
  0x10, 0x10, 0x21, 0x10, 0x10, 0x21, 0x10, 0x10, 0x21, 0x10, 0x10, 0x21,
  0x10, 0x10, 0x21, 0x10, 0x10, 0x21, 0x10, 0x10, 0x21, 0x10, 0x10, 0x21,
  0x10, 0x10, 0x21, 0x10, 0x10, 0x21, 0x10, 0x10, 0x21, 0x10, 0x10, 0x21,
  0x10, 0x10, 0x21, 0x10, 0x10, 0x21, 0x10, 0x10, 0x21, 0x10, 0x10, 0x21,
  0x10, 0x10, 0x21, 0x10, 0x10, 0x21, 0x10, 0x10, 0x21, 0x10, 0x10, 0x21,
  0x10, 0x10, 0x21, 0x10, 0x10, 0x21, 0x10, 0x10, 0x21, 0x10, 0x10, 0x21,
  0x10, 0x10, 0x21, 0x10, 0x10, 0x21, 0x10, 0x10, 0x21, 0x10, 0x10, 0x21,
  0x10, 0x10, 0x21, 0x10, 0x10, 0x21, 0x10, 0x10, 0x21, 0x10, 0x10, 0x21,
  0x10, 0x10, 0x21, 0x10, 0x10, 0x21, 0x10, 0x10, 0x21, 0x10, 0x10, 0x21,
  0x10, 0x10, 0x21, 0x10, 0x10, 0x21, 0x10, 0x10, 0x21, 0x10, 0x10, 0x21,
  0x10, 0x10, 0x21, 0x10, 0x10, 0x21, 0x10, 0x10, 0x21, 0x10, 0x10, 0x21,
  0x10, 0x10, 0x21, 0x10, 0x10, 0x21, 0x10, 0x10, 0x21, 0x10, 0x10, 0x21,
  0x10, 0x10, 0x21, 0x10, 0x10, 0x21, 0x10, 0x10, 0x21, 0x10, 0x10, 0x21,
  0x10, 0x10, 0x21, 0x10, 0x10, 0x21, 0x10, 0x10, 0x21, 0x10, 0x10, 0x21,
  0x10, 0x10, 0x21, 0x10, 0x10, 0x21, 0xb5, 0xb5, 0xc6, 0xb5, 0xb5, 0xc6,
  0x21, 0x21, 0x31, 0x31, 0x31, 0x42, 0x21, 0x21, 0x31, 0x21, 0x21, 0x31,
  0x21, 0x21, 0x31, 0x21, 0x21, 0x31, 0x21, 0x21, 0x31, 0x00, 0x00, 0x00,
  0x21, 0x21, 0x31, 0x00, 0x00, 0x00, 0x00, 0x00, 0x00, 0x00, 0x00, 0x00,
  0x00, 0x00, 0x00, 0x10, 0x10, 0x21, 0x21, 0x21, 0x31, 0x21, 0x21, 0x31,
  0x21, 0x21, 0x31, 0x21, 0x21, 0x31, 0x21, 0x21, 0x31, 0x21, 0x21, 0x31,
  0x21, 0x21, 0x31, 0x31, 0x31, 0x42, 0x31, 0x31, 0x42, 0x21, 0x21, 0x31,
  0x31, 0x31, 0x42, 0x31, 0x31, 0x42, 0x31, 0x31, 0x42, 0x31, 0x31, 0x42,
  0x31, 0x31, 0x42, 0x31, 0x31, 0x42, 0x31, 0x31, 0x42, 0x31, 0x31, 0x42,
  0x31, 0x31, 0x42, 0x31, 0x31, 0x42, 0x21, 0x21, 0x31, 0x10, 0x10, 0x21,
  0x10, 0x10, 0x21, 0x10, 0x10, 0x21, 0x10, 0x10, 0x21, 0x10, 0x10, 0x21,
  0x00, 0x00, 0x00, 0x00, 0x00, 0x00, 0x00, 0x00, 0x00, 0x00, 0x00, 0x00,
  0x00, 0x00, 0x00, 0x00, 0x00, 0x00, 0x00, 0x00, 0x00, 0x00, 0x00, 0x00,
  0x00, 0x00, 0x00, 0x00, 0x00, 0x00, 0x00, 0x00, 0x00, 0x00, 0x00, 0x00,
  0x00, 0x00, 0x00, 0x00, 0x00, 0x00, 0x00, 0x00, 0x00, 0x00, 0x00, 0x00,
  0x00, 0x00, 0x00, 0x00, 0x00, 0x00, 0x00, 0x00, 0x00, 0x00, 0x00, 0x00,
  0x00, 0x00, 0x00, 0x00, 0x00, 0x00, 0x00, 0x00, 0x00, 0x00, 0x00, 0x00,
  0x00, 0x00, 0x00, 0x00, 0x00, 0x00, 0x00, 0x00, 0x00, 0x00, 0x00, 0x00,
  0x00, 0x00, 0x00, 0x00, 0x00, 0x00, 0x00, 0x00, 0x00, 0x00, 0x00, 0x00,
  0x00, 0x00, 0x00, 0x00, 0x00, 0x00, 0x00, 0x00, 0x00, 0x00, 0x00, 0x00,
  0x00, 0x00, 0x00, 0x00, 0x00, 0x00, 0x00, 0x00, 0x00, 0x00, 0x00, 0x00,
  0x00, 0x00, 0x00, 0x00, 0x00, 0x00, 0x00, 0x00, 0x00, 0x00, 0x00, 0x00,
  0x00, 0x00, 0x00, 0x00, 0x00, 0x00, 0x00, 0x00, 0x00, 0x00, 0x00, 0x00,
  0x00, 0x00, 0x00, 0x00, 0x00, 0x00, 0x00, 0x00, 0x00, 0x00, 0x00, 0x00,
  0x00, 0x00, 0x00, 0x00, 0x00, 0x00, 0x00, 0x00, 0x00, 0x00, 0x00, 0x00,
  0x00, 0x00, 0x00, 0x00, 0x00, 0x00, 0x00, 0x00, 0x00, 0x00, 0x00, 0x00,
  0x00, 0x00, 0x00, 0x00, 0x00, 0x00, 0x00, 0x00, 0x00, 0x00, 0x00, 0x00,
  0x00, 0x00, 0x00, 0x00, 0x00, 0x00, 0x00, 0x00, 0x00, 0x00, 0x00, 0x00,
  0x00, 0x00, 0x00, 0x00, 0x00, 0x00, 0x00, 0x00, 0x00, 0x00, 0x00, 0x00,
  0x00, 0x00, 0x00, 0x10, 0x10, 0x21, 0x10, 0x10, 0x21, 0x10, 0x10, 0x21,
  0x10, 0x10, 0x21, 0x10, 0x10, 0x21, 0x31, 0x31, 0x42, 0x21, 0x21, 0x31,
  0x31, 0x31, 0x42, 0x31, 0x31, 0x42, 0x31, 0x31, 0x42, 0x31, 0x31, 0x42,
  0x31, 0x31, 0x42, 0x31, 0x31, 0x42, 0x31, 0x31, 0x42, 0x31, 0x31, 0x42,
  0x31, 0x31, 0x42, 0x31, 0x31, 0x42, 0x31, 0x31, 0x42, 0x31, 0x31, 0x42,
  0x21, 0x21, 0x31, 0x31, 0x31, 0x42, 0x21, 0x21, 0x31, 0x21, 0x21, 0x31,
  0x21, 0x21, 0x31, 0x31, 0x31, 0x42, 0x21, 0x21, 0x31, 0x10, 0x10, 0x21,
  0x00, 0x00, 0x00, 0x00, 0x00, 0x00, 0x00, 0x00, 0x00, 0x00, 0x00, 0x00,
  0x00, 0x00, 0x00, 0x21, 0x21, 0x31, 0x00, 0x00, 0x00, 0x21, 0x21, 0x31,
  0x00, 0x00, 0x00, 0x21, 0x21, 0x31, 0x21, 0x21, 0x31, 0x31, 0x31, 0x42,
  0x21, 0x21, 0x31, 0x31, 0x31, 0x42, 0x52, 0x52, 0x63, 0x10, 0x10, 0x21,
  0x10, 0x10, 0x21, 0x10, 0x10, 0x21, 0x10, 0x10, 0x21, 0x10, 0x10, 0x21,
  0x10, 0x10, 0x21, 0x10, 0x10, 0x21, 0x10, 0x10, 0x21, 0x10, 0x10, 0x21,
  0x10, 0x10, 0x21, 0x10, 0x10, 0x21, 0x10, 0x10, 0x21, 0x10, 0x10, 0x21,
  0x10, 0x10, 0x21, 0x10, 0x10, 0x21, 0x10, 0x10, 0x21, 0x10, 0x10, 0x21,
  0x10, 0x10, 0x21, 0x10, 0x10, 0x21, 0x10, 0x10, 0x21, 0x10, 0x10, 0x21,
  0x10, 0x10, 0x21, 0x10, 0x10, 0x21, 0x10, 0x10, 0x21, 0x10, 0x10, 0x21,
  0x10, 0x10, 0x21, 0x10, 0x10, 0x21, 0x10, 0x10, 0x21, 0x10, 0x10, 0x21,
  0x10, 0x10, 0x21, 0x10, 0x10, 0x21, 0x10, 0x10, 0x21, 0x10, 0x10, 0x21,
  0x10, 0x10, 0x21, 0x10, 0x10, 0x21, 0x10, 0x10, 0x21, 0x10, 0x10, 0x21,
  0x10, 0x10, 0x21, 0x10, 0x10, 0x21, 0x10, 0x10, 0x21, 0x10, 0x10, 0x21,
  0x10, 0x10, 0x21, 0x10, 0x10, 0x21, 0x10, 0x10, 0x21, 0x10, 0x10, 0x21,
  0x10, 0x10, 0x21, 0x10, 0x10, 0x21, 0x10, 0x10, 0x21, 0x10, 0x10, 0x21,
  0x10, 0x10, 0x21, 0x10, 0x10, 0x21, 0x10, 0x10, 0x21, 0x10, 0x10, 0x21,
  0x10, 0x10, 0x21, 0x10, 0x10, 0x21, 0x10, 0x10, 0x21, 0x10, 0x10, 0x21,
  0x10, 0x10, 0x21, 0x10, 0x10, 0x21, 0x10, 0x10, 0x21, 0x10, 0x10, 0x21,
  0x10, 0x10, 0x21, 0x10, 0x10, 0x21, 0x10, 0x10, 0x21, 0x10, 0x10, 0x21,
  0x10, 0x10, 0x21, 0x10, 0x10, 0x21, 0x10, 0x10, 0x21, 0x10, 0x10, 0x21,
  0x10, 0x10, 0x21, 0x10, 0x10, 0x21, 0x10, 0x10, 0x21, 0x10, 0x10, 0x21,
  0x10, 0x10, 0x21, 0x10, 0x10, 0x21, 0x10, 0x10, 0x21, 0x10, 0x10, 0x21,
  0x10, 0x10, 0x21, 0x10, 0x10, 0x21, 0x10, 0x10, 0x21, 0x10, 0x10, 0x21,
  0x10, 0x10, 0x21, 0x10, 0x10, 0x21, 0x10, 0x10, 0x21, 0x10, 0x10, 0x21,
  0x10, 0x10, 0x21, 0x10, 0x10, 0x21, 0x10, 0x10, 0x21, 0x10, 0x10, 0x21,
  0x10, 0x10, 0x21, 0x10, 0x10, 0x21, 0x10, 0x10, 0x21, 0x10, 0x10, 0x21,
  0x10, 0x10, 0x21, 0x10, 0x10, 0x21, 0x10, 0x10, 0x21, 0x10, 0x10, 0x21,
  0x10, 0x10, 0x21, 0x10, 0x10, 0x21, 0x73, 0x73, 0x84, 0xb5, 0xb5, 0xc6,
  0x52, 0x52, 0x63, 0x21, 0x21, 0x31, 0x21, 0x21, 0x31, 0x21, 0x21, 0x31,
  0x21, 0x21, 0x31, 0x21, 0x21, 0x31, 0x00, 0x00, 0x00, 0x21, 0x21, 0x31,
  0x00, 0x00, 0x00, 0x00, 0x00, 0x00, 0x00, 0x00, 0x00, 0x00, 0x00, 0x00,
  0x00, 0x00, 0x00, 0x10, 0x10, 0x21, 0x21, 0x21, 0x31, 0x21, 0x21, 0x31,
  0x21, 0x21, 0x31, 0x21, 0x21, 0x31, 0x21, 0x21, 0x31, 0x21, 0x21, 0x31,
  0x21, 0x21, 0x31, 0x21, 0x21, 0x31, 0x21, 0x21, 0x31, 0x21, 0x21, 0x31,
  0x21, 0x21, 0x31, 0x21, 0x21, 0x31, 0x21, 0x21, 0x31, 0x21, 0x21, 0x31,
  0x31, 0x31, 0x42, 0x21, 0x21, 0x31, 0x21, 0x21, 0x31, 0x31, 0x31, 0x42,
  0x21, 0x21, 0x31, 0x10, 0x10, 0x21, 0x10, 0x10, 0x21, 0x00, 0x00, 0x00,
  0x21, 0x21, 0x31, 0x21, 0x21, 0x31, 0x21, 0x21, 0x31, 0x21, 0x21, 0x31,
  0x21, 0x21, 0x31, 0x21, 0x21, 0x31, 0x21, 0x21, 0x31, 0x31, 0x31, 0x42,
  0x21, 0x21, 0x31, 0x21, 0x21, 0x31, 0x21, 0x21, 0x31, 0x21, 0x21, 0x31,
  0x21, 0x21, 0x31, 0x21, 0x21, 0x31, 0x21, 0x21, 0x31, 0x31, 0x31, 0x42,
  0x21, 0x21, 0x31, 0x21, 0x21, 0x31, 0x21, 0x21, 0x31, 0x21, 0x21, 0x31,
  0x21, 0x21, 0x31, 0x21, 0x21, 0x31, 0x21, 0x21, 0x31, 0x31, 0x31, 0x42,
  0x21, 0x21, 0x31, 0x21, 0x21, 0x31, 0x21, 0x21, 0x31, 0x21, 0x21, 0x31,
  0x21, 0x21, 0x31, 0x21, 0x21, 0x31, 0x21, 0x21, 0x31, 0x31, 0x31, 0x42,
  0x21, 0x21, 0x31, 0x21, 0x21, 0x31, 0x21, 0x21, 0x31, 0x21, 0x21, 0x31,
  0x21, 0x21, 0x31, 0x21, 0x21, 0x31, 0x21, 0x21, 0x31, 0x31, 0x31, 0x42,
  0x21, 0x21, 0x31, 0x21, 0x21, 0x31, 0x21, 0x21, 0x31, 0x21, 0x21, 0x31,
  0x21, 0x21, 0x31, 0x21, 0x21, 0x31, 0x21, 0x21, 0x31, 0x31, 0x31, 0x42,
  0x21, 0x21, 0x31, 0x21, 0x21, 0x31, 0x21, 0x21, 0x31, 0x21, 0x21, 0x31,
  0x21, 0x21, 0x31, 0x21, 0x21, 0x31, 0x21, 0x21, 0x31, 0x31, 0x31, 0x42,
  0x21, 0x21, 0x31, 0x21, 0x21, 0x31, 0x21, 0x21, 0x31, 0x21, 0x21, 0x31,
  0x21, 0x21, 0x31, 0x21, 0x21, 0x31, 0x21, 0x21, 0x31, 0x31, 0x31, 0x42,
  0x21, 0x21, 0x31, 0x21, 0x21, 0x31, 0x21, 0x21, 0x31, 0x21, 0x21, 0x31,
  0x21, 0x21, 0x31, 0x21, 0x21, 0x31, 0x21, 0x21, 0x31, 0x31, 0x31, 0x42,
  0x21, 0x21, 0x31, 0x21, 0x21, 0x31, 0x21, 0x21, 0x31, 0x21, 0x21, 0x31,
  0x21, 0x21, 0x31, 0x21, 0x21, 0x31, 0x21, 0x21, 0x31, 0x21, 0x21, 0x31,
  0x21, 0x21, 0x31, 0x00, 0x00, 0x00, 0x10, 0x10, 0x21, 0x10, 0x10, 0x21,
  0x21, 0x21, 0x31, 0x21, 0x21, 0x31, 0x21, 0x21, 0x31, 0x21, 0x21, 0x31,
  0x31, 0x31, 0x42, 0x21, 0x21, 0x31, 0x21, 0x21, 0x31, 0x31, 0x31, 0x42,
  0x31, 0x31, 0x42, 0x21, 0x21, 0x31, 0x21, 0x21, 0x31, 0x21, 0x21, 0x31,
  0x31, 0x31, 0x42, 0x21, 0x21, 0x31, 0x21, 0x21, 0x31, 0x31, 0x31, 0x42,
  0x21, 0x21, 0x31, 0x21, 0x21, 0x31, 0x21, 0x21, 0x31, 0x10, 0x10, 0x21,
  0x00, 0x00, 0x00, 0x00, 0x00, 0x00, 0x00, 0x00, 0x00, 0x00, 0x00, 0x00,
  0x00, 0x00, 0x00, 0x00, 0x00, 0x00, 0x21, 0x21, 0x31, 0x00, 0x00, 0x00,
  0x21, 0x21, 0x31, 0x21, 0x21, 0x31, 0x21, 0x21, 0x31, 0x73, 0x73, 0x84,
  0x31, 0x31, 0x42, 0x31, 0x31, 0x42, 0x52, 0x52, 0x63, 0x10, 0x10, 0x21,
  0x10, 0x10, 0x21, 0x10, 0x10, 0x21, 0x10, 0x10, 0x21, 0x10, 0x10, 0x21,
  0x10, 0x10, 0x21, 0x10, 0x10, 0x21, 0x10, 0x10, 0x21, 0x10, 0x10, 0x21,
  0x10, 0x10, 0x21, 0x10, 0x10, 0x21, 0x10, 0x10, 0x21, 0x10, 0x10, 0x21,
  0x10, 0x10, 0x21, 0x10, 0x10, 0x21, 0x10, 0x10, 0x21, 0x10, 0x10, 0x21,
  0x10, 0x10, 0x21, 0x10, 0x10, 0x21, 0x10, 0x10, 0x21, 0x10, 0x10, 0x21,
  0x10, 0x10, 0x21, 0x10, 0x10, 0x21, 0x10, 0x10, 0x21, 0x10, 0x10, 0x21,
  0x10, 0x10, 0x21, 0x10, 0x10, 0x21, 0x10, 0x10, 0x21, 0x10, 0x10, 0x21,
  0x10, 0x10, 0x21, 0x10, 0x10, 0x21, 0x10, 0x10, 0x21, 0x10, 0x10, 0x21,
  0x10, 0x10, 0x21, 0x10, 0x10, 0x21, 0x10, 0x10, 0x21, 0x10, 0x10, 0x21,
  0x10, 0x10, 0x21, 0x10, 0x10, 0x21, 0x10, 0x10, 0x21, 0x10, 0x10, 0x21,
  0x10, 0x10, 0x21, 0x10, 0x10, 0x21, 0x10, 0x10, 0x21, 0x10, 0x10, 0x21,
  0x10, 0x10, 0x21, 0x10, 0x10, 0x21, 0x10, 0x10, 0x21, 0x10, 0x10, 0x21,
  0x10, 0x10, 0x21, 0x10, 0x10, 0x21, 0x10, 0x10, 0x21, 0x10, 0x10, 0x21,
  0x10, 0x10, 0x21, 0x10, 0x10, 0x21, 0x10, 0x10, 0x21, 0x10, 0x10, 0x21,
  0x10, 0x10, 0x21, 0x10, 0x10, 0x21, 0x10, 0x10, 0x21, 0x10, 0x10, 0x21,
  0x10, 0x10, 0x21, 0x10, 0x10, 0x21, 0x10, 0x10, 0x21, 0x10, 0x10, 0x21,
  0x10, 0x10, 0x21, 0x10, 0x10, 0x21, 0x10, 0x10, 0x21, 0x10, 0x10, 0x21,
  0x10, 0x10, 0x21, 0x10, 0x10, 0x21, 0x10, 0x10, 0x21, 0x10, 0x10, 0x21,
  0x10, 0x10, 0x21, 0x10, 0x10, 0x21, 0x10, 0x10, 0x21, 0x10, 0x10, 0x21,
  0x10, 0x10, 0x21, 0x10, 0x10, 0x21, 0x10, 0x10, 0x21, 0x10, 0x10, 0x21,
  0x10, 0x10, 0x21, 0x10, 0x10, 0x21, 0x10, 0x10, 0x21, 0x10, 0x10, 0x21,
  0x10, 0x10, 0x21, 0x10, 0x10, 0x21, 0x10, 0x10, 0x21, 0x10, 0x10, 0x21,
  0x10, 0x10, 0x21, 0x10, 0x10, 0x21, 0x10, 0x10, 0x21, 0x10, 0x10, 0x21,
  0x10, 0x10, 0x21, 0x10, 0x10, 0x21, 0x10, 0x10, 0x21, 0x10, 0x10, 0x21,
  0x10, 0x10, 0x21, 0x10, 0x10, 0x21, 0xb5, 0xb5, 0xc6, 0x73, 0x73, 0x84,
  0x21, 0x21, 0x31, 0x31, 0x31, 0x42, 0x21, 0x21, 0x31, 0x21, 0x21, 0x31,
  0x21, 0x21, 0x31, 0x21, 0x21, 0x31, 0x21, 0x21, 0x31, 0x00, 0x00, 0x00,
  0x21, 0x21, 0x31, 0x00, 0x00, 0x00, 0x00, 0x00, 0x00, 0x00, 0x00, 0x00,
  0x00, 0x00, 0x00, 0x10, 0x10, 0x21, 0x10, 0x10, 0x21, 0x10, 0x10, 0x21,
  0x10, 0x10, 0x21, 0x10, 0x10, 0x21, 0x10, 0x10, 0x21, 0x10, 0x10, 0x21,
  0x10, 0x10, 0x21, 0x10, 0x10, 0x21, 0x10, 0x10, 0x21, 0x10, 0x10, 0x21,
  0x21, 0x21, 0x31, 0x21, 0x21, 0x31, 0x21, 0x21, 0x31, 0x21, 0x21, 0x31,
  0x21, 0x21, 0x31, 0x21, 0x21, 0x31, 0x21, 0x21, 0x31, 0x21, 0x21, 0x31,
  0x21, 0x21, 0x31, 0x00, 0x00, 0x00, 0x21, 0x21, 0x31, 0x21, 0x21, 0x31,
  0x21, 0x21, 0x31, 0x31, 0x31, 0x42, 0x31, 0x31, 0x42, 0x31, 0x31, 0x42,
  0x21, 0x21, 0x31, 0x31, 0x31, 0x42, 0x52, 0x52, 0x63, 0x21, 0x21, 0x31,
  0x31, 0x31, 0x42, 0x21, 0x21, 0x31, 0x21, 0x21, 0x31, 0x52, 0x52, 0x63,
  0x21, 0x21, 0x31, 0x31, 0x31, 0x42, 0x52, 0x52, 0x63, 0x21, 0x21, 0x31,
  0x31, 0x31, 0x42, 0x21, 0x21, 0x31, 0x21, 0x21, 0x31, 0x52, 0x52, 0x63,
  0x21, 0x21, 0x31, 0x31, 0x31, 0x42, 0x52, 0x52, 0x63, 0x21, 0x21, 0x31,
  0x31, 0x31, 0x42, 0x21, 0x21, 0x31, 0x21, 0x21, 0x31, 0x52, 0x52, 0x63,
  0x21, 0x21, 0x31, 0x31, 0x31, 0x42, 0x52, 0x52, 0x63, 0x21, 0x21, 0x31,
  0x31, 0x31, 0x42, 0x21, 0x21, 0x31, 0x21, 0x21, 0x31, 0x52, 0x52, 0x63,
  0x21, 0x21, 0x31, 0x31, 0x31, 0x42, 0x52, 0x52, 0x63, 0x21, 0x21, 0x31,
  0x31, 0x31, 0x42, 0x21, 0x21, 0x31, 0x21, 0x21, 0x31, 0x52, 0x52, 0x63,
  0x21, 0x21, 0x31, 0x31, 0x31, 0x42, 0x52, 0x52, 0x63, 0x21, 0x21, 0x31,
  0x31, 0x31, 0x42, 0x21, 0x21, 0x31, 0x21, 0x21, 0x31, 0x52, 0x52, 0x63,
  0x21, 0x21, 0x31, 0x31, 0x31, 0x42, 0x52, 0x52, 0x63, 0x21, 0x21, 0x31,
  0x31, 0x31, 0x42, 0x21, 0x21, 0x31, 0x21, 0x21, 0x31, 0x52, 0x52, 0x63,
  0x21, 0x21, 0x31, 0x31, 0x31, 0x42, 0x52, 0x52, 0x63, 0x21, 0x21, 0x31,
  0x31, 0x31, 0x42, 0x21, 0x21, 0x31, 0x21, 0x21, 0x31, 0x52, 0x52, 0x63,
  0x21, 0x21, 0x31, 0x31, 0x31, 0x42, 0x52, 0x52, 0x63, 0x21, 0x21, 0x31,
  0x31, 0x31, 0x42, 0x21, 0x21, 0x31, 0x21, 0x21, 0x31, 0x52, 0x52, 0x63,
  0x52, 0x52, 0x63, 0x31, 0x31, 0x42, 0x31, 0x31, 0x42, 0x31, 0x31, 0x42,
  0x21, 0x21, 0x31, 0x21, 0x21, 0x31, 0x21, 0x21, 0x31, 0x00, 0x00, 0x00,
  0x21, 0x21, 0x31, 0x21, 0x21, 0x31, 0x21, 0x21, 0x31, 0x21, 0x21, 0x31,
  0x21, 0x21, 0x31, 0x21, 0x21, 0x31, 0x21, 0x21, 0x31, 0x21, 0x21, 0x31,
  0x31, 0x31, 0x42, 0x21, 0x21, 0x31, 0x31, 0x31, 0x42, 0x21, 0x21, 0x31,
  0x21, 0x21, 0x31, 0x21, 0x21, 0x31, 0x21, 0x21, 0x31, 0x21, 0x21, 0x31,
  0x21, 0x21, 0x31, 0x21, 0x21, 0x31, 0x21, 0x21, 0x31, 0x21, 0x21, 0x31,
  0x10, 0x10, 0x21, 0x00, 0x00, 0x00, 0x00, 0x00, 0x00, 0x00, 0x00, 0x00,
  0x00, 0x00, 0x00, 0x21, 0x21, 0x31, 0x00, 0x00, 0x00, 0x21, 0x21, 0x31,
  0x00, 0x00, 0x00, 0x21, 0x21, 0x31, 0x21, 0x21, 0x31, 0x52, 0x52, 0x63,
  0x21, 0x21, 0x31, 0x31, 0x31, 0x42, 0x52, 0x52, 0x63, 0x10, 0x10, 0x21,
  0x10, 0x10, 0x21, 0x10, 0x10, 0x21, 0x10, 0x10, 0x21, 0x10, 0x10, 0x21,
  0x10, 0x10, 0x21, 0x10, 0x10, 0x21, 0x10, 0x10, 0x21, 0x10, 0x10, 0x21,
  0x10, 0x10, 0x21, 0x10, 0x10, 0x21, 0x10, 0x10, 0x21, 0x10, 0x10, 0x21,
  0x10, 0x10, 0x21, 0x10, 0x10, 0x21, 0x10, 0x10, 0x21, 0x10, 0x10, 0x21,
  0x10, 0x10, 0x21, 0x10, 0x10, 0x21, 0x10, 0x10, 0x21, 0x10, 0x10, 0x21,
  0x10, 0x10, 0x21, 0x10, 0x10, 0x21, 0x10, 0x10, 0x21, 0x10, 0x10, 0x21,
  0x10, 0x10, 0x21, 0x10, 0x10, 0x21, 0x10, 0x10, 0x21, 0x10, 0x10, 0x21,
  0x10, 0x10, 0x21, 0x10, 0x10, 0x21, 0x10, 0x10, 0x21, 0x10, 0x10, 0x21,
  0x10, 0x10, 0x21, 0x10, 0x10, 0x21, 0x10, 0x10, 0x21, 0x10, 0x10, 0x21,
  0x10, 0x10, 0x21, 0x10, 0x10, 0x21, 0x10, 0x10, 0x21, 0x10, 0x10, 0x21,
  0x10, 0x10, 0x21, 0x10, 0x10, 0x21, 0x10, 0x10, 0x21, 0x10, 0x10, 0x21,
  0x10, 0x10, 0x21, 0x10, 0x10, 0x21, 0x10, 0x10, 0x21, 0x10, 0x10, 0x21,
  0x10, 0x10, 0x21, 0x10, 0x10, 0x21, 0x10, 0x10, 0x21, 0x10, 0x10, 0x21,
  0x10, 0x10, 0x21, 0x10, 0x10, 0x21, 0x10, 0x10, 0x21, 0x10, 0x10, 0x21,
  0x10, 0x10, 0x21, 0x10, 0x10, 0x21, 0x10, 0x10, 0x21, 0x10, 0x10, 0x21,
  0x10, 0x10, 0x21, 0x10, 0x10, 0x21, 0x10, 0x10, 0x21, 0x10, 0x10, 0x21,
  0x10, 0x10, 0x21, 0x10, 0x10, 0x21, 0x10, 0x10, 0x21, 0x10, 0x10, 0x21,
  0x10, 0x10, 0x21, 0x10, 0x10, 0x21, 0x10, 0x10, 0x21, 0x10, 0x10, 0x21,
  0x10, 0x10, 0x21, 0x10, 0x10, 0x21, 0x10, 0x10, 0x21, 0x10, 0x10, 0x21,
  0x10, 0x10, 0x21, 0x10, 0x10, 0x21, 0x10, 0x10, 0x21, 0x10, 0x10, 0x21,
  0x10, 0x10, 0x21, 0x10, 0x10, 0x21, 0x10, 0x10, 0x21, 0x10, 0x10, 0x21,
  0x10, 0x10, 0x21, 0x10, 0x10, 0x21, 0x10, 0x10, 0x21, 0x10, 0x10, 0x21,
  0x10, 0x10, 0x21, 0x10, 0x10, 0x21, 0x10, 0x10, 0x21, 0x10, 0x10, 0x21,
  0x10, 0x10, 0x21, 0x10, 0x10, 0x21, 0x10, 0x10, 0x21, 0x10, 0x10, 0x21,
  0x10, 0x10, 0x21, 0x10, 0x10, 0x21, 0xb5, 0xb5, 0xc6, 0x73, 0x73, 0x84,
  0x73, 0x73, 0x84, 0x21, 0x21, 0x31, 0x21, 0x21, 0x31, 0x21, 0x21, 0x31,
  0x21, 0x21, 0x31, 0x21, 0x21, 0x31, 0x21, 0x21, 0x31, 0x21, 0x21, 0x31,
  0x00, 0x00, 0x00, 0x00, 0x00, 0x00, 0x00, 0x00, 0x00, 0x00, 0x00, 0x00,
  0x10, 0x10, 0x21, 0x10, 0x10, 0x21, 0x10, 0x10, 0x21, 0x10, 0x10, 0x21,
  0x10, 0x10, 0x21, 0x10, 0x10, 0x21, 0x10, 0x10, 0x21, 0x10, 0x10, 0x21,
  0x10, 0x10, 0x21, 0x10, 0x10, 0x21, 0x10, 0x10, 0x21, 0x10, 0x10, 0x21,
  0x10, 0x10, 0x21, 0x10, 0x10, 0x21, 0x10, 0x10, 0x21, 0x10, 0x10, 0x21,
  0x10, 0x10, 0x21, 0x10, 0x10, 0x21, 0x10, 0x10, 0x21, 0x10, 0x10, 0x21,
  0x10, 0x10, 0x21, 0x00, 0x00, 0x00, 0x31, 0x31, 0x42, 0x73, 0x73, 0x84,
  0x21, 0x21, 0x31, 0x73, 0x73, 0x84, 0x52, 0x52, 0x63, 0x73, 0x73, 0x84,
  0x31, 0x31, 0x42, 0x73, 0x73, 0x84, 0xb5, 0xb5, 0xc6, 0x73, 0x73, 0x84,
  0xb5, 0xb5, 0xc6, 0x52, 0x52, 0x63, 0x73, 0x73, 0x84, 0x52, 0x52, 0x63,
  0x31, 0x31, 0x42, 0x73, 0x73, 0x84, 0xb5, 0xb5, 0xc6, 0x73, 0x73, 0x84,
  0xb5, 0xb5, 0xc6, 0x52, 0x52, 0x63, 0x73, 0x73, 0x84, 0x52, 0x52, 0x63,
  0x31, 0x31, 0x42, 0x73, 0x73, 0x84, 0xb5, 0xb5, 0xc6, 0x73, 0x73, 0x84,
  0xb5, 0xb5, 0xc6, 0x52, 0x52, 0x63, 0x73, 0x73, 0x84, 0x52, 0x52, 0x63,
  0x31, 0x31, 0x42, 0x73, 0x73, 0x84, 0xb5, 0xb5, 0xc6, 0x73, 0x73, 0x84,
  0xb5, 0xb5, 0xc6, 0x52, 0x52, 0x63, 0x73, 0x73, 0x84, 0x52, 0x52, 0x63,
  0x31, 0x31, 0x42, 0x73, 0x73, 0x84, 0xb5, 0xb5, 0xc6, 0x73, 0x73, 0x84,
  0xb5, 0xb5, 0xc6, 0x52, 0x52, 0x63, 0x73, 0x73, 0x84, 0x52, 0x52, 0x63,
  0x31, 0x31, 0x42, 0x73, 0x73, 0x84, 0xb5, 0xb5, 0xc6, 0x73, 0x73, 0x84,
  0xb5, 0xb5, 0xc6, 0x52, 0x52, 0x63, 0x73, 0x73, 0x84, 0x52, 0x52, 0x63,
  0x31, 0x31, 0x42, 0x73, 0x73, 0x84, 0xb5, 0xb5, 0xc6, 0x73, 0x73, 0x84,
  0xb5, 0xb5, 0xc6, 0x52, 0x52, 0x63, 0x73, 0x73, 0x84, 0x52, 0x52, 0x63,
  0x31, 0x31, 0x42, 0x73, 0x73, 0x84, 0xb5, 0xb5, 0xc6, 0x73, 0x73, 0x84,
  0xb5, 0xb5, 0xc6, 0x52, 0x52, 0x63, 0x73, 0x73, 0x84, 0x52, 0x52, 0x63,
  0x31, 0x31, 0x42, 0x73, 0x73, 0x84, 0xb5, 0xb5, 0xc6, 0x73, 0x73, 0x84,
  0xb5, 0xb5, 0xc6, 0x52, 0x52, 0x63, 0x73, 0x73, 0x84, 0x52, 0x52, 0x63,
  0x73, 0x73, 0x84, 0x52, 0x52, 0x63, 0x73, 0x73, 0x84, 0x21, 0x21, 0x31,
  0x73, 0x73, 0x84, 0x31, 0x31, 0x42, 0x00, 0x00, 0x00, 0x10, 0x10, 0x21,
  0x10, 0x10, 0x21, 0x21, 0x21, 0x31, 0x21, 0x21, 0x31, 0x21, 0x21, 0x31,
  0x21, 0x21, 0x31, 0x21, 0x21, 0x31, 0x21, 0x21, 0x31, 0x21, 0x21, 0x31,
  0x21, 0x21, 0x31, 0x21, 0x21, 0x31, 0x10, 0x10, 0x21, 0x10, 0x10, 0x21,
  0x10, 0x10, 0x21, 0x10, 0x10, 0x21, 0x10, 0x10, 0x21, 0x10, 0x10, 0x21,
  0x10, 0x10, 0x21, 0x10, 0x10, 0x21, 0x10, 0x10, 0x21, 0x10, 0x10, 0x21,
  0x10, 0x10, 0x21, 0x00, 0x00, 0x00, 0x00, 0x00, 0x00, 0x00, 0x00, 0x00,
  0x00, 0x00, 0x00, 0x00, 0x00, 0x00, 0x21, 0x21, 0x31, 0x21, 0x21, 0x31,
  0x21, 0x21, 0x31, 0x21, 0x21, 0x31, 0x21, 0x21, 0x31, 0x21, 0x21, 0x31,
  0x52, 0x52, 0x63, 0x73, 0x73, 0x84, 0x52, 0x52, 0x63, 0x10, 0x10, 0x21,
  0x10, 0x10, 0x21, 0x10, 0x10, 0x21, 0x10, 0x10, 0x21, 0x10, 0x10, 0x21,
  0x10, 0x10, 0x21, 0x10, 0x10, 0x21, 0x10, 0x10, 0x21, 0x10, 0x10, 0x21,
  0x10, 0x10, 0x21, 0x10, 0x10, 0x21, 0x10, 0x10, 0x21, 0x10, 0x10, 0x21,
  0x10, 0x10, 0x21, 0x10, 0x10, 0x21, 0x10, 0x10, 0x21, 0x10, 0x10, 0x21,
  0x10, 0x10, 0x21, 0x10, 0x10, 0x21, 0x10, 0x10, 0x21, 0x10, 0x10, 0x21,
  0x10, 0x10, 0x21, 0x10, 0x10, 0x21, 0x10, 0x10, 0x21, 0x10, 0x10, 0x21,
  0x10, 0x10, 0x21, 0x10, 0x10, 0x21, 0x10, 0x10, 0x21, 0x10, 0x10, 0x21,
  0x10, 0x10, 0x21, 0x10, 0x10, 0x21, 0x10, 0x10, 0x21, 0x10, 0x10, 0x21,
  0x10, 0x10, 0x21, 0x10, 0x10, 0x21, 0x10, 0x10, 0x21, 0x10, 0x10, 0x21,
  0x10, 0x10, 0x21, 0x10, 0x10, 0x21, 0x10, 0x10, 0x21, 0x10, 0x10, 0x21,
  0x10, 0x10, 0x21, 0x10, 0x10, 0x21, 0x10, 0x10, 0x21, 0x10, 0x10, 0x21,
  0x10, 0x10, 0x21, 0x10, 0x10, 0x21, 0x10, 0x10, 0x21, 0x10, 0x10, 0x21,
  0x10, 0x10, 0x21, 0x10, 0x10, 0x21, 0x10, 0x10, 0x21, 0x10, 0x10, 0x21,
  0x10, 0x10, 0x21, 0x10, 0x10, 0x21, 0x10, 0x10, 0x21, 0x10, 0x10, 0x21,
  0x10, 0x10, 0x21, 0x10, 0x10, 0x21, 0x10, 0x10, 0x21, 0x10, 0x10, 0x21,
  0x10, 0x10, 0x21, 0x10, 0x10, 0x21, 0x10, 0x10, 0x21, 0x10, 0x10, 0x21,
  0x10, 0x10, 0x21, 0x10, 0x10, 0x21, 0x10, 0x10, 0x21, 0x10, 0x10, 0x21,
  0x10, 0x10, 0x21, 0x10, 0x10, 0x21, 0x10, 0x10, 0x21, 0x10, 0x10, 0x21,
  0x10, 0x10, 0x21, 0x10, 0x10, 0x21, 0x10, 0x10, 0x21, 0x10, 0x10, 0x21,
  0x10, 0x10, 0x21, 0x10, 0x10, 0x21, 0x10, 0x10, 0x21, 0x10, 0x10, 0x21,
  0x10, 0x10, 0x21, 0x10, 0x10, 0x21, 0x10, 0x10, 0x21, 0x10, 0x10, 0x21,
  0x10, 0x10, 0x21, 0x10, 0x10, 0x21, 0x10, 0x10, 0x21, 0x10, 0x10, 0x21,
  0x10, 0x10, 0x21, 0x10, 0x10, 0x21, 0x10, 0x10, 0x21, 0x10, 0x10, 0x21,
  0x10, 0x10, 0x21, 0x10, 0x10, 0x21, 0x10, 0x10, 0x21, 0x10, 0x10, 0x21,
  0x10, 0x10, 0x21, 0x10, 0x10, 0x21, 0xb5, 0xb5, 0xc6, 0xb5, 0xb5, 0xc6,
  0x73, 0x73, 0x84, 0x31, 0x31, 0x42, 0x21, 0x21, 0x31, 0x21, 0x21, 0x31,
  0x21, 0x21, 0x31, 0x21, 0x21, 0x31, 0x21, 0x21, 0x31, 0x21, 0x21, 0x31,
  0x00, 0x00, 0x00, 0x00, 0x00, 0x00, 0x00, 0x00, 0x00, 0x00, 0x00, 0x00,
  0x10, 0x10, 0x21, 0x10, 0x10, 0x21, 0x10, 0x10, 0x21, 0x10, 0x10, 0x21,
  0x10, 0x10, 0x21, 0x10, 0x10, 0x21, 0x10, 0x10, 0x21, 0x10, 0x10, 0x21,
  0x10, 0x10, 0x21, 0x10, 0x10, 0x21, 0x10, 0x10, 0x21, 0x10, 0x10, 0x21,
  0x10, 0x10, 0x21, 0x10, 0x10, 0x21, 0x10, 0x10, 0x21, 0x10, 0x10, 0x21,
  0x10, 0x10, 0x21, 0x10, 0x10, 0x21, 0x10, 0x10, 0x21, 0x10, 0x10, 0x21,
  0x00, 0x00, 0x00, 0x31, 0x31, 0x42, 0x31, 0x31, 0x42, 0x21, 0x21, 0x31,
  0x73, 0x73, 0x84, 0x73, 0x73, 0x84, 0x31, 0x31, 0x42, 0x31, 0x31, 0x42,
  0x52, 0x52, 0x63, 0x31, 0x31, 0x42, 0x52, 0x52, 0x63, 0x31, 0x31, 0x42,
  0x52, 0x52, 0x63, 0x52, 0x52, 0x63, 0x00, 0x00, 0x00, 0x31, 0x31, 0x42,
  0x52, 0x52, 0x63, 0x31, 0x31, 0x42, 0x52, 0x52, 0x63, 0x31, 0x31, 0x42,
  0x52, 0x52, 0x63, 0x52, 0x52, 0x63, 0x00, 0x00, 0x00, 0x31, 0x31, 0x42,
  0x52, 0x52, 0x63, 0x31, 0x31, 0x42, 0x52, 0x52, 0x63, 0x31, 0x31, 0x42,
  0x52, 0x52, 0x63, 0x52, 0x52, 0x63, 0x00, 0x00, 0x00, 0x31, 0x31, 0x42,
  0x52, 0x52, 0x63, 0x31, 0x31, 0x42, 0x52, 0x52, 0x63, 0x31, 0x31, 0x42,
  0x52, 0x52, 0x63, 0x52, 0x52, 0x63, 0x00, 0x00, 0x00, 0x31, 0x31, 0x42,
  0x52, 0x52, 0x63, 0x31, 0x31, 0x42, 0x52, 0x52, 0x63, 0x31, 0x31, 0x42,
  0x52, 0x52, 0x63, 0x52, 0x52, 0x63, 0x00, 0x00, 0x00, 0x31, 0x31, 0x42,
  0x52, 0x52, 0x63, 0x31, 0x31, 0x42, 0x52, 0x52, 0x63, 0x31, 0x31, 0x42,
  0x52, 0x52, 0x63, 0x52, 0x52, 0x63, 0x00, 0x00, 0x00, 0x31, 0x31, 0x42,
  0x52, 0x52, 0x63, 0x31, 0x31, 0x42, 0x52, 0x52, 0x63, 0x31, 0x31, 0x42,
  0x52, 0x52, 0x63, 0x52, 0x52, 0x63, 0x00, 0x00, 0x00, 0x31, 0x31, 0x42,
  0x52, 0x52, 0x63, 0x31, 0x31, 0x42, 0x52, 0x52, 0x63, 0x31, 0x31, 0x42,
  0x52, 0x52, 0x63, 0x52, 0x52, 0x63, 0x00, 0x00, 0x00, 0x31, 0x31, 0x42,
  0x52, 0x52, 0x63, 0x31, 0x31, 0x42, 0x52, 0x52, 0x63, 0x31, 0x31, 0x42,
  0x52, 0x52, 0x63, 0x52, 0x52, 0x63, 0x00, 0x00, 0x00, 0x31, 0x31, 0x42,
  0x31, 0x31, 0x42, 0x31, 0x31, 0x42, 0x73, 0x73, 0x84, 0x73, 0x73, 0x84,
  0x21, 0x21, 0x31, 0x31, 0x31, 0x42, 0x31, 0x31, 0x42, 0x00, 0x00, 0x00,
  0x00, 0x00, 0x00, 0x10, 0x10, 0x21, 0x10, 0x10, 0x21, 0x10, 0x10, 0x21,
  0x10, 0x10, 0x21, 0x10, 0x10, 0x21, 0x10, 0x10, 0x21, 0x10, 0x10, 0x21,
  0x10, 0x10, 0x21, 0x10, 0x10, 0x21, 0x10, 0x10, 0x21, 0x10, 0x10, 0x21,
  0x10, 0x10, 0x21, 0x10, 0x10, 0x21, 0x10, 0x10, 0x21, 0x10, 0x10, 0x21,
  0x10, 0x10, 0x21, 0x10, 0x10, 0x21, 0x10, 0x10, 0x21, 0x10, 0x10, 0x21,
  0x10, 0x10, 0x21, 0x00, 0x00, 0x00, 0x00, 0x00, 0x00, 0x00, 0x00, 0x00,
  0x00, 0x00, 0x00, 0x21, 0x21, 0x31, 0x00, 0x00, 0x00, 0x21, 0x21, 0x31,
  0x21, 0x21, 0x31, 0x21, 0x21, 0x31, 0x21, 0x21, 0x31, 0x52, 0x52, 0x63,
  0x52, 0x52, 0x63, 0x31, 0x31, 0x42, 0x52, 0x52, 0x63, 0x10, 0x10, 0x21,
  0x10, 0x10, 0x21, 0x10, 0x10, 0x21, 0x10, 0x10, 0x21, 0x10, 0x10, 0x21,
  0x10, 0x10, 0x21, 0x10, 0x10, 0x21, 0x10, 0x10, 0x21, 0x10, 0x10, 0x21,
  0x10, 0x10, 0x21, 0x10, 0x10, 0x21, 0x10, 0x10, 0x21, 0x10, 0x10, 0x21,
  0x10, 0x10, 0x21, 0x10, 0x10, 0x21, 0x10, 0x10, 0x21, 0x10, 0x10, 0x21,
  0x10, 0x10, 0x21, 0x10, 0x10, 0x21, 0x10, 0x10, 0x21, 0x10, 0x10, 0x21,
  0x10, 0x10, 0x21, 0x10, 0x10, 0x21, 0x10, 0x10, 0x21, 0x10, 0x10, 0x21,
  0x10, 0x10, 0x21, 0x10, 0x10, 0x21, 0x10, 0x10, 0x21, 0x10, 0x10, 0x21,
  0x10, 0x10, 0x21, 0x10, 0x10, 0x21, 0x10, 0x10, 0x21, 0x10, 0x10, 0x21,
  0x10, 0x10, 0x21, 0x10, 0x10, 0x21, 0x10, 0x10, 0x21, 0x10, 0x10, 0x21,
  0x10, 0x10, 0x21, 0x10, 0x10, 0x21, 0x10, 0x10, 0x21, 0x10, 0x10, 0x21,
  0x10, 0x10, 0x21, 0x10, 0x10, 0x21, 0x10, 0x10, 0x21, 0x10, 0x10, 0x21,
  0x10, 0x10, 0x21, 0x10, 0x10, 0x21, 0x10, 0x10, 0x21, 0x10, 0x10, 0x21,
  0x10, 0x10, 0x21, 0x10, 0x10, 0x21, 0x10, 0x10, 0x21, 0x10, 0x10, 0x21,
  0x10, 0x10, 0x21, 0x10, 0x10, 0x21, 0x10, 0x10, 0x21, 0x10, 0x10, 0x21,
  0x10, 0x10, 0x21, 0x10, 0x10, 0x21, 0x10, 0x10, 0x21, 0x10, 0x10, 0x21,
  0x10, 0x10, 0x21, 0x10, 0x10, 0x21, 0x10, 0x10, 0x21, 0x10, 0x10, 0x21,
  0x10, 0x10, 0x21, 0x10, 0x10, 0x21, 0x10, 0x10, 0x21, 0x10, 0x10, 0x21,
  0x10, 0x10, 0x21, 0x10, 0x10, 0x21, 0x10, 0x10, 0x21, 0x10, 0x10, 0x21,
  0x10, 0x10, 0x21, 0x10, 0x10, 0x21, 0x10, 0x10, 0x21, 0x10, 0x10, 0x21,
  0x10, 0x10, 0x21, 0x10, 0x10, 0x21, 0x10, 0x10, 0x21, 0x10, 0x10, 0x21,
  0x10, 0x10, 0x21, 0x10, 0x10, 0x21, 0x10, 0x10, 0x21, 0x10, 0x10, 0x21,
  0x10, 0x10, 0x21, 0x10, 0x10, 0x21, 0x10, 0x10, 0x21, 0x10, 0x10, 0x21,
  0x10, 0x10, 0x21, 0x10, 0x10, 0x21, 0x10, 0x10, 0x21, 0x10, 0x10, 0x21,
  0x10, 0x10, 0x21, 0x10, 0x10, 0x21, 0x10, 0x10, 0x21, 0x10, 0x10, 0x21,
  0x10, 0x10, 0x21, 0x10, 0x10, 0x21, 0x52, 0x52, 0x63, 0x73, 0x73, 0x84,
  0x52, 0x52, 0x63, 0x21, 0x21, 0x31, 0x21, 0x21, 0x31, 0x21, 0x21, 0x31,
  0x21, 0x21, 0x31, 0x21, 0x21, 0x31, 0x21, 0x21, 0x31, 0x21, 0x21, 0x31,
  0x00, 0x00, 0x00, 0x00, 0x00, 0x00, 0x00, 0x00, 0x00, 0x00, 0x00, 0x00,
  0x10, 0x10, 0x21, 0x10, 0x10, 0x21, 0x10, 0x10, 0x21, 0x10, 0x10, 0x21,
  0x10, 0x10, 0x21, 0x10, 0x10, 0x21, 0x10, 0x10, 0x21, 0x10, 0x10, 0x21,
  0x10, 0x10, 0x21, 0x10, 0x10, 0x21, 0x10, 0x10, 0x21, 0x10, 0x10, 0x21,
  0x10, 0x10, 0x21, 0x10, 0x10, 0x21, 0x10, 0x10, 0x21, 0x10, 0x10, 0x21,
  0x10, 0x10, 0x21, 0x10, 0x10, 0x21, 0x10, 0x10, 0x21, 0x10, 0x10, 0x21,
  0x00, 0x00, 0x00, 0x21, 0x21, 0x31, 0x21, 0x21, 0x31, 0x31, 0x31, 0x42,
  0x21, 0x21, 0x31, 0x31, 0x31, 0x42, 0x00, 0x00, 0x00, 0x31, 0x31, 0x42,
  0x00, 0x00, 0x00, 0x00, 0x00, 0x00, 0x21, 0x21, 0x31, 0x52, 0x52, 0x63,
  0x31, 0x31, 0x42, 0x00, 0x00, 0x00, 0x00, 0x00, 0x00, 0x31, 0x31, 0x42,
  0x00, 0x00, 0x00, 0x00, 0x00, 0x00, 0x21, 0x21, 0x31, 0x52, 0x52, 0x63,
  0x31, 0x31, 0x42, 0x00, 0x00, 0x00, 0x00, 0x00, 0x00, 0x31, 0x31, 0x42,
  0x00, 0x00, 0x00, 0x00, 0x00, 0x00, 0x21, 0x21, 0x31, 0x52, 0x52, 0x63,
  0x31, 0x31, 0x42, 0x00, 0x00, 0x00, 0x00, 0x00, 0x00, 0x31, 0x31, 0x42,
  0x00, 0x00, 0x00, 0x00, 0x00, 0x00, 0x21, 0x21, 0x31, 0x52, 0x52, 0x63,
  0x31, 0x31, 0x42, 0x00, 0x00, 0x00, 0x00, 0x00, 0x00, 0x31, 0x31, 0x42,
  0x00, 0x00, 0x00, 0x00, 0x00, 0x00, 0x21, 0x21, 0x31, 0x52, 0x52, 0x63,
  0x31, 0x31, 0x42, 0x00, 0x00, 0x00, 0x00, 0x00, 0x00, 0x31, 0x31, 0x42,
  0x00, 0x00, 0x00, 0x00, 0x00, 0x00, 0x21, 0x21, 0x31, 0x52, 0x52, 0x63,
  0x31, 0x31, 0x42, 0x00, 0x00, 0x00, 0x00, 0x00, 0x00, 0x31, 0x31, 0x42,
  0x00, 0x00, 0x00, 0x00, 0x00, 0x00, 0x21, 0x21, 0x31, 0x52, 0x52, 0x63,
  0x31, 0x31, 0x42, 0x00, 0x00, 0x00, 0x00, 0x00, 0x00, 0x31, 0x31, 0x42,
  0x00, 0x00, 0x00, 0x00, 0x00, 0x00, 0x21, 0x21, 0x31, 0x52, 0x52, 0x63,
  0x31, 0x31, 0x42, 0x00, 0x00, 0x00, 0x00, 0x00, 0x00, 0x31, 0x31, 0x42,
  0x00, 0x00, 0x00, 0x00, 0x00, 0x00, 0x21, 0x21, 0x31, 0x52, 0x52, 0x63,
  0x31, 0x31, 0x42, 0x00, 0x00, 0x00, 0x00, 0x00, 0x00, 0x31, 0x31, 0x42,
  0x31, 0x31, 0x42, 0x00, 0x00, 0x00, 0x31, 0x31, 0x42, 0x21, 0x21, 0x31,
  0x31, 0x31, 0x42, 0x21, 0x21, 0x31, 0x21, 0x21, 0x31, 0x00, 0x00, 0x00,
  0x00, 0x00, 0x00, 0x10, 0x10, 0x21, 0x10, 0x10, 0x21, 0x10, 0x10, 0x21,
  0x10, 0x10, 0x21, 0x10, 0x10, 0x21, 0x10, 0x10, 0x21, 0x10, 0x10, 0x21,
  0x10, 0x10, 0x21, 0x10, 0x10, 0x21, 0x10, 0x10, 0x21, 0x10, 0x10, 0x21,
  0x10, 0x10, 0x21, 0x10, 0x10, 0x21, 0x10, 0x10, 0x21, 0x10, 0x10, 0x21,
  0x10, 0x10, 0x21, 0x10, 0x10, 0x21, 0x10, 0x10, 0x21, 0x10, 0x10, 0x21,
  0x10, 0x10, 0x21, 0x00, 0x00, 0x00, 0x00, 0x00, 0x00, 0x00, 0x00, 0x00,
  0x21, 0x21, 0x31, 0x00, 0x00, 0x00, 0x21, 0x21, 0x31, 0x21, 0x21, 0x31,
  0x21, 0x21, 0x31, 0x21, 0x21, 0x31, 0x21, 0x21, 0x31, 0x21, 0x21, 0x31,
  0x73, 0x73, 0x84, 0x73, 0x73, 0x84, 0x52, 0x52, 0x63, 0x10, 0x10, 0x21,
  0x10, 0x10, 0x21, 0x10, 0x10, 0x21, 0x10, 0x10, 0x21, 0x10, 0x10, 0x21,
  0x10, 0x10, 0x21, 0x10, 0x10, 0x21, 0x10, 0x10, 0x21, 0x10, 0x10, 0x21,
  0x10, 0x10, 0x21, 0x10, 0x10, 0x21, 0x10, 0x10, 0x21, 0x10, 0x10, 0x21,
  0x10, 0x10, 0x21, 0x10, 0x10, 0x21, 0x10, 0x10, 0x21, 0x10, 0x10, 0x21,
  0x10, 0x10, 0x21, 0x10, 0x10, 0x21, 0x10, 0x10, 0x21, 0x10, 0x10, 0x21,
  0x10, 0x10, 0x21, 0x10, 0x10, 0x21, 0x10, 0x10, 0x21, 0x10, 0x10, 0x21,
  0x10, 0x10, 0x21, 0x10, 0x10, 0x21, 0x10, 0x10, 0x21, 0x10, 0x10, 0x21,
  0x10, 0x10, 0x21, 0x10, 0x10, 0x21, 0x10, 0x10, 0x21, 0x10, 0x10, 0x21,
  0x10, 0x10, 0x21, 0x10, 0x10, 0x21, 0x10, 0x10, 0x21, 0x10, 0x10, 0x21,
  0x10, 0x10, 0x21, 0x10, 0x10, 0x21, 0x10, 0x10, 0x21, 0x10, 0x10, 0x21,
  0x10, 0x10, 0x21, 0x10, 0x10, 0x21, 0x10, 0x10, 0x21, 0x10, 0x10, 0x21,
  0x10, 0x10, 0x21, 0x10, 0x10, 0x21, 0x10, 0x10, 0x21, 0x10, 0x10, 0x21,
  0x10, 0x10, 0x21, 0x10, 0x10, 0x21, 0x10, 0x10, 0x21, 0x10, 0x10, 0x21,
  0x10, 0x10, 0x21, 0x10, 0x10, 0x21, 0x10, 0x10, 0x21, 0x10, 0x10, 0x21,
  0x10, 0x10, 0x21, 0x10, 0x10, 0x21, 0x10, 0x10, 0x21, 0x10, 0x10, 0x21,
  0x10, 0x10, 0x21, 0x10, 0x10, 0x21, 0x10, 0x10, 0x21, 0x10, 0x10, 0x21,
  0x10, 0x10, 0x21, 0x10, 0x10, 0x21, 0x10, 0x10, 0x21, 0x10, 0x10, 0x21,
  0x10, 0x10, 0x21, 0x10, 0x10, 0x21, 0x10, 0x10, 0x21, 0x10, 0x10, 0x21,
  0x10, 0x10, 0x21, 0x10, 0x10, 0x21, 0x10, 0x10, 0x21, 0x10, 0x10, 0x21,
  0x10, 0x10, 0x21, 0x10, 0x10, 0x21, 0x10, 0x10, 0x21, 0x10, 0x10, 0x21,
  0x10, 0x10, 0x21, 0x10, 0x10, 0x21, 0x10, 0x10, 0x21, 0x10, 0x10, 0x21,
  0x10, 0x10, 0x21, 0x10, 0x10, 0x21, 0x10, 0x10, 0x21, 0x10, 0x10, 0x21,
  0x10, 0x10, 0x21, 0x10, 0x10, 0x21, 0x10, 0x10, 0x21, 0x10, 0x10, 0x21,
  0x10, 0x10, 0x21, 0x10, 0x10, 0x21, 0x10, 0x10, 0x21, 0x10, 0x10, 0x21,
  0x10, 0x10, 0x21, 0x10, 0x10, 0x21, 0x73, 0x73, 0x84, 0x52, 0x52, 0x63,
  0x52, 0x52, 0x63, 0x31, 0x31, 0x42, 0x21, 0x21, 0x31, 0x21, 0x21, 0x31,
  0x21, 0x21, 0x31, 0x21, 0x21, 0x31, 0x21, 0x21, 0x31, 0x21, 0x21, 0x31,
  0x00, 0x00, 0x00, 0x00, 0x00, 0x00, 0x00, 0x00, 0x00, 0x00, 0x00, 0x00,
  0x10, 0x10, 0x21, 0x10, 0x10, 0x21, 0x10, 0x10, 0x21, 0x10, 0x10, 0x21,
  0x10, 0x10, 0x21, 0x10, 0x10, 0x21, 0x10, 0x10, 0x21, 0x10, 0x10, 0x21,
  0x10, 0x10, 0x21, 0x10, 0x10, 0x21, 0x10, 0x10, 0x21, 0x10, 0x10, 0x21,
  0x10, 0x10, 0x21, 0x10, 0x10, 0x21, 0x10, 0x10, 0x21, 0x10, 0x10, 0x21,
  0x10, 0x10, 0x21, 0x10, 0x10, 0x21, 0x10, 0x10, 0x21, 0x10, 0x10, 0x21,
  0x00, 0x00, 0x00, 0x31, 0x31, 0x42, 0x31, 0x31, 0x42, 0x73, 0x73, 0x84,
  0x21, 0x21, 0x31, 0x00, 0x00, 0x00, 0x31, 0x31, 0x42, 0x31, 0x31, 0x42,
  0x00, 0x00, 0x00, 0x31, 0x31, 0x42, 0x31, 0x31, 0x42, 0x00, 0x00, 0x00,
  0x00, 0x00, 0x00, 0x31, 0x31, 0x42, 0x31, 0x31, 0x42, 0x31, 0x31, 0x42,
  0x00, 0x00, 0x00, 0x31, 0x31, 0x42, 0x31, 0x31, 0x42, 0x00, 0x00, 0x00,
  0x00, 0x00, 0x00, 0x31, 0x31, 0x42, 0x31, 0x31, 0x42, 0x31, 0x31, 0x42,
  0x00, 0x00, 0x00, 0x31, 0x31, 0x42, 0x31, 0x31, 0x42, 0x00, 0x00, 0x00,
  0x00, 0x00, 0x00, 0x31, 0x31, 0x42, 0x31, 0x31, 0x42, 0x31, 0x31, 0x42,
  0x00, 0x00, 0x00, 0x31, 0x31, 0x42, 0x31, 0x31, 0x42, 0x00, 0x00, 0x00,
  0x00, 0x00, 0x00, 0x31, 0x31, 0x42, 0x31, 0x31, 0x42, 0x31, 0x31, 0x42,
  0x00, 0x00, 0x00, 0x31, 0x31, 0x42, 0x31, 0x31, 0x42, 0x00, 0x00, 0x00,
  0x00, 0x00, 0x00, 0x31, 0x31, 0x42, 0x31, 0x31, 0x42, 0x31, 0x31, 0x42,
  0x00, 0x00, 0x00, 0x31, 0x31, 0x42, 0x31, 0x31, 0x42, 0x00, 0x00, 0x00,
  0x00, 0x00, 0x00, 0x31, 0x31, 0x42, 0x31, 0x31, 0x42, 0x31, 0x31, 0x42,
  0x00, 0x00, 0x00, 0x31, 0x31, 0x42, 0x31, 0x31, 0x42, 0x00, 0x00, 0x00,
  0x00, 0x00, 0x00, 0x31, 0x31, 0x42, 0x31, 0x31, 0x42, 0x31, 0x31, 0x42,
  0x00, 0x00, 0x00, 0x31, 0x31, 0x42, 0x31, 0x31, 0x42, 0x00, 0x00, 0x00,
  0x00, 0x00, 0x00, 0x31, 0x31, 0x42, 0x31, 0x31, 0x42, 0x31, 0x31, 0x42,
  0x00, 0x00, 0x00, 0x31, 0x31, 0x42, 0x31, 0x31, 0x42, 0x00, 0x00, 0x00,
  0x00, 0x00, 0x00, 0x31, 0x31, 0x42, 0x31, 0x31, 0x42, 0x31, 0x31, 0x42,
  0x31, 0x31, 0x42, 0x31, 0x31, 0x42, 0x00, 0x00, 0x00, 0x21, 0x21, 0x31,
  0x73, 0x73, 0x84, 0x31, 0x31, 0x42, 0x31, 0x31, 0x42, 0x00, 0x00, 0x00,
  0x00, 0x00, 0x00, 0x10, 0x10, 0x21, 0x10, 0x10, 0x21, 0x10, 0x10, 0x21,
  0x10, 0x10, 0x21, 0x10, 0x10, 0x21, 0x10, 0x10, 0x21, 0x10, 0x10, 0x21,
  0x10, 0x10, 0x21, 0x10, 0x10, 0x21, 0x10, 0x10, 0x21, 0x10, 0x10, 0x21,
  0x10, 0x10, 0x21, 0x10, 0x10, 0x21, 0x10, 0x10, 0x21, 0x10, 0x10, 0x21,
  0x10, 0x10, 0x21, 0x10, 0x10, 0x21, 0x10, 0x10, 0x21, 0x10, 0x10, 0x21,
  0x10, 0x10, 0x21, 0x00, 0x00, 0x00, 0x00, 0x00, 0x00, 0x00, 0x00, 0x00,
  0x00, 0x00, 0x00, 0x21, 0x21, 0x31, 0x21, 0x21, 0x31, 0x21, 0x21, 0x31,
  0x21, 0x21, 0x31, 0x21, 0x21, 0x31, 0x31, 0x31, 0x42, 0x31, 0x31, 0x42,
  0x73, 0x73, 0x84, 0x52, 0x52, 0x63, 0x52, 0x52, 0x63, 0x10, 0x10, 0x21,
  0x10, 0x10, 0x21, 0x10, 0x10, 0x21, 0x10, 0x10, 0x21, 0x10, 0x10, 0x21,
  0x10, 0x10, 0x21, 0x10, 0x10, 0x21, 0x10, 0x10, 0x21, 0x10, 0x10, 0x21,
  0x10, 0x10, 0x21, 0x10, 0x10, 0x21, 0x10, 0x10, 0x21, 0x10, 0x10, 0x21,
  0x10, 0x10, 0x21, 0x10, 0x10, 0x21, 0x10, 0x10, 0x21, 0x10, 0x10, 0x21,
  0x10, 0x10, 0x21, 0x10, 0x10, 0x21, 0x10, 0x10, 0x21, 0x10, 0x10, 0x21,
  0x10, 0x10, 0x21, 0x10, 0x10, 0x21, 0x10, 0x10, 0x21, 0x10, 0x10, 0x21,
  0x10, 0x10, 0x21, 0x10, 0x10, 0x21, 0x10, 0x10, 0x21, 0x10, 0x10, 0x21,
  0x10, 0x10, 0x21, 0x10, 0x10, 0x21, 0x10, 0x10, 0x21, 0x10, 0x10, 0x21,
  0x10, 0x10, 0x21, 0x10, 0x10, 0x21, 0x10, 0x10, 0x21, 0x10, 0x10, 0x21,
  0x10, 0x10, 0x21, 0x10, 0x10, 0x21, 0x10, 0x10, 0x21, 0x10, 0x10, 0x21,
  0x10, 0x10, 0x21, 0x10, 0x10, 0x21, 0x10, 0x10, 0x21, 0x10, 0x10, 0x21,
  0x10, 0x10, 0x21, 0x10, 0x10, 0x21, 0x10, 0x10, 0x21, 0x10, 0x10, 0x21,
  0x10, 0x10, 0x21, 0x10, 0x10, 0x21, 0x10, 0x10, 0x21, 0x10, 0x10, 0x21,
  0x10, 0x10, 0x21, 0x10, 0x10, 0x21, 0x10, 0x10, 0x21, 0x10, 0x10, 0x21,
  0x10, 0x10, 0x21, 0x10, 0x10, 0x21, 0x10, 0x10, 0x21, 0x10, 0x10, 0x21,
  0x10, 0x10, 0x21, 0x10, 0x10, 0x21, 0x10, 0x10, 0x21, 0x10, 0x10, 0x21,
  0x10, 0x10, 0x21, 0x10, 0x10, 0x21, 0x10, 0x10, 0x21, 0x10, 0x10, 0x21,
  0x10, 0x10, 0x21, 0x10, 0x10, 0x21, 0x10, 0x10, 0x21, 0x10, 0x10, 0x21,
  0x10, 0x10, 0x21, 0x10, 0x10, 0x21, 0x10, 0x10, 0x21, 0x10, 0x10, 0x21,
  0x10, 0x10, 0x21, 0x10, 0x10, 0x21, 0x10, 0x10, 0x21, 0x10, 0x10, 0x21,
  0x10, 0x10, 0x21, 0x10, 0x10, 0x21, 0x10, 0x10, 0x21, 0x10, 0x10, 0x21,
  0x10, 0x10, 0x21, 0x10, 0x10, 0x21, 0x10, 0x10, 0x21, 0x10, 0x10, 0x21,
  0x10, 0x10, 0x21, 0x10, 0x10, 0x21, 0x10, 0x10, 0x21, 0x10, 0x10, 0x21,
  0x10, 0x10, 0x21, 0x10, 0x10, 0x21, 0x10, 0x10, 0x21, 0x10, 0x10, 0x21,
  0x10, 0x10, 0x21, 0x10, 0x10, 0x21, 0x73, 0x73, 0x84, 0x73, 0x73, 0x84,
  0x31, 0x31, 0x42, 0x21, 0x21, 0x31, 0x21, 0x21, 0x31, 0x21, 0x21, 0x31,
  0x21, 0x21, 0x31, 0x21, 0x21, 0x31, 0x21, 0x21, 0x31, 0x21, 0x21, 0x31,
  0x00, 0x00, 0x00, 0x00, 0x00, 0x00, 0x00, 0x00, 0x00, 0x10, 0x10, 0x21,
  0x10, 0x10, 0x21, 0x10, 0x10, 0x21, 0x10, 0x10, 0x21, 0x10, 0x10, 0x21,
  0x10, 0x10, 0x21, 0x10, 0x10, 0x21, 0x10, 0x10, 0x21, 0x10, 0x10, 0x21,
  0x10, 0x10, 0x21, 0x10, 0x10, 0x21, 0x10, 0x10, 0x21, 0x10, 0x10, 0x21,
  0x10, 0x10, 0x21, 0x10, 0x10, 0x21, 0x10, 0x10, 0x21, 0x10, 0x10, 0x21,
  0x10, 0x10, 0x21, 0x10, 0x10, 0x21, 0x10, 0x10, 0x21, 0x10, 0x10, 0x21,
  0x00, 0x00, 0x00, 0x31, 0x31, 0x42, 0x31, 0x31, 0x42, 0x21, 0x21, 0x31,
  0x00, 0x00, 0x00, 0x00, 0x00, 0x00, 0x31, 0x31, 0x42, 0x31, 0x31, 0x42,
  0x00, 0x00, 0x00, 0x00, 0x00, 0x00, 0x00, 0x00, 0x00, 0x31, 0x31, 0x42,
  0x00, 0x00, 0x00, 0x00, 0x00, 0x00, 0x31, 0x31, 0x42, 0x00, 0x00, 0x00,
  0x00, 0x00, 0x00, 0x00, 0x00, 0x00, 0x00, 0x00, 0x00, 0x31, 0x31, 0x42,
  0x00, 0x00, 0x00, 0x00, 0x00, 0x00, 0x31, 0x31, 0x42, 0x00, 0x00, 0x00,
  0x00, 0x00, 0x00, 0x00, 0x00, 0x00, 0x00, 0x00, 0x00, 0x31, 0x31, 0x42,
  0x00, 0x00, 0x00, 0x00, 0x00, 0x00, 0x31, 0x31, 0x42, 0x00, 0x00, 0x00,
  0x00, 0x00, 0x00, 0x00, 0x00, 0x00, 0x00, 0x00, 0x00, 0x31, 0x31, 0x42,
  0x00, 0x00, 0x00, 0x00, 0x00, 0x00, 0x31, 0x31, 0x42, 0x00, 0x00, 0x00,
  0x00, 0x00, 0x00, 0x00, 0x00, 0x00, 0x00, 0x00, 0x00, 0x31, 0x31, 0x42,
  0x00, 0x00, 0x00, 0x00, 0x00, 0x00, 0x31, 0x31, 0x42, 0x00, 0x00, 0x00,
  0x00, 0x00, 0x00, 0x00, 0x00, 0x00, 0x00, 0x00, 0x00, 0x31, 0x31, 0x42,
  0x00, 0x00, 0x00, 0x00, 0x00, 0x00, 0x31, 0x31, 0x42, 0x00, 0x00, 0x00,
  0x00, 0x00, 0x00, 0x00, 0x00, 0x00, 0x00, 0x00, 0x00, 0x31, 0x31, 0x42,
  0x00, 0x00, 0x00, 0x00, 0x00, 0x00, 0x31, 0x31, 0x42, 0x00, 0x00, 0x00,
  0x00, 0x00, 0x00, 0x00, 0x00, 0x00, 0x00, 0x00, 0x00, 0x31, 0x31, 0x42,
  0x00, 0x00, 0x00, 0x00, 0x00, 0x00, 0x31, 0x31, 0x42, 0x00, 0x00, 0x00,
  0x00, 0x00, 0x00, 0x00, 0x00, 0x00, 0x00, 0x00, 0x00, 0x31, 0x31, 0x42,
  0x00, 0x00, 0x00, 0x00, 0x00, 0x00, 0x31, 0x31, 0x42, 0x00, 0x00, 0x00,
  0x31, 0x31, 0x42, 0x31, 0x31, 0x42, 0x00, 0x00, 0x00, 0x00, 0x00, 0x00,
  0x21, 0x21, 0x31, 0x31, 0x31, 0x42, 0x31, 0x31, 0x42, 0x00, 0x00, 0x00,
  0x00, 0x00, 0x00, 0x10, 0x10, 0x21, 0x10, 0x10, 0x21, 0x10, 0x10, 0x21,
  0x10, 0x10, 0x21, 0x10, 0x10, 0x21, 0x10, 0x10, 0x21, 0x10, 0x10, 0x21,
  0x10, 0x10, 0x21, 0x10, 0x10, 0x21, 0x10, 0x10, 0x21, 0x10, 0x10, 0x21,
  0x10, 0x10, 0x21, 0x10, 0x10, 0x21, 0x10, 0x10, 0x21, 0x10, 0x10, 0x21,
  0x10, 0x10, 0x21, 0x10, 0x10, 0x21, 0x10, 0x10, 0x21, 0x10, 0x10, 0x21,
  0x10, 0x10, 0x21, 0x10, 0x10, 0x21, 0x00, 0x00, 0x00, 0x00, 0x00, 0x00,
  0x21, 0x21, 0x31, 0x00, 0x00, 0x00, 0x21, 0x21, 0x31, 0x21, 0x21, 0x31,
  0x21, 0x21, 0x31, 0x21, 0x21, 0x31, 0x21, 0x21, 0x31, 0x73, 0x73, 0x84,
  0x31, 0x31, 0x42, 0x31, 0x31, 0x42, 0x52, 0x52, 0x63, 0x10, 0x10, 0x21,
  0x10, 0x10, 0x21, 0x10, 0x10, 0x21, 0x10, 0x10, 0x21, 0x10, 0x10, 0x21,
  0x10, 0x10, 0x21, 0x10, 0x10, 0x21, 0x10, 0x10, 0x21, 0x10, 0x10, 0x21,
  0x10, 0x10, 0x21, 0x10, 0x10, 0x21, 0x10, 0x10, 0x21, 0x10, 0x10, 0x21,
  0x10, 0x10, 0x21, 0x10, 0x10, 0x21, 0x10, 0x10, 0x21, 0x10, 0x10, 0x21,
  0x10, 0x10, 0x21, 0x10, 0x10, 0x21, 0x10, 0x10, 0x21, 0x10, 0x10, 0x21,
  0x10, 0x10, 0x21, 0x10, 0x10, 0x21, 0x10, 0x10, 0x21, 0x10, 0x10, 0x21,
  0x10, 0x10, 0x21, 0x10, 0x10, 0x21, 0x10, 0x10, 0x21, 0x10, 0x10, 0x21,
  0x10, 0x10, 0x21, 0x10, 0x10, 0x21, 0x10, 0x10, 0x21, 0x10, 0x10, 0x21,
  0x10, 0x10, 0x21, 0x10, 0x10, 0x21, 0x10, 0x10, 0x21, 0x10, 0x10, 0x21,
  0x10, 0x10, 0x21, 0x10, 0x10, 0x21, 0x10, 0x10, 0x21, 0x10, 0x10, 0x21,
  0x10, 0x10, 0x21, 0x10, 0x10, 0x21, 0x10, 0x10, 0x21, 0x10, 0x10, 0x21,
  0x10, 0x10, 0x21, 0x10, 0x10, 0x21, 0x10, 0x10, 0x21, 0x10, 0x10, 0x21,
  0x10, 0x10, 0x21, 0x10, 0x10, 0x21, 0x10, 0x10, 0x21, 0x10, 0x10, 0x21,
  0x10, 0x10, 0x21, 0x10, 0x10, 0x21, 0x10, 0x10, 0x21, 0x10, 0x10, 0x21,
  0x10, 0x10, 0x21, 0x10, 0x10, 0x21, 0x10, 0x10, 0x21, 0x10, 0x10, 0x21,
  0x10, 0x10, 0x21, 0x10, 0x10, 0x21, 0x10, 0x10, 0x21, 0x10, 0x10, 0x21,
  0x10, 0x10, 0x21, 0x10, 0x10, 0x21, 0x10, 0x10, 0x21, 0x10, 0x10, 0x21,
  0x10, 0x10, 0x21, 0x10, 0x10, 0x21, 0x10, 0x10, 0x21, 0x10, 0x10, 0x21,
  0x10, 0x10, 0x21, 0x10, 0x10, 0x21, 0x10, 0x10, 0x21, 0x10, 0x10, 0x21,
  0x10, 0x10, 0x21, 0x10, 0x10, 0x21, 0x10, 0x10, 0x21, 0x10, 0x10, 0x21,
  0x10, 0x10, 0x21, 0x10, 0x10, 0x21, 0x10, 0x10, 0x21, 0x10, 0x10, 0x21,
  0x10, 0x10, 0x21, 0x10, 0x10, 0x21, 0x10, 0x10, 0x21, 0x10, 0x10, 0x21,
  0x10, 0x10, 0x21, 0x10, 0x10, 0x21, 0x10, 0x10, 0x21, 0x10, 0x10, 0x21,
  0x10, 0x10, 0x21, 0x10, 0x10, 0x21, 0x10, 0x10, 0x21, 0x10, 0x10, 0x21,
  0x10, 0x10, 0x21, 0x10, 0x10, 0x21, 0xb5, 0xb5, 0xc6, 0x52, 0x52, 0x63,
  0x73, 0x73, 0x84, 0x31, 0x31, 0x42, 0x21, 0x21, 0x31, 0x21, 0x21, 0x31,
  0x21, 0x21, 0x31, 0x21, 0x21, 0x31, 0x21, 0x21, 0x31, 0x21, 0x21, 0x31,
  0x00, 0x00, 0x00, 0x00, 0x00, 0x00, 0x00, 0x00, 0x00, 0x10, 0x10, 0x21,
  0x10, 0x10, 0x21, 0x10, 0x10, 0x21, 0x10, 0x10, 0x21, 0x10, 0x10, 0x21,
  0x10, 0x10, 0x21, 0x10, 0x10, 0x21, 0x10, 0x10, 0x21, 0x10, 0x10, 0x21,
  0x10, 0x10, 0x21, 0x10, 0x10, 0x21, 0x10, 0x10, 0x21, 0x10, 0x10, 0x21,
  0x10, 0x10, 0x21, 0x10, 0x10, 0x21, 0x10, 0x10, 0x21, 0x10, 0x10, 0x21,
  0x10, 0x10, 0x21, 0x10, 0x10, 0x21, 0x10, 0x10, 0x21, 0x10, 0x10, 0x21,
  0x00, 0x00, 0x00, 0x21, 0x21, 0x31, 0x21, 0x21, 0x31, 0x31, 0x31, 0x42,
  0x31, 0x31, 0x42, 0x00, 0x00, 0x00, 0x00, 0x00, 0x00, 0x31, 0x31, 0x42,
  0x00, 0x00, 0x00, 0x31, 0x31, 0x42, 0x00, 0x00, 0x00, 0x00, 0x00, 0x00,
  0x00, 0x00, 0x00, 0x00, 0x00, 0x00, 0x00, 0x00, 0x00, 0x00, 0x00, 0x00,
  0x00, 0x00, 0x00, 0x31, 0x31, 0x42, 0x00, 0x00, 0x00, 0x00, 0x00, 0x00,
  0x00, 0x00, 0x00, 0x00, 0x00, 0x00, 0x00, 0x00, 0x00, 0x00, 0x00, 0x00,
  0x00, 0x00, 0x00, 0x31, 0x31, 0x42, 0x00, 0x00, 0x00, 0x00, 0x00, 0x00,
  0x00, 0x00, 0x00, 0x00, 0x00, 0x00, 0x00, 0x00, 0x00, 0x00, 0x00, 0x00,
  0x00, 0x00, 0x00, 0x31, 0x31, 0x42, 0x00, 0x00, 0x00, 0x00, 0x00, 0x00,
  0x00, 0x00, 0x00, 0x00, 0x00, 0x00, 0x00, 0x00, 0x00, 0x00, 0x00, 0x00,
  0x00, 0x00, 0x00, 0x31, 0x31, 0x42, 0x00, 0x00, 0x00, 0x00, 0x00, 0x00,
  0x00, 0x00, 0x00, 0x00, 0x00, 0x00, 0x00, 0x00, 0x00, 0x00, 0x00, 0x00,
  0x00, 0x00, 0x00, 0x31, 0x31, 0x42, 0x00, 0x00, 0x00, 0x00, 0x00, 0x00,
  0x00, 0x00, 0x00, 0x00, 0x00, 0x00, 0x00, 0x00, 0x00, 0x00, 0x00, 0x00,
  0x00, 0x00, 0x00, 0x31, 0x31, 0x42, 0x00, 0x00, 0x00, 0x00, 0x00, 0x00,
  0x00, 0x00, 0x00, 0x00, 0x00, 0x00, 0x00, 0x00, 0x00, 0x00, 0x00, 0x00,
  0x00, 0x00, 0x00, 0x31, 0x31, 0x42, 0x00, 0x00, 0x00, 0x00, 0x00, 0x00,
  0x00, 0x00, 0x00, 0x00, 0x00, 0x00, 0x00, 0x00, 0x00, 0x00, 0x00, 0x00,
  0x00, 0x00, 0x00, 0x31, 0x31, 0x42, 0x00, 0x00, 0x00, 0x00, 0x00, 0x00,
  0x00, 0x00, 0x00, 0x00, 0x00, 0x00, 0x00, 0x00, 0x00, 0x00, 0x00, 0x00,
  0x31, 0x31, 0x42, 0x00, 0x00, 0x00, 0x00, 0x00, 0x00, 0x31, 0x31, 0x42,
  0x31, 0x31, 0x42, 0x21, 0x21, 0x31, 0x21, 0x21, 0x31, 0x00, 0x00, 0x00,
  0x00, 0x00, 0x00, 0x10, 0x10, 0x21, 0x10, 0x10, 0x21, 0x10, 0x10, 0x21,
  0x10, 0x10, 0x21, 0x10, 0x10, 0x21, 0x10, 0x10, 0x21, 0x10, 0x10, 0x21,
  0x10, 0x10, 0x21, 0x10, 0x10, 0x21, 0x10, 0x10, 0x21, 0x10, 0x10, 0x21,
  0x10, 0x10, 0x21, 0x10, 0x10, 0x21, 0x10, 0x10, 0x21, 0x10, 0x10, 0x21,
  0x10, 0x10, 0x21, 0x10, 0x10, 0x21, 0x10, 0x10, 0x21, 0x10, 0x10, 0x21,
  0x10, 0x10, 0x21, 0x10, 0x10, 0x21, 0x00, 0x00, 0x00, 0x00, 0x00, 0x00,
  0x21, 0x21, 0x31, 0x21, 0x21, 0x31, 0x21, 0x21, 0x31, 0x21, 0x21, 0x31,
  0x21, 0x21, 0x31, 0x21, 0x21, 0x31, 0x21, 0x21, 0x31, 0x52, 0x52, 0x63,
  0x21, 0x21, 0x31, 0x73, 0x73, 0x84, 0x52, 0x52, 0x63, 0x10, 0x10, 0x21,
  0x10, 0x10, 0x21, 0x10, 0x10, 0x21, 0x10, 0x10, 0x21, 0x10, 0x10, 0x21,
  0x10, 0x10, 0x21, 0x10, 0x10, 0x21, 0x10, 0x10, 0x21, 0x10, 0x10, 0x21,
  0x10, 0x10, 0x21, 0x10, 0x10, 0x21, 0x10, 0x10, 0x21, 0x10, 0x10, 0x21,
  0x10, 0x10, 0x21, 0x10, 0x10, 0x21, 0x10, 0x10, 0x21, 0x10, 0x10, 0x21,
  0x10, 0x10, 0x21, 0x10, 0x10, 0x21, 0x10, 0x10, 0x21, 0x10, 0x10, 0x21,
  0x10, 0x10, 0x21, 0x10, 0x10, 0x21, 0x10, 0x10, 0x21, 0x10, 0x10, 0x21,
  0x10, 0x10, 0x21, 0x10, 0x10, 0x21, 0x10, 0x10, 0x21, 0x10, 0x10, 0x21,
  0x10, 0x10, 0x21, 0x10, 0x10, 0x21, 0x10, 0x10, 0x21, 0x10, 0x10, 0x21,
  0x10, 0x10, 0x21, 0x10, 0x10, 0x21, 0x10, 0x10, 0x21, 0x10, 0x10, 0x21,
  0x10, 0x10, 0x21, 0x10, 0x10, 0x21, 0x10, 0x10, 0x21, 0x10, 0x10, 0x21,
  0x10, 0x10, 0x21, 0x10, 0x10, 0x21, 0x10, 0x10, 0x21, 0x10, 0x10, 0x21,
  0x10, 0x10, 0x21, 0x10, 0x10, 0x21, 0x10, 0x10, 0x21, 0x10, 0x10, 0x21,
  0x10, 0x10, 0x21, 0x10, 0x10, 0x21, 0x10, 0x10, 0x21, 0x10, 0x10, 0x21,
  0x10, 0x10, 0x21, 0x10, 0x10, 0x21, 0x10, 0x10, 0x21, 0x10, 0x10, 0x21,
  0x10, 0x10, 0x21, 0x10, 0x10, 0x21, 0x10, 0x10, 0x21, 0x10, 0x10, 0x21,
  0x10, 0x10, 0x21, 0x10, 0x10, 0x21, 0x10, 0x10, 0x21, 0x10, 0x10, 0x21,
  0x10, 0x10, 0x21, 0x10, 0x10, 0x21, 0x10, 0x10, 0x21, 0x10, 0x10, 0x21,
  0x10, 0x10, 0x21, 0x10, 0x10, 0x21, 0x10, 0x10, 0x21, 0x10, 0x10, 0x21,
  0x10, 0x10, 0x21, 0x10, 0x10, 0x21, 0x10, 0x10, 0x21, 0x10, 0x10, 0x21,
  0x10, 0x10, 0x21, 0x10, 0x10, 0x21, 0x10, 0x10, 0x21, 0x10, 0x10, 0x21,
  0x10, 0x10, 0x21, 0x10, 0x10, 0x21, 0x10, 0x10, 0x21, 0x10, 0x10, 0x21,
  0x10, 0x10, 0x21, 0x10, 0x10, 0x21, 0x10, 0x10, 0x21, 0x10, 0x10, 0x21,
  0x10, 0x10, 0x21, 0x10, 0x10, 0x21, 0x10, 0x10, 0x21, 0x10, 0x10, 0x21,
  0x10, 0x10, 0x21, 0x10, 0x10, 0x21, 0x10, 0x10, 0x21, 0x10, 0x10, 0x21,
  0x10, 0x10, 0x21, 0x10, 0x10, 0x21, 0x73, 0x73, 0x84, 0x73, 0x73, 0x84,
  0x73, 0x73, 0x84, 0x21, 0x21, 0x31, 0x21, 0x21, 0x31, 0x21, 0x21, 0x31,
  0x21, 0x21, 0x31, 0x21, 0x21, 0x31, 0x21, 0x21, 0x31, 0x21, 0x21, 0x31,
  0x00, 0x00, 0x00, 0x00, 0x00, 0x00, 0x00, 0x00, 0x00, 0x10, 0x10, 0x21,
  0x10, 0x10, 0x21, 0x10, 0x10, 0x21, 0x10, 0x10, 0x21, 0x10, 0x10, 0x21,
  0x10, 0x10, 0x21, 0x10, 0x10, 0x21, 0x10, 0x10, 0x21, 0x10, 0x10, 0x21,
  0x10, 0x10, 0x21, 0x10, 0x10, 0x21, 0x10, 0x10, 0x21, 0x10, 0x10, 0x21,
  0x10, 0x10, 0x21, 0x10, 0x10, 0x21, 0x10, 0x10, 0x21, 0x10, 0x10, 0x21,
  0x10, 0x10, 0x21, 0x10, 0x10, 0x21, 0x10, 0x10, 0x21, 0x10, 0x10, 0x21,
  0x00, 0x00, 0x00, 0x21, 0x21, 0x31, 0x21, 0x21, 0x31, 0x21, 0x21, 0x31,
  0x00, 0x00, 0x00, 0x31, 0x31, 0x42, 0x00, 0x00, 0x00, 0x00, 0x00, 0x00,
  0x00, 0x00, 0x00, 0x00, 0x00, 0x00, 0x00, 0x00, 0x00, 0x00, 0x00, 0x00,
  0x00, 0x00, 0x00, 0x00, 0x00, 0x00, 0x31, 0x31, 0x42, 0x00, 0x00, 0x00,
  0x00, 0x00, 0x00, 0x00, 0x00, 0x00, 0x00, 0x00, 0x00, 0x00, 0x00, 0x00,
  0x00, 0x00, 0x00, 0x00, 0x00, 0x00, 0x31, 0x31, 0x42, 0x00, 0x00, 0x00,
  0x00, 0x00, 0x00, 0x00, 0x00, 0x00, 0x00, 0x00, 0x00, 0x00, 0x00, 0x00,
  0x00, 0x00, 0x00, 0x00, 0x00, 0x00, 0x31, 0x31, 0x42, 0x00, 0x00, 0x00,
  0x00, 0x00, 0x00, 0x00, 0x00, 0x00, 0x00, 0x00, 0x00, 0x00, 0x00, 0x00,
  0x00, 0x00, 0x00, 0x00, 0x00, 0x00, 0x31, 0x31, 0x42, 0x00, 0x00, 0x00,
  0x00, 0x00, 0x00, 0x00, 0x00, 0x00, 0x00, 0x00, 0x00, 0x00, 0x00, 0x00,
  0x00, 0x00, 0x00, 0x00, 0x00, 0x00, 0x31, 0x31, 0x42, 0x00, 0x00, 0x00,
  0x00, 0x00, 0x00, 0x00, 0x00, 0x00, 0x00, 0x00, 0x00, 0x00, 0x00, 0x00,
  0x00, 0x00, 0x00, 0x00, 0x00, 0x00, 0x31, 0x31, 0x42, 0x00, 0x00, 0x00,
  0x00, 0x00, 0x00, 0x00, 0x00, 0x00, 0x00, 0x00, 0x00, 0x00, 0x00, 0x00,
  0x00, 0x00, 0x00, 0x00, 0x00, 0x00, 0x31, 0x31, 0x42, 0x00, 0x00, 0x00,
  0x00, 0x00, 0x00, 0x00, 0x00, 0x00, 0x00, 0x00, 0x00, 0x00, 0x00, 0x00,
  0x00, 0x00, 0x00, 0x00, 0x00, 0x00, 0x31, 0x31, 0x42, 0x00, 0x00, 0x00,
  0x00, 0x00, 0x00, 0x00, 0x00, 0x00, 0x00, 0x00, 0x00, 0x00, 0x00, 0x00,
  0x00, 0x00, 0x00, 0x00, 0x00, 0x00, 0x31, 0x31, 0x42, 0x00, 0x00, 0x00,
  0x00, 0x00, 0x00, 0x00, 0x00, 0x00, 0x31, 0x31, 0x42, 0x00, 0x00, 0x00,
  0x21, 0x21, 0x31, 0x21, 0x21, 0x31, 0x21, 0x21, 0x31, 0x00, 0x00, 0x00,
  0x00, 0x00, 0x00, 0x10, 0x10, 0x21, 0x10, 0x10, 0x21, 0x10, 0x10, 0x21,
  0x10, 0x10, 0x21, 0x10, 0x10, 0x21, 0x10, 0x10, 0x21, 0x10, 0x10, 0x21,
  0x10, 0x10, 0x21, 0x10, 0x10, 0x21, 0x10, 0x10, 0x21, 0x10, 0x10, 0x21,
  0x10, 0x10, 0x21, 0x10, 0x10, 0x21, 0x10, 0x10, 0x21, 0x10, 0x10, 0x21,
  0x10, 0x10, 0x21, 0x10, 0x10, 0x21, 0x10, 0x10, 0x21, 0x10, 0x10, 0x21,
  0x10, 0x10, 0x21, 0x10, 0x10, 0x21, 0x00, 0x00, 0x00, 0x00, 0x00, 0x00,
  0x21, 0x21, 0x31, 0x21, 0x21, 0x31, 0x21, 0x21, 0x31, 0x21, 0x21, 0x31,
  0x21, 0x21, 0x31, 0x21, 0x21, 0x31, 0x52, 0x52, 0x63, 0x21, 0x21, 0x31,
  0x73, 0x73, 0x84, 0x73, 0x73, 0x84, 0x73, 0x73, 0x84, 0x10, 0x10, 0x21,
  0x10, 0x10, 0x21, 0x10, 0x10, 0x21, 0x10, 0x10, 0x21, 0x10, 0x10, 0x21,
  0x10, 0x10, 0x21, 0x10, 0x10, 0x21, 0x10, 0x10, 0x21, 0x10, 0x10, 0x21,
  0x10, 0x10, 0x21, 0x10, 0x10, 0x21, 0x10, 0x10, 0x21, 0x10, 0x10, 0x21,
  0x10, 0x10, 0x21, 0x10, 0x10, 0x21, 0x10, 0x10, 0x21, 0x10, 0x10, 0x21,
  0x10, 0x10, 0x21, 0x10, 0x10, 0x21, 0x10, 0x10, 0x21, 0x10, 0x10, 0x21,
  0x10, 0x10, 0x21, 0x10, 0x10, 0x21, 0x10, 0x10, 0x21, 0x10, 0x10, 0x21,
  0x10, 0x10, 0x21, 0x10, 0x10, 0x21, 0x10, 0x10, 0x21, 0x10, 0x10, 0x21,
  0x10, 0x10, 0x21, 0x10, 0x10, 0x21, 0x10, 0x10, 0x21, 0x10, 0x10, 0x21,
  0x10, 0x10, 0x21, 0x10, 0x10, 0x21, 0x10, 0x10, 0x21, 0x10, 0x10, 0x21,
  0x10, 0x10, 0x21, 0x10, 0x10, 0x21, 0x10, 0x10, 0x21, 0x10, 0x10, 0x21,
  0x10, 0x10, 0x21, 0x10, 0x10, 0x21, 0x10, 0x10, 0x21, 0x10, 0x10, 0x21,
  0x10, 0x10, 0x21, 0x10, 0x10, 0x21, 0x10, 0x10, 0x21, 0x10, 0x10, 0x21,
  0x10, 0x10, 0x21, 0x10, 0x10, 0x21, 0x10, 0x10, 0x21, 0x10, 0x10, 0x21,
  0x10, 0x10, 0x21, 0x10, 0x10, 0x21, 0x10, 0x10, 0x21, 0x10, 0x10, 0x21,
  0x10, 0x10, 0x21, 0x10, 0x10, 0x21, 0x10, 0x10, 0x21, 0x10, 0x10, 0x21,
  0x10, 0x10, 0x21, 0x10, 0x10, 0x21, 0x10, 0x10, 0x21, 0x10, 0x10, 0x21,
  0x10, 0x10, 0x21, 0x10, 0x10, 0x21, 0x10, 0x10, 0x21, 0x10, 0x10, 0x21,
  0x10, 0x10, 0x21, 0x10, 0x10, 0x21, 0x10, 0x10, 0x21, 0x10, 0x10, 0x21,
  0x10, 0x10, 0x21, 0x10, 0x10, 0x21, 0x10, 0x10, 0x21, 0x10, 0x10, 0x21,
  0x10, 0x10, 0x21, 0x10, 0x10, 0x21, 0x10, 0x10, 0x21, 0x10, 0x10, 0x21,
  0x10, 0x10, 0x21, 0x10, 0x10, 0x21, 0x10, 0x10, 0x21, 0x10, 0x10, 0x21,
  0x10, 0x10, 0x21, 0x10, 0x10, 0x21, 0x10, 0x10, 0x21, 0x10, 0x10, 0x21,
  0x10, 0x10, 0x21, 0x10, 0x10, 0x21, 0x10, 0x10, 0x21, 0x10, 0x10, 0x21,
  0x10, 0x10, 0x21, 0x10, 0x10, 0x21, 0x10, 0x10, 0x21, 0x10, 0x10, 0x21,
  0x10, 0x10, 0x21, 0x10, 0x10, 0x21, 0x52, 0x52, 0x63, 0x73, 0x73, 0x84,
  0x52, 0x52, 0x63, 0x31, 0x31, 0x42, 0x21, 0x21, 0x31, 0x21, 0x21, 0x31,
  0x21, 0x21, 0x31, 0x21, 0x21, 0x31, 0x21, 0x21, 0x31, 0x21, 0x21, 0x31,
  0x00, 0x00, 0x00, 0x00, 0x00, 0x00, 0x00, 0x00, 0x00, 0x10, 0x10, 0x21,
  0x10, 0x10, 0x21, 0x10, 0x10, 0x21, 0x10, 0x10, 0x21, 0x10, 0x10, 0x21,
  0x10, 0x10, 0x21, 0x10, 0x10, 0x21, 0x10, 0x10, 0x21, 0x10, 0x10, 0x21,
  0x10, 0x10, 0x21, 0x10, 0x10, 0x21, 0x10, 0x10, 0x21, 0x10, 0x10, 0x21,
  0x10, 0x10, 0x21, 0x10, 0x10, 0x21, 0x10, 0x10, 0x21, 0x10, 0x10, 0x21,
  0x10, 0x10, 0x21, 0x10, 0x10, 0x21, 0x10, 0x10, 0x21, 0x10, 0x10, 0x21,
  0x00, 0x00, 0x00, 0x31, 0x31, 0x42, 0x21, 0x21, 0x31, 0x00, 0x00, 0x00,
  0x00, 0x00, 0x00, 0x00, 0x00, 0x00, 0x00, 0x00, 0x00, 0x00, 0x00, 0x00,
  0x00, 0x00, 0x00, 0x00, 0x00, 0x00, 0x00, 0x00, 0x00, 0x00, 0x00, 0x00,
  0x00, 0x00, 0x00, 0x00, 0x00, 0x00, 0x00, 0x00, 0x00, 0x00, 0x00, 0x00,
  0x00, 0x00, 0x00, 0x00, 0x00, 0x00, 0x00, 0x00, 0x00, 0x00, 0x00, 0x00,
  0x00, 0x00, 0x00, 0x00, 0x00, 0x00, 0x00, 0x00, 0x00, 0x00, 0x00, 0x00,
  0x00, 0x00, 0x00, 0x00, 0x00, 0x00, 0x00, 0x00, 0x00, 0x00, 0x00, 0x00,
  0x00, 0x00, 0x00, 0x00, 0x00, 0x00, 0x00, 0x00, 0x00, 0x00, 0x00, 0x00,
  0x00, 0x00, 0x00, 0x00, 0x00, 0x00, 0x00, 0x00, 0x00, 0x00, 0x00, 0x00,
  0x00, 0x00, 0x00, 0x00, 0x00, 0x00, 0x00, 0x00, 0x00, 0x00, 0x00, 0x00,
  0x00, 0x00, 0x00, 0x00, 0x00, 0x00, 0x00, 0x00, 0x00, 0x00, 0x00, 0x00,
  0x00, 0x00, 0x00, 0x00, 0x00, 0x00, 0x00, 0x00, 0x00, 0x00, 0x00, 0x00,
  0x00, 0x00, 0x00, 0x00, 0x00, 0x00, 0x00, 0x00, 0x00, 0x00, 0x00, 0x00,
  0x00, 0x00, 0x00, 0x00, 0x00, 0x00, 0x00, 0x00, 0x00, 0x00, 0x00, 0x00,
  0x00, 0x00, 0x00, 0x00, 0x00, 0x00, 0x00, 0x00, 0x00, 0x00, 0x00, 0x00,
  0x00, 0x00, 0x00, 0x00, 0x00, 0x00, 0x00, 0x00, 0x00, 0x00, 0x00, 0x00,
  0x00, 0x00, 0x00, 0x00, 0x00, 0x00, 0x00, 0x00, 0x00, 0x00, 0x00, 0x00,
  0x00, 0x00, 0x00, 0x00, 0x00, 0x00, 0x00, 0x00, 0x00, 0x00, 0x00, 0x00,
  0x00, 0x00, 0x00, 0x00, 0x00, 0x00, 0x00, 0x00, 0x00, 0x00, 0x00, 0x00,
  0x00, 0x00, 0x00, 0x00, 0x00, 0x00, 0x00, 0x00, 0x00, 0x00, 0x00, 0x00,
  0x00, 0x00, 0x00, 0x00, 0x00, 0x00, 0x00, 0x00, 0x00, 0x00, 0x00, 0x00,
  0x00, 0x00, 0x00, 0x21, 0x21, 0x31, 0x31, 0x31, 0x42, 0x00, 0x00, 0x00,
  0x00, 0x00, 0x00, 0x10, 0x10, 0x21, 0x10, 0x10, 0x21, 0x10, 0x10, 0x21,
  0x10, 0x10, 0x21, 0x10, 0x10, 0x21, 0x10, 0x10, 0x21, 0x10, 0x10, 0x21,
  0x10, 0x10, 0x21, 0x10, 0x10, 0x21, 0x10, 0x10, 0x21, 0x10, 0x10, 0x21,
  0x10, 0x10, 0x21, 0x10, 0x10, 0x21, 0x10, 0x10, 0x21, 0x10, 0x10, 0x21,
  0x10, 0x10, 0x21, 0x10, 0x10, 0x21, 0x10, 0x10, 0x21, 0x10, 0x10, 0x21,
  0x10, 0x10, 0x21, 0x10, 0x10, 0x21, 0x00, 0x00, 0x00, 0x00, 0x00, 0x00,
  0x21, 0x21, 0x31, 0x21, 0x21, 0x31, 0x21, 0x21, 0x31, 0x21, 0x21, 0x31,
  0x21, 0x21, 0x31, 0x21, 0x21, 0x31, 0x21, 0x21, 0x31, 0x52, 0x52, 0x63,
  0xb5, 0xb5, 0xc6, 0x73, 0x73, 0x84, 0x52, 0x52, 0x63, 0x10, 0x10, 0x21,
  0x10, 0x10, 0x21, 0x10, 0x10, 0x21, 0x10, 0x10, 0x21, 0x10, 0x10, 0x21,
  0x10, 0x10, 0x21, 0x10, 0x10, 0x21, 0x10, 0x10, 0x21, 0x10, 0x10, 0x21,
  0x10, 0x10, 0x21, 0x10, 0x10, 0x21, 0x10, 0x10, 0x21, 0x10, 0x10, 0x21,
  0x10, 0x10, 0x21, 0x10, 0x10, 0x21, 0x10, 0x10, 0x21, 0x10, 0x10, 0x21,
  0x10, 0x10, 0x21, 0x10, 0x10, 0x21, 0x10, 0x10, 0x21, 0x10, 0x10, 0x21,
  0x10, 0x10, 0x21, 0x10, 0x10, 0x21, 0x10, 0x10, 0x21, 0x10, 0x10, 0x21,
  0x10, 0x10, 0x21, 0x10, 0x10, 0x21, 0x10, 0x10, 0x21, 0x10, 0x10, 0x21,
  0x10, 0x10, 0x21, 0x10, 0x10, 0x21, 0x10, 0x10, 0x21, 0x10, 0x10, 0x21,
  0x10, 0x10, 0x21, 0x10, 0x10, 0x21, 0x10, 0x10, 0x21, 0x10, 0x10, 0x21,
  0x10, 0x10, 0x21, 0x10, 0x10, 0x21, 0x10, 0x10, 0x21, 0x10, 0x10, 0x21,
  0x10, 0x10, 0x21, 0x10, 0x10, 0x21, 0x10, 0x10, 0x21, 0x10, 0x10, 0x21,
  0x10, 0x10, 0x21, 0x10, 0x10, 0x21, 0x10, 0x10, 0x21, 0x10, 0x10, 0x21,
  0x10, 0x10, 0x21, 0x10, 0x10, 0x21, 0x10, 0x10, 0x21, 0x10, 0x10, 0x21,
  0x10, 0x10, 0x21, 0x10, 0x10, 0x21, 0x10, 0x10, 0x21, 0x10, 0x10, 0x21,
  0x10, 0x10, 0x21, 0x10, 0x10, 0x21, 0x10, 0x10, 0x21, 0x10, 0x10, 0x21,
  0x10, 0x10, 0x21, 0x10, 0x10, 0x21, 0x10, 0x10, 0x21, 0x10, 0x10, 0x21,
  0x10, 0x10, 0x21, 0x10, 0x10, 0x21, 0x10, 0x10, 0x21, 0x10, 0x10, 0x21,
  0x10, 0x10, 0x21, 0x10, 0x10, 0x21, 0x10, 0x10, 0x21, 0x10, 0x10, 0x21,
  0x10, 0x10, 0x21, 0x10, 0x10, 0x21, 0x10, 0x10, 0x21, 0x10, 0x10, 0x21,
  0x10, 0x10, 0x21, 0x10, 0x10, 0x21, 0x10, 0x10, 0x21, 0x10, 0x10, 0x21,
  0x10, 0x10, 0x21, 0x10, 0x10, 0x21, 0x10, 0x10, 0x21, 0x10, 0x10, 0x21,
  0x10, 0x10, 0x21, 0x10, 0x10, 0x21, 0x10, 0x10, 0x21, 0x10, 0x10, 0x21,
  0x10, 0x10, 0x21, 0x10, 0x10, 0x21, 0x10, 0x10, 0x21, 0x10, 0x10, 0x21,
  0x10, 0x10, 0x21, 0x10, 0x10, 0x21, 0x10, 0x10, 0x21, 0x10, 0x10, 0x21,
  0x10, 0x10, 0x21, 0x10, 0x10, 0x21, 0x52, 0x52, 0x63, 0x52, 0x52, 0x63,
  0x31, 0x31, 0x42, 0x21, 0x21, 0x31, 0x21, 0x21, 0x31, 0x21, 0x21, 0x31,
  0x21, 0x21, 0x31, 0x21, 0x21, 0x31, 0x21, 0x21, 0x31, 0x00, 0x00, 0x00,
  0x00, 0x00, 0x00, 0x00, 0x00, 0x00, 0x00, 0x00, 0x00, 0x00, 0x00, 0x00,
  0x10, 0x10, 0x21, 0x10, 0x10, 0x21, 0x10, 0x10, 0x21, 0x10, 0x10, 0x21,
  0x10, 0x10, 0x21, 0x10, 0x10, 0x21, 0x10, 0x10, 0x21, 0x10, 0x10, 0x21,
  0x10, 0x10, 0x21, 0x10, 0x10, 0x21, 0x10, 0x10, 0x21, 0x10, 0x10, 0x21,
  0x10, 0x10, 0x21, 0x10, 0x10, 0x21, 0x10, 0x10, 0x21, 0x10, 0x10, 0x21,
  0x10, 0x10, 0x21, 0x10, 0x10, 0x21, 0x10, 0x10, 0x21, 0x10, 0x10, 0x21,
  0x00, 0x00, 0x00, 0x31, 0x31, 0x42, 0x31, 0x31, 0x42, 0x31, 0x31, 0x42,
  0x00, 0x00, 0x00, 0x00, 0x00, 0x00, 0x00, 0x00, 0x00, 0x00, 0x00, 0x00,
  0x00, 0x00, 0x00, 0x00, 0x00, 0x00, 0x00, 0x00, 0x00, 0x00, 0x00, 0x00,
  0x00, 0x00, 0x00, 0x00, 0x00, 0x00, 0x00, 0x00, 0x00, 0x00, 0x00, 0x00,
  0x00, 0x00, 0x00, 0x00, 0x00, 0x00, 0x00, 0x00, 0x00, 0x00, 0x00, 0x00,
  0x00, 0x00, 0x00, 0x00, 0x00, 0x00, 0x00, 0x00, 0x00, 0x00, 0x00, 0x00,
  0x00, 0x00, 0x00, 0x00, 0x00, 0x00, 0x00, 0x00, 0x00, 0x00, 0x00, 0x00,
  0x00, 0x00, 0x00, 0x00, 0x00, 0x00, 0x00, 0x00, 0x00, 0x00, 0x00, 0x00,
  0x00, 0x00, 0x00, 0x00, 0x00, 0x00, 0x00, 0x00, 0x00, 0x00, 0x00, 0x00,
  0x00, 0x00, 0x00, 0x00, 0x00, 0x00, 0x00, 0x00, 0x00, 0x00, 0x00, 0x00,
  0x00, 0x00, 0x00, 0x00, 0x00, 0x00, 0x00, 0x00, 0x00, 0x00, 0x00, 0x00,
  0x00, 0x00, 0x00, 0x00, 0x00, 0x00, 0x00, 0x00, 0x00, 0x00, 0x00, 0x00,
  0x00, 0x00, 0x00, 0x00, 0x00, 0x00, 0x00, 0x00, 0x00, 0x00, 0x00, 0x00,
  0x00, 0x00, 0x00, 0x00, 0x00, 0x00, 0x00, 0x00, 0x00, 0x00, 0x00, 0x00,
  0x00, 0x00, 0x00, 0x00, 0x00, 0x00, 0x00, 0x00, 0x00, 0x00, 0x00, 0x00,
  0x00, 0x00, 0x00, 0x00, 0x00, 0x00, 0x00, 0x00, 0x00, 0x00, 0x00, 0x00,
  0x00, 0x00, 0x00, 0x00, 0x00, 0x00, 0x00, 0x00, 0x00, 0x00, 0x00, 0x00,
  0x00, 0x00, 0x00, 0x00, 0x00, 0x00, 0x00, 0x00, 0x00, 0x00, 0x00, 0x00,
  0x00, 0x00, 0x00, 0x00, 0x00, 0x00, 0x00, 0x00, 0x00, 0x00, 0x00, 0x00,
  0x00, 0x00, 0x00, 0x00, 0x00, 0x00, 0x00, 0x00, 0x00, 0x00, 0x00, 0x00,
  0x00, 0x00, 0x00, 0x00, 0x00, 0x00, 0x00, 0x00, 0x00, 0x00, 0x00, 0x00,
  0x00, 0x00, 0x00, 0x31, 0x31, 0x42, 0x31, 0x31, 0x42, 0x31, 0x31, 0x42,
  0x00, 0x00, 0x00, 0x10, 0x10, 0x21, 0x10, 0x10, 0x21, 0x10, 0x10, 0x21,
  0x10, 0x10, 0x21, 0x10, 0x10, 0x21, 0x10, 0x10, 0x21, 0x10, 0x10, 0x21,
  0x10, 0x10, 0x21, 0x10, 0x10, 0x21, 0x10, 0x10, 0x21, 0x10, 0x10, 0x21,
  0x10, 0x10, 0x21, 0x10, 0x10, 0x21, 0x10, 0x10, 0x21, 0x10, 0x10, 0x21,
  0x10, 0x10, 0x21, 0x10, 0x10, 0x21, 0x10, 0x10, 0x21, 0x10, 0x10, 0x21,
  0x10, 0x10, 0x21, 0x00, 0x00, 0x00, 0x00, 0x00, 0x00, 0x00, 0x00, 0x00,
  0x21, 0x21, 0x31, 0x21, 0x21, 0x31, 0x21, 0x21, 0x31, 0x21, 0x21, 0x31,
  0x21, 0x21, 0x31, 0x21, 0x21, 0x31, 0x21, 0x21, 0x31, 0x21, 0x21, 0x31,
  0xb5, 0xb5, 0xc6, 0x73, 0x73, 0x84, 0x73, 0x73, 0x84, 0x10, 0x10, 0x21,
  0x10, 0x10, 0x21, 0x10, 0x10, 0x21, 0x10, 0x10, 0x21, 0x10, 0x10, 0x21,
  0x10, 0x10, 0x21, 0x10, 0x10, 0x21, 0x10, 0x10, 0x21, 0x10, 0x10, 0x21,
  0x10, 0x10, 0x21, 0x10, 0x10, 0x21, 0x10, 0x10, 0x21, 0x10, 0x10, 0x21,
  0x10, 0x10, 0x21, 0x10, 0x10, 0x21, 0x10, 0x10, 0x21, 0x10, 0x10, 0x21,
  0x10, 0x10, 0x21, 0x10, 0x10, 0x21, 0x10, 0x10, 0x21, 0x10, 0x10, 0x21,
  0x10, 0x10, 0x21, 0x10, 0x10, 0x21, 0x10, 0x10, 0x21, 0x10, 0x10, 0x21,
  0x10, 0x10, 0x21, 0x10, 0x10, 0x21, 0x10, 0x10, 0x21, 0x10, 0x10, 0x21,
  0x10, 0x10, 0x21, 0x10, 0x10, 0x21, 0x10, 0x10, 0x21, 0x10, 0x10, 0x21,
  0x10, 0x10, 0x21, 0x10, 0x10, 0x21, 0x10, 0x10, 0x21, 0x10, 0x10, 0x21,
  0x10, 0x10, 0x21, 0x10, 0x10, 0x21, 0x10, 0x10, 0x21, 0x10, 0x10, 0x21,
  0x10, 0x10, 0x21, 0x10, 0x10, 0x21, 0x10, 0x10, 0x21, 0x10, 0x10, 0x21,
  0x10, 0x10, 0x21, 0x10, 0x10, 0x21, 0x10, 0x10, 0x21, 0x10, 0x10, 0x21,
  0x10, 0x10, 0x21, 0x10, 0x10, 0x21, 0x10, 0x10, 0x21, 0x10, 0x10, 0x21,
  0x10, 0x10, 0x21, 0x10, 0x10, 0x21, 0x10, 0x10, 0x21, 0x10, 0x10, 0x21,
  0x10, 0x10, 0x21, 0x10, 0x10, 0x21, 0x10, 0x10, 0x21, 0x10, 0x10, 0x21,
  0x10, 0x10, 0x21, 0x10, 0x10, 0x21, 0x10, 0x10, 0x21, 0x10, 0x10, 0x21,
  0x10, 0x10, 0x21, 0x10, 0x10, 0x21, 0x10, 0x10, 0x21, 0x10, 0x10, 0x21,
  0x10, 0x10, 0x21, 0x10, 0x10, 0x21, 0x10, 0x10, 0x21, 0x10, 0x10, 0x21,
  0x10, 0x10, 0x21, 0x10, 0x10, 0x21, 0x10, 0x10, 0x21, 0x10, 0x10, 0x21,
  0x10, 0x10, 0x21, 0x10, 0x10, 0x21, 0x10, 0x10, 0x21, 0x10, 0x10, 0x21,
  0x10, 0x10, 0x21, 0x10, 0x10, 0x21, 0x10, 0x10, 0x21, 0x10, 0x10, 0x21,
  0x10, 0x10, 0x21, 0x10, 0x10, 0x21, 0x10, 0x10, 0x21, 0x10, 0x10, 0x21,
  0x10, 0x10, 0x21, 0x10, 0x10, 0x21, 0x10, 0x10, 0x21, 0x10, 0x10, 0x21,
  0x10, 0x10, 0x21, 0x10, 0x10, 0x21, 0x10, 0x10, 0x21, 0x10, 0x10, 0x21,
  0x10, 0x10, 0x21, 0x10, 0x10, 0x21, 0x52, 0x52, 0x63, 0x73, 0x73, 0x84,
  0x31, 0x31, 0x42, 0x31, 0x31, 0x42, 0x21, 0x21, 0x31, 0x31, 0x31, 0x42,
  0x21, 0x21, 0x31, 0x21, 0x21, 0x31, 0x21, 0x21, 0x31, 0x21, 0x21, 0x31,
  0x00, 0x00, 0x00, 0x00, 0x00, 0x00, 0x00, 0x00, 0x00, 0x00, 0x00, 0x00,
  0x10, 0x10, 0x21, 0x10, 0x10, 0x21, 0x10, 0x10, 0x21, 0x10, 0x10, 0x21,
  0x10, 0x10, 0x21, 0x10, 0x10, 0x21, 0x10, 0x10, 0x21, 0x10, 0x10, 0x21,
  0x10, 0x10, 0x21, 0x10, 0x10, 0x21, 0x10, 0x10, 0x21, 0x10, 0x10, 0x21,
  0x10, 0x10, 0x21, 0x10, 0x10, 0x21, 0x10, 0x10, 0x21, 0x10, 0x10, 0x21,
  0x10, 0x10, 0x21, 0x10, 0x10, 0x21, 0x10, 0x10, 0x21, 0x10, 0x10, 0x21,
  0x00, 0x00, 0x00, 0x00, 0x00, 0x00, 0x00, 0x00, 0x00, 0x00, 0x00, 0x00,
  0x00, 0x00, 0x00, 0x00, 0x00, 0x00, 0x00, 0x00, 0x00, 0x00, 0x00, 0x00,
  0x00, 0x00, 0x00, 0x00, 0x00, 0x00, 0x00, 0x00, 0x00, 0x00, 0x00, 0x00,
  0x00, 0x00, 0x00, 0x00, 0x00, 0x00, 0x00, 0x00, 0x00, 0x00, 0x00, 0x00,
  0x00, 0x00, 0x00, 0x00, 0x00, 0x00, 0x00, 0x00, 0x00, 0x00, 0x00, 0x00,
  0x00, 0x00, 0x00, 0x00, 0x00, 0x00, 0x00, 0x00, 0x00, 0x00, 0x00, 0x00,
  0x00, 0x00, 0x00, 0x00, 0x00, 0x00, 0x00, 0x00, 0x00, 0x00, 0x00, 0x00,
  0x00, 0x00, 0x00, 0x00, 0x00, 0x00, 0x00, 0x00, 0x00, 0x00, 0x00, 0x00,
  0x00, 0x00, 0x00, 0x00, 0x00, 0x00, 0x00, 0x00, 0x00, 0x00, 0x00, 0x00,
  0x00, 0x00, 0x00, 0x00, 0x00, 0x00, 0x00, 0x00, 0x00, 0x00, 0x00, 0x00,
  0x00, 0x00, 0x00, 0x00, 0x00, 0x00, 0x00, 0x00, 0x00, 0x00, 0x00, 0x00,
  0x00, 0x00, 0x00, 0x00, 0x00, 0x00, 0x00, 0x00, 0x00, 0x00, 0x00, 0x00,
  0x00, 0x00, 0x00, 0x00, 0x00, 0x00, 0x00, 0x00, 0x00, 0x00, 0x00, 0x00,
  0x00, 0x00, 0x00, 0x00, 0x00, 0x00, 0x00, 0x00, 0x00, 0x00, 0x00, 0x00,
  0x00, 0x00, 0x00, 0x00, 0x00, 0x00, 0x00, 0x00, 0x00, 0x00, 0x00, 0x00,
  0x00, 0x00, 0x00, 0x00, 0x00, 0x00, 0x00, 0x00, 0x00, 0x00, 0x00, 0x00,
  0x00, 0x00, 0x00, 0x00, 0x00, 0x00, 0x00, 0x00, 0x00, 0x00, 0x00, 0x00,
  0x00, 0x00, 0x00, 0x00, 0x00, 0x00, 0x00, 0x00, 0x00, 0x00, 0x00, 0x00,
  0x00, 0x00, 0x00, 0x00, 0x00, 0x00, 0x00, 0x00, 0x00, 0x00, 0x00, 0x00,
  0x00, 0x00, 0x00, 0x00, 0x00, 0x00, 0x00, 0x00, 0x00, 0x00, 0x00, 0x00,
  0x00, 0x00, 0x00, 0x00, 0x00, 0x00, 0x00, 0x00, 0x00, 0x00, 0x00, 0x00,
  0x00, 0x00, 0x00, 0x00, 0x00, 0x00, 0x00, 0x00, 0x00, 0x00, 0x00, 0x00,
  0x00, 0x00, 0x00, 0x10, 0x10, 0x21, 0x10, 0x10, 0x21, 0x10, 0x10, 0x21,
  0x10, 0x10, 0x21, 0x10, 0x10, 0x21, 0x10, 0x10, 0x21, 0x10, 0x10, 0x21,
  0x10, 0x10, 0x21, 0x10, 0x10, 0x21, 0x10, 0x10, 0x21, 0x10, 0x10, 0x21,
  0x10, 0x10, 0x21, 0x10, 0x10, 0x21, 0x10, 0x10, 0x21, 0x10, 0x10, 0x21,
  0x10, 0x10, 0x21, 0x10, 0x10, 0x21, 0x10, 0x10, 0x21, 0x10, 0x10, 0x21,
  0x10, 0x10, 0x21, 0x00, 0x00, 0x00, 0x00, 0x00, 0x00, 0x00, 0x00, 0x00,
  0x21, 0x21, 0x31, 0x21, 0x21, 0x31, 0x21, 0x21, 0x31, 0x21, 0x21, 0x31,
  0x21, 0x21, 0x31, 0x21, 0x21, 0x31, 0x21, 0x21, 0x31, 0x52, 0x52, 0x63,
  0xb5, 0xb5, 0xc6, 0x73, 0x73, 0x84, 0x52, 0x52, 0x63, 0x10, 0x10, 0x21,
  0x10, 0x10, 0x21, 0x10, 0x10, 0x21, 0x10, 0x10, 0x21, 0x10, 0x10, 0x21,
  0x10, 0x10, 0x21, 0x10, 0x10, 0x21, 0x10, 0x10, 0x21, 0x10, 0x10, 0x21,
  0x10, 0x10, 0x21, 0x10, 0x10, 0x21, 0x10, 0x10, 0x21, 0x10, 0x10, 0x21,
  0x10, 0x10, 0x21, 0x10, 0x10, 0x21, 0x10, 0x10, 0x21, 0x10, 0x10, 0x21,
  0x10, 0x10, 0x21, 0x10, 0x10, 0x21, 0x10, 0x10, 0x21, 0x10, 0x10, 0x21,
  0x10, 0x10, 0x21, 0x10, 0x10, 0x21, 0x10, 0x10, 0x21, 0x10, 0x10, 0x21,
  0x10, 0x10, 0x21, 0x10, 0x10, 0x21, 0x10, 0x10, 0x21, 0x10, 0x10, 0x21,
  0x10, 0x10, 0x21, 0x10, 0x10, 0x21, 0x10, 0x10, 0x21, 0x10, 0x10, 0x21,
  0x10, 0x10, 0x21, 0x10, 0x10, 0x21, 0x10, 0x10, 0x21, 0x10, 0x10, 0x21,
  0x10, 0x10, 0x21, 0x10, 0x10, 0x21, 0x10, 0x10, 0x21, 0x10, 0x10, 0x21,
  0x10, 0x10, 0x21, 0x10, 0x10, 0x21, 0x10, 0x10, 0x21, 0x10, 0x10, 0x21,
  0x10, 0x10, 0x21, 0x10, 0x10, 0x21, 0x10, 0x10, 0x21, 0x10, 0x10, 0x21,
  0x10, 0x10, 0x21, 0x10, 0x10, 0x21, 0x10, 0x10, 0x21, 0x10, 0x10, 0x21,
  0x10, 0x10, 0x21, 0x10, 0x10, 0x21, 0x10, 0x10, 0x21, 0x10, 0x10, 0x21,
  0x10, 0x10, 0x21, 0x10, 0x10, 0x21, 0x10, 0x10, 0x21, 0x10, 0x10, 0x21,
  0x10, 0x10, 0x21, 0x10, 0x10, 0x21, 0x10, 0x10, 0x21, 0x10, 0x10, 0x21,
  0x10, 0x10, 0x21, 0x10, 0x10, 0x21, 0x10, 0x10, 0x21, 0x10, 0x10, 0x21,
  0x10, 0x10, 0x21, 0x10, 0x10, 0x21, 0x10, 0x10, 0x21, 0x10, 0x10, 0x21,
  0x10, 0x10, 0x21, 0x10, 0x10, 0x21, 0x10, 0x10, 0x21, 0x10, 0x10, 0x21,
  0x10, 0x10, 0x21, 0x10, 0x10, 0x21, 0x10, 0x10, 0x21, 0x10, 0x10, 0x21,
  0x10, 0x10, 0x21, 0x10, 0x10, 0x21, 0x10, 0x10, 0x21, 0x10, 0x10, 0x21,
  0x10, 0x10, 0x21, 0x10, 0x10, 0x21, 0x10, 0x10, 0x21, 0x10, 0x10, 0x21,
  0x10, 0x10, 0x21, 0x10, 0x10, 0x21, 0x10, 0x10, 0x21, 0x10, 0x10, 0x21,
  0x10, 0x10, 0x21, 0x10, 0x10, 0x21, 0x10, 0x10, 0x21, 0x10, 0x10, 0x21,
  0x10, 0x10, 0x21, 0x10, 0x10, 0x21, 0x52, 0x52, 0x63, 0x52, 0x52, 0x63,
  0x52, 0x52, 0x63, 0x21, 0x21, 0x31, 0x21, 0x21, 0x31, 0x21, 0x21, 0x31,
  0x21, 0x21, 0x31, 0x21, 0x21, 0x31, 0x21, 0x21, 0x31, 0x00, 0x00, 0x00,
  0x00, 0x00, 0x00, 0x00, 0x00, 0x00, 0x00, 0x00, 0x00, 0x00, 0x00, 0x00,
  0x10, 0x10, 0x21, 0x10, 0x10, 0x21, 0x10, 0x10, 0x21, 0x10, 0x10, 0x21,
  0x10, 0x10, 0x21, 0x10, 0x10, 0x21, 0x10, 0x10, 0x21, 0x10, 0x10, 0x21,
  0x10, 0x10, 0x21, 0x10, 0x10, 0x21, 0x10, 0x10, 0x21, 0x10, 0x10, 0x21,
  0x10, 0x10, 0x21, 0x10, 0x10, 0x21, 0x10, 0x10, 0x21, 0x10, 0x10, 0x21,
  0x10, 0x10, 0x21, 0x10, 0x10, 0x21, 0x10, 0x10, 0x21, 0x10, 0x10, 0x21,
  0x00, 0x00, 0x00, 0x31, 0x31, 0x42, 0x00, 0x00, 0x00, 0x21, 0x21, 0x31,
  0x00, 0x00, 0x00, 0x00, 0x00, 0x00, 0x00, 0x00, 0x00, 0x00, 0x00, 0x00,
  0x00, 0x00, 0x00, 0x00, 0x00, 0x00, 0x00, 0x00, 0x00, 0x00, 0x00, 0x00,
  0x00, 0x00, 0x00, 0x00, 0x00, 0x00, 0x00, 0x00, 0x00, 0x00, 0x00, 0x00,
  0x00, 0x00, 0x00, 0x00, 0x00, 0x00, 0x00, 0x00, 0x00, 0x00, 0x00, 0x00,
  0x00, 0x00, 0x00, 0x00, 0x00, 0x00, 0x00, 0x00, 0x00, 0x00, 0x00, 0x00,
  0x00, 0x00, 0x00, 0x00, 0x00, 0x00, 0x00, 0x00, 0x00, 0x00, 0x00, 0x00,
  0x00, 0x00, 0x00, 0x00, 0x00, 0x00, 0x00, 0x00, 0x00, 0x00, 0x00, 0x00,
  0x00, 0x00, 0x00, 0x00, 0x00, 0x00, 0x00, 0x00, 0x00, 0x00, 0x00, 0x00,
  0x00, 0x00, 0x00, 0x00, 0x00, 0x00, 0x00, 0x00, 0x00, 0x00, 0x00, 0x00,
  0x00, 0x00, 0x00, 0x00, 0x00, 0x00, 0x00, 0x00, 0x00, 0x00, 0x00, 0x00,
  0x00, 0x00, 0x00, 0x00, 0x00, 0x00, 0x00, 0x00, 0x00, 0x00, 0x00, 0x00,
  0x00, 0x00, 0x00, 0x00, 0x00, 0x00, 0x00, 0x00, 0x00, 0x00, 0x00, 0x00,
  0x00, 0x00, 0x00, 0x00, 0x00, 0x00, 0x00, 0x00, 0x00, 0x00, 0x00, 0x00,
  0x00, 0x00, 0x00, 0x00, 0x00, 0x00, 0x00, 0x00, 0x00, 0x00, 0x00, 0x00,
  0x00, 0x00, 0x00, 0x00, 0x00, 0x00, 0x00, 0x00, 0x00, 0x00, 0x00, 0x00,
  0x00, 0x00, 0x00, 0x00, 0x00, 0x00, 0x00, 0x00, 0x00, 0x00, 0x00, 0x00,
  0x00, 0x00, 0x00, 0x00, 0x00, 0x00, 0x00, 0x00, 0x00, 0x00, 0x00, 0x00,
  0x00, 0x00, 0x00, 0x00, 0x00, 0x00, 0x00, 0x00, 0x00, 0x00, 0x00, 0x00,
  0x00, 0x00, 0x00, 0x00, 0x00, 0x00, 0x00, 0x00, 0x00, 0x00, 0x00, 0x00,
  0x00, 0x00, 0x00, 0x00, 0x00, 0x00, 0x00, 0x00, 0x00, 0x00, 0x00, 0x00,
  0x00, 0x00, 0x00, 0x21, 0x21, 0x31, 0x00, 0x00, 0x00, 0x31, 0x31, 0x42,
  0x00, 0x00, 0x00, 0x10, 0x10, 0x21, 0x10, 0x10, 0x21, 0x10, 0x10, 0x21,
  0x10, 0x10, 0x21, 0x10, 0x10, 0x21, 0x10, 0x10, 0x21, 0x10, 0x10, 0x21,
  0x10, 0x10, 0x21, 0x10, 0x10, 0x21, 0x10, 0x10, 0x21, 0x10, 0x10, 0x21,
  0x10, 0x10, 0x21, 0x10, 0x10, 0x21, 0x10, 0x10, 0x21, 0x10, 0x10, 0x21,
  0x10, 0x10, 0x21, 0x10, 0x10, 0x21, 0x10, 0x10, 0x21, 0x10, 0x10, 0x21,
  0x10, 0x10, 0x21, 0x00, 0x00, 0x00, 0x00, 0x00, 0x00, 0x00, 0x00, 0x00,
  0x21, 0x21, 0x31, 0x21, 0x21, 0x31, 0x21, 0x21, 0x31, 0x21, 0x21, 0x31,
  0x21, 0x21, 0x31, 0x21, 0x21, 0x31, 0x21, 0x21, 0x31, 0x21, 0x21, 0x31,
  0x73, 0x73, 0x84, 0x52, 0x52, 0x63, 0x52, 0x52, 0x63, 0x10, 0x10, 0x21,
  0x10, 0x10, 0x21, 0x10, 0x10, 0x21, 0x10, 0x10, 0x21, 0x10, 0x10, 0x21,
  0x10, 0x10, 0x21, 0x10, 0x10, 0x21, 0x10, 0x10, 0x21, 0x10, 0x10, 0x21,
  0x10, 0x10, 0x21, 0x10, 0x10, 0x21, 0x10, 0x10, 0x21, 0x10, 0x10, 0x21,
  0x10, 0x10, 0x21, 0x10, 0x10, 0x21, 0x10, 0x10, 0x21, 0x10, 0x10, 0x21,
  0x10, 0x10, 0x21, 0x10, 0x10, 0x21, 0x10, 0x10, 0x21, 0x10, 0x10, 0x21,
  0x10, 0x10, 0x21, 0x10, 0x10, 0x21, 0x10, 0x10, 0x21, 0x10, 0x10, 0x21,
  0x10, 0x10, 0x21, 0x10, 0x10, 0x21, 0x10, 0x10, 0x21, 0x10, 0x10, 0x21,
  0x10, 0x10, 0x21, 0x10, 0x10, 0x21, 0x10, 0x10, 0x21, 0x10, 0x10, 0x21,
  0x10, 0x10, 0x21, 0x10, 0x10, 0x21, 0x10, 0x10, 0x21, 0x10, 0x10, 0x21,
  0x10, 0x10, 0x21, 0x10, 0x10, 0x21, 0x10, 0x10, 0x21, 0x10, 0x10, 0x21,
  0x10, 0x10, 0x21, 0x10, 0x10, 0x21, 0x10, 0x10, 0x21, 0x10, 0x10, 0x21,
  0x10, 0x10, 0x21, 0x10, 0x10, 0x21, 0x10, 0x10, 0x21, 0x10, 0x10, 0x21,
  0x10, 0x10, 0x21, 0x10, 0x10, 0x21, 0x10, 0x10, 0x21, 0x10, 0x10, 0x21,
  0x10, 0x10, 0x21, 0x10, 0x10, 0x21, 0x10, 0x10, 0x21, 0x10, 0x10, 0x21,
  0x10, 0x10, 0x21, 0x10, 0x10, 0x21, 0x10, 0x10, 0x21, 0x10, 0x10, 0x21,
  0x10, 0x10, 0x21, 0x10, 0x10, 0x21, 0x10, 0x10, 0x21, 0x10, 0x10, 0x21,
  0x10, 0x10, 0x21, 0x10, 0x10, 0x21, 0x10, 0x10, 0x21, 0x10, 0x10, 0x21,
  0x10, 0x10, 0x21, 0x10, 0x10, 0x21, 0x10, 0x10, 0x21, 0x10, 0x10, 0x21,
  0x10, 0x10, 0x21, 0x10, 0x10, 0x21, 0x10, 0x10, 0x21, 0x10, 0x10, 0x21,
  0x10, 0x10, 0x21, 0x10, 0x10, 0x21, 0x10, 0x10, 0x21, 0x10, 0x10, 0x21,
  0x10, 0x10, 0x21, 0x10, 0x10, 0x21, 0x10, 0x10, 0x21, 0x10, 0x10, 0x21,
  0x10, 0x10, 0x21, 0x10, 0x10, 0x21, 0x10, 0x10, 0x21, 0x10, 0x10, 0x21,
  0x10, 0x10, 0x21, 0x10, 0x10, 0x21, 0x10, 0x10, 0x21, 0x10, 0x10, 0x21,
  0x10, 0x10, 0x21, 0x10, 0x10, 0x21, 0x10, 0x10, 0x21, 0x10, 0x10, 0x21,
  0x10, 0x10, 0x21, 0x10, 0x10, 0x21, 0x10, 0x10, 0x21, 0x52, 0x52, 0x63,
  0x31, 0x31, 0x42, 0x31, 0x31, 0x42, 0x21, 0x21, 0x31, 0x31, 0x31, 0x42,
  0x21, 0x21, 0x31, 0x21, 0x21, 0x31, 0x00, 0x00, 0x00, 0x21, 0x21, 0x31,
  0x00, 0x00, 0x00, 0x00, 0x00, 0x00, 0x00, 0x00, 0x00, 0x00, 0x00, 0x00,
  0x10, 0x10, 0x21, 0x10, 0x10, 0x21, 0x10, 0x10, 0x21, 0x10, 0x10, 0x21,
  0x10, 0x10, 0x21, 0x10, 0x10, 0x21, 0x10, 0x10, 0x21, 0x10, 0x10, 0x21,
  0x10, 0x10, 0x21, 0x10, 0x10, 0x21, 0x10, 0x10, 0x21, 0x10, 0x10, 0x21,
  0x10, 0x10, 0x21, 0x10, 0x10, 0x21, 0x10, 0x10, 0x21, 0x10, 0x10, 0x21,
  0x10, 0x10, 0x21, 0x10, 0x10, 0x21, 0x10, 0x10, 0x21, 0x10, 0x10, 0x21,
  0x10, 0x10, 0x21, 0x00, 0x00, 0x00, 0x00, 0x00, 0x00, 0x00, 0x00, 0x00,
  0x00, 0x00, 0x00, 0x00, 0x00, 0x00, 0x00, 0x00, 0x00, 0x00, 0x00, 0x00,
  0x00, 0x00, 0x00, 0x00, 0x00, 0x00, 0x00, 0x00, 0x00, 0x00, 0x00, 0x00,
  0x00, 0x00, 0x00, 0x00, 0x00, 0x00, 0x00, 0x00, 0x00, 0x00, 0x00, 0x00,
  0x00, 0x00, 0x00, 0x00, 0x00, 0x00, 0x00, 0x00, 0x00, 0x00, 0x00, 0x00,
  0x00, 0x00, 0x00, 0x00, 0x00, 0x00, 0x00, 0x00, 0x00, 0x00, 0x00, 0x00,
  0x00, 0x00, 0x00, 0x00, 0x00, 0x00, 0x00, 0x00, 0x00, 0x00, 0x00, 0x00,
  0x00, 0x00, 0x00, 0x00, 0x00, 0x00, 0x00, 0x00, 0x00, 0x00, 0x00, 0x00,
  0x00, 0x00, 0x00, 0x00, 0x00, 0x00, 0x00, 0x00, 0x00, 0x00, 0x00, 0x00,
  0x00, 0x00, 0x00, 0x00, 0x00, 0x00, 0x00, 0x00, 0x00, 0x00, 0x00, 0x00,
  0x00, 0x00, 0x00, 0x00, 0x00, 0x00, 0x00, 0x00, 0x00, 0x00, 0x00, 0x00,
  0x00, 0x00, 0x00, 0x00, 0x00, 0x00, 0x00, 0x00, 0x00, 0x00, 0x00, 0x00,
  0x00, 0x00, 0x00, 0x00, 0x00, 0x00, 0x00, 0x00, 0x00, 0x00, 0x00, 0x00,
  0x00, 0x00, 0x00, 0x00, 0x00, 0x00, 0x00, 0x00, 0x00, 0x00, 0x00, 0x00,
  0x00, 0x00, 0x00, 0x00, 0x00, 0x00, 0x00, 0x00, 0x00, 0x00, 0x00, 0x00,
  0x00, 0x00, 0x00, 0x00, 0x00, 0x00, 0x00, 0x00, 0x00, 0x00, 0x00, 0x00,
  0x00, 0x00, 0x00, 0x00, 0x00, 0x00, 0x00, 0x00, 0x00, 0x00, 0x00, 0x00,
  0x00, 0x00, 0x00, 0x00, 0x00, 0x00, 0x00, 0x00, 0x00, 0x00, 0x00, 0x00,
  0x00, 0x00, 0x00, 0x00, 0x00, 0x00, 0x00, 0x00, 0x00, 0x00, 0x00, 0x00,
  0x00, 0x00, 0x00, 0x00, 0x00, 0x00, 0x00, 0x00, 0x00, 0x00, 0x00, 0x00,
  0x00, 0x00, 0x00, 0x00, 0x00, 0x00, 0x00, 0x00, 0x00, 0x00, 0x00, 0x00,
  0x00, 0x00, 0x00, 0x00, 0x00, 0x00, 0x00, 0x00, 0x00, 0x00, 0x00, 0x00,
  0x10, 0x10, 0x21, 0x10, 0x10, 0x21, 0x10, 0x10, 0x21, 0x10, 0x10, 0x21,
  0x10, 0x10, 0x21, 0x10, 0x10, 0x21, 0x10, 0x10, 0x21, 0x10, 0x10, 0x21,
  0x10, 0x10, 0x21, 0x10, 0x10, 0x21, 0x10, 0x10, 0x21, 0x10, 0x10, 0x21,
  0x10, 0x10, 0x21, 0x10, 0x10, 0x21, 0x10, 0x10, 0x21, 0x10, 0x10, 0x21,
  0x10, 0x10, 0x21, 0x10, 0x10, 0x21, 0x10, 0x10, 0x21, 0x10, 0x10, 0x21,
  0x10, 0x10, 0x21, 0x00, 0x00, 0x00, 0x00, 0x00, 0x00, 0x00, 0x00, 0x00,
  0x21, 0x21, 0x31, 0x21, 0x21, 0x31, 0x21, 0x21, 0x31, 0x21, 0x21, 0x31,
  0x21, 0x21, 0x31, 0x21, 0x21, 0x31, 0x31, 0x31, 0x42, 0x31, 0x31, 0x42,
  0xb5, 0xb5, 0xc6, 0x52, 0x52, 0x63, 0x10, 0x10, 0x21, 0x10, 0x10, 0x21,
  0x10, 0x10, 0x21, 0x10, 0x10, 0x21, 0x10, 0x10, 0x21, 0x10, 0x10, 0x21,
  0x10, 0x10, 0x21, 0x10, 0x10, 0x21, 0x10, 0x10, 0x21, 0x10, 0x10, 0x21,
  0x10, 0x10, 0x21, 0x10, 0x10, 0x21, 0x10, 0x10, 0x21, 0x10, 0x10, 0x21,
  0x10, 0x10, 0x21, 0x10, 0x10, 0x21, 0x10, 0x10, 0x21, 0x10, 0x10, 0x21,
  0x10, 0x10, 0x21, 0x10, 0x10, 0x21, 0x10, 0x10, 0x21, 0x10, 0x10, 0x21,
  0x10, 0x10, 0x21, 0x10, 0x10, 0x21, 0x10, 0x10, 0x21, 0x10, 0x10, 0x21,
  0x10, 0x10, 0x21, 0x10, 0x10, 0x21, 0x10, 0x10, 0x21, 0x10, 0x10, 0x21,
  0x10, 0x10, 0x21, 0x10, 0x10, 0x21, 0x10, 0x10, 0x21, 0x10, 0x10, 0x21,
  0x10, 0x10, 0x21, 0x10, 0x10, 0x21, 0x10, 0x10, 0x21, 0x10, 0x10, 0x21,
  0x10, 0x10, 0x21, 0x10, 0x10, 0x21, 0x10, 0x10, 0x21, 0x10, 0x10, 0x21,
  0x10, 0x10, 0x21, 0x10, 0x10, 0x21, 0x10, 0x10, 0x21, 0x10, 0x10, 0x21,
  0x10, 0x10, 0x21, 0x10, 0x10, 0x21, 0x10, 0x10, 0x21, 0x10, 0x10, 0x21,
  0x10, 0x10, 0x21, 0x10, 0x10, 0x21, 0x10, 0x10, 0x21, 0x10, 0x10, 0x21,
  0x10, 0x10, 0x21, 0x10, 0x10, 0x21, 0x10, 0x10, 0x21, 0x10, 0x10, 0x21,
  0x10, 0x10, 0x21, 0x10, 0x10, 0x21, 0x10, 0x10, 0x21, 0x10, 0x10, 0x21,
  0x10, 0x10, 0x21, 0x10, 0x10, 0x21, 0x10, 0x10, 0x21, 0x10, 0x10, 0x21,
  0x10, 0x10, 0x21, 0x10, 0x10, 0x21, 0x10, 0x10, 0x21, 0x10, 0x10, 0x21,
  0x10, 0x10, 0x21, 0x10, 0x10, 0x21, 0x10, 0x10, 0x21, 0x10, 0x10, 0x21,
  0x10, 0x10, 0x21, 0x10, 0x10, 0x21, 0x10, 0x10, 0x21, 0x10, 0x10, 0x21,
  0x10, 0x10, 0x21, 0x10, 0x10, 0x21, 0x10, 0x10, 0x21, 0x10, 0x10, 0x21,
  0x10, 0x10, 0x21, 0x10, 0x10, 0x21, 0x10, 0x10, 0x21, 0x10, 0x10, 0x21,
  0x10, 0x10, 0x21, 0x10, 0x10, 0x21, 0x10, 0x10, 0x21, 0x10, 0x10, 0x21,
  0x10, 0x10, 0x21, 0x10, 0x10, 0x21, 0x10, 0x10, 0x21, 0x10, 0x10, 0x21,
  0x10, 0x10, 0x21, 0x10, 0x10, 0x21, 0x10, 0x10, 0x21, 0x10, 0x10, 0x21,
  0x10, 0x10, 0x21, 0x10, 0x10, 0x21, 0x10, 0x10, 0x21, 0x52, 0x52, 0x63,
  0x31, 0x31, 0x42, 0x31, 0x31, 0x42, 0x31, 0x31, 0x42, 0x21, 0x21, 0x31,
  0x21, 0x21, 0x31, 0x21, 0x21, 0x31, 0x21, 0x21, 0x31, 0x00, 0x00, 0x00,
  0x00, 0x00, 0x00, 0x00, 0x00, 0x00, 0x00, 0x00, 0x00, 0x00, 0x00, 0x00,
  0x00, 0x00, 0x00, 0x10, 0x10, 0x21, 0x10, 0x10, 0x21, 0x10, 0x10, 0x21,
  0x10, 0x10, 0x21, 0x10, 0x10, 0x21, 0x10, 0x10, 0x21, 0x10, 0x10, 0x21,
  0x10, 0x10, 0x21, 0x10, 0x10, 0x21, 0x10, 0x10, 0x21, 0x10, 0x10, 0x21,
  0x10, 0x10, 0x21, 0x10, 0x10, 0x21, 0x10, 0x10, 0x21, 0x10, 0x10, 0x21,
  0x10, 0x10, 0x21, 0x10, 0x10, 0x21, 0x10, 0x10, 0x21, 0x10, 0x10, 0x21,
  0x10, 0x10, 0x21, 0x00, 0x00, 0x00, 0x00, 0x00, 0x00, 0x00, 0x00, 0x00,
  0x00, 0x00, 0x00, 0x00, 0x00, 0x00, 0x00, 0x00, 0x00, 0x00, 0x00, 0x00,
  0x00, 0x00, 0x00, 0x00, 0x00, 0x00, 0x00, 0x00, 0x00, 0x00, 0x00, 0x00,
  0x00, 0x00, 0x00, 0x00, 0x00, 0x00, 0x00, 0x00, 0x00, 0x00, 0x00, 0x00,
  0x00, 0x00, 0x00, 0x00, 0x00, 0x00, 0x00, 0x00, 0x00, 0x00, 0x00, 0x00,
  0x00, 0x00, 0x00, 0x00, 0x00, 0x00, 0x00, 0x00, 0x00, 0x00, 0x00, 0x00,
  0x00, 0x00, 0x00, 0x00, 0x00, 0x00, 0x00, 0x00, 0x00, 0x00, 0x00, 0x00,
  0x00, 0x00, 0x00, 0x00, 0x00, 0x00, 0x00, 0x00, 0x00, 0x00, 0x00, 0x00,
  0x00, 0x00, 0x00, 0x00, 0x00, 0x00, 0x00, 0x00, 0x00, 0x00, 0x00, 0x00,
  0x00, 0x00, 0x00, 0x00, 0x00, 0x00, 0x00, 0x00, 0x00, 0x00, 0x00, 0x00,
  0x00, 0x00, 0x00, 0x00, 0x00, 0x00, 0x00, 0x00, 0x00, 0x00, 0x00, 0x00,
  0x00, 0x00, 0x00, 0x00, 0x00, 0x00, 0x00, 0x00, 0x00, 0x00, 0x00, 0x00,
  0x00, 0x00, 0x00, 0x00, 0x00, 0x00, 0x00, 0x00, 0x00, 0x00, 0x00, 0x00,
  0x00, 0x00, 0x00, 0x00, 0x00, 0x00, 0x00, 0x00, 0x00, 0x00, 0x00, 0x00,
  0x00, 0x00, 0x00, 0x00, 0x00, 0x00, 0x00, 0x00, 0x00, 0x00, 0x00, 0x00,
  0x00, 0x00, 0x00, 0x00, 0x00, 0x00, 0x00, 0x00, 0x00, 0x00, 0x00, 0x00,
  0x00, 0x00, 0x00, 0x00, 0x00, 0x00, 0x00, 0x00, 0x00, 0x00, 0x00, 0x00,
  0x00, 0x00, 0x00, 0x00, 0x00, 0x00, 0x00, 0x00, 0x00, 0x00, 0x00, 0x00,
  0x00, 0x00, 0x00, 0x00, 0x00, 0x00, 0x00, 0x00, 0x00, 0x00, 0x00, 0x00,
  0x00, 0x00, 0x00, 0x00, 0x00, 0x00, 0x00, 0x00, 0x00, 0x00, 0x00, 0x00,
  0x00, 0x00, 0x00, 0x00, 0x00, 0x00, 0x00, 0x00, 0x00, 0x00, 0x00, 0x00,
  0x00, 0x00, 0x00, 0x00, 0x00, 0x00, 0x00, 0x00, 0x00, 0x00, 0x00, 0x00,
  0x10, 0x10, 0x21, 0x10, 0x10, 0x21, 0x10, 0x10, 0x21, 0x10, 0x10, 0x21,
  0x10, 0x10, 0x21, 0x10, 0x10, 0x21, 0x10, 0x10, 0x21, 0x10, 0x10, 0x21,
  0x10, 0x10, 0x21, 0x10, 0x10, 0x21, 0x10, 0x10, 0x21, 0x10, 0x10, 0x21,
  0x10, 0x10, 0x21, 0x10, 0x10, 0x21, 0x10, 0x10, 0x21, 0x10, 0x10, 0x21,
  0x10, 0x10, 0x21, 0x10, 0x10, 0x21, 0x10, 0x10, 0x21, 0x10, 0x10, 0x21,
  0x00, 0x00, 0x00, 0x00, 0x00, 0x00, 0x00, 0x00, 0x00, 0x00, 0x00, 0x00,
  0x21, 0x21, 0x31, 0x21, 0x21, 0x31, 0x21, 0x21, 0x31, 0x21, 0x21, 0x31,
  0x21, 0x21, 0x31, 0x21, 0x21, 0x31, 0x21, 0x21, 0x31, 0x73, 0x73, 0x84,
  0x52, 0x52, 0x63, 0x52, 0x52, 0x63, 0x10, 0x10, 0x21, 0x10, 0x10, 0x21,
  0x10, 0x10, 0x21, 0x10, 0x10, 0x21, 0x10, 0x10, 0x21, 0x10, 0x10, 0x21,
  0x10, 0x10, 0x21, 0x10, 0x10, 0x21, 0x10, 0x10, 0x21, 0x10, 0x10, 0x21,
  0x10, 0x10, 0x21, 0x10, 0x10, 0x21, 0x10, 0x10, 0x21, 0x10, 0x10, 0x21,
  0x10, 0x10, 0x21, 0x10, 0x10, 0x21, 0x10, 0x10, 0x21, 0x10, 0x10, 0x21,
  0x10, 0x10, 0x21, 0x10, 0x10, 0x21, 0x10, 0x10, 0x21, 0x10, 0x10, 0x21,
  0x10, 0x10, 0x21, 0x10, 0x10, 0x21, 0x10, 0x10, 0x21, 0x10, 0x10, 0x21,
  0x10, 0x10, 0x21, 0x10, 0x10, 0x21, 0x10, 0x10, 0x21, 0x10, 0x10, 0x21,
  0x10, 0x10, 0x21, 0x10, 0x10, 0x21, 0x10, 0x10, 0x21, 0x10, 0x10, 0x21,
  0x10, 0x10, 0x21, 0x10, 0x10, 0x21, 0x10, 0x10, 0x21, 0x10, 0x10, 0x21,
  0x10, 0x10, 0x21, 0x10, 0x10, 0x21, 0x10, 0x10, 0x21, 0x10, 0x10, 0x21,
  0x10, 0x10, 0x21, 0x10, 0x10, 0x21, 0x10, 0x10, 0x21, 0x10, 0x10, 0x21,
  0x10, 0x10, 0x21, 0x10, 0x10, 0x21, 0x10, 0x10, 0x21, 0x10, 0x10, 0x21,
  0x10, 0x10, 0x21, 0x10, 0x10, 0x21, 0x10, 0x10, 0x21, 0x10, 0x10, 0x21,
  0x10, 0x10, 0x21, 0x10, 0x10, 0x21, 0x10, 0x10, 0x21, 0x10, 0x10, 0x21,
  0x10, 0x10, 0x21, 0x10, 0x10, 0x21, 0x10, 0x10, 0x21, 0x10, 0x10, 0x21,
  0x10, 0x10, 0x21, 0x10, 0x10, 0x21, 0x10, 0x10, 0x21, 0x10, 0x10, 0x21,
  0x10, 0x10, 0x21, 0x10, 0x10, 0x21, 0x10, 0x10, 0x21, 0x10, 0x10, 0x21,
  0x10, 0x10, 0x21, 0x10, 0x10, 0x21, 0x10, 0x10, 0x21, 0x10, 0x10, 0x21,
  0x10, 0x10, 0x21, 0x10, 0x10, 0x21, 0x10, 0x10, 0x21, 0x10, 0x10, 0x21,
  0x10, 0x10, 0x21, 0x10, 0x10, 0x21, 0x10, 0x10, 0x21, 0x10, 0x10, 0x21,
  0x10, 0x10, 0x21, 0x10, 0x10, 0x21, 0x10, 0x10, 0x21, 0x10, 0x10, 0x21,
  0x10, 0x10, 0x21, 0x10, 0x10, 0x21, 0x10, 0x10, 0x21, 0x10, 0x10, 0x21,
  0x10, 0x10, 0x21, 0x10, 0x10, 0x21, 0x10, 0x10, 0x21, 0x10, 0x10, 0x21,
  0x10, 0x10, 0x21, 0x10, 0x10, 0x21, 0x10, 0x10, 0x21, 0x10, 0x10, 0x21,
  0x10, 0x10, 0x21, 0x10, 0x10, 0x21, 0x10, 0x10, 0x21, 0x52, 0x52, 0x63,
  0x52, 0x52, 0x63, 0x31, 0x31, 0x42, 0x21, 0x21, 0x31, 0x31, 0x31, 0x42,
  0x21, 0x21, 0x31, 0x21, 0x21, 0x31, 0x00, 0x00, 0x00, 0x21, 0x21, 0x31,
  0x00, 0x00, 0x00, 0x00, 0x00, 0x00, 0x00, 0x00, 0x00, 0x00, 0x00, 0x00,
  0x00, 0x00, 0x00, 0x10, 0x10, 0x21, 0x10, 0x10, 0x21, 0x10, 0x10, 0x21,
  0x10, 0x10, 0x21, 0x10, 0x10, 0x21, 0x10, 0x10, 0x21, 0x10, 0x10, 0x21,
  0x10, 0x10, 0x21, 0x10, 0x10, 0x21, 0x10, 0x10, 0x21, 0x10, 0x10, 0x21,
  0x10, 0x10, 0x21, 0x10, 0x10, 0x21, 0x10, 0x10, 0x21, 0x10, 0x10, 0x21,
  0x10, 0x10, 0x21, 0x10, 0x10, 0x21, 0x10, 0x10, 0x21, 0x10, 0x10, 0x21,
  0x10, 0x10, 0x21, 0x10, 0x10, 0x21, 0x10, 0x10, 0x21, 0x00, 0x00, 0x00,
  0x00, 0x00, 0x00, 0x00, 0x00, 0x00, 0x00, 0x00, 0x00, 0x00, 0x00, 0x00,
  0x00, 0x00, 0x00, 0x00, 0x00, 0x00, 0x00, 0x00, 0x00, 0x00, 0x00, 0x00,
  0x00, 0x00, 0x00, 0x00, 0x00, 0x00, 0x00, 0x00, 0x00, 0x00, 0x00, 0x00,
  0x00, 0x00, 0x00, 0x00, 0x00, 0x00, 0x00, 0x00, 0x00, 0x00, 0x00, 0x00,
  0x00, 0x00, 0x00, 0x00, 0x00, 0x00, 0x00, 0x00, 0x00, 0x00, 0x00, 0x00,
  0x00, 0x00, 0x00, 0x00, 0x00, 0x00, 0x00, 0x00, 0x00, 0x00, 0x00, 0x00,
  0x00, 0x00, 0x00, 0x00, 0x00, 0x00, 0x00, 0x00, 0x00, 0x00, 0x00, 0x00,
  0x00, 0x00, 0x00, 0x00, 0x00, 0x00, 0x00, 0x00, 0x00, 0x00, 0x00, 0x00,
  0x00, 0x00, 0x00, 0x00, 0x00, 0x00, 0x00, 0x00, 0x00, 0x00, 0x00, 0x00,
  0x00, 0x00, 0x00, 0x00, 0x00, 0x00, 0x00, 0x00, 0x00, 0x00, 0x00, 0x00,
  0x00, 0x00, 0x00, 0x00, 0x00, 0x00, 0x00, 0x00, 0x00, 0x00, 0x00, 0x00,
  0x00, 0x00, 0x00, 0x00, 0x00, 0x00, 0x00, 0x00, 0x00, 0x00, 0x00, 0x00,
  0x00, 0x00, 0x00, 0x00, 0x00, 0x00, 0x00, 0x00, 0x00, 0x00, 0x00, 0x00,
  0x00, 0x00, 0x00, 0x00, 0x00, 0x00, 0x00, 0x00, 0x00, 0x00, 0x00, 0x00,
  0x00, 0x00, 0x00, 0x00, 0x00, 0x00, 0x00, 0x00, 0x00, 0x00, 0x00, 0x00,
  0x00, 0x00, 0x00, 0x00, 0x00, 0x00, 0x00, 0x00, 0x00, 0x00, 0x00, 0x00,
  0x00, 0x00, 0x00, 0x00, 0x00, 0x00, 0x00, 0x00, 0x00, 0x00, 0x00, 0x00,
  0x00, 0x00, 0x00, 0x00, 0x00, 0x00, 0x00, 0x00, 0x00, 0x00, 0x00, 0x00,
  0x00, 0x00, 0x00, 0x00, 0x00, 0x00, 0x00, 0x00, 0x00, 0x00, 0x00, 0x00,
  0x00, 0x00, 0x00, 0x00, 0x00, 0x00, 0x00, 0x00, 0x00, 0x00, 0x00, 0x00,
  0x00, 0x00, 0x00, 0x00, 0x00, 0x00, 0x10, 0x10, 0x21, 0x10, 0x10, 0x21,
  0x10, 0x10, 0x21, 0x10, 0x10, 0x21, 0x10, 0x10, 0x21, 0x10, 0x10, 0x21,
  0x10, 0x10, 0x21, 0x10, 0x10, 0x21, 0x10, 0x10, 0x21, 0x10, 0x10, 0x21,
  0x10, 0x10, 0x21, 0x10, 0x10, 0x21, 0x10, 0x10, 0x21, 0x10, 0x10, 0x21,
  0x10, 0x10, 0x21, 0x10, 0x10, 0x21, 0x10, 0x10, 0x21, 0x10, 0x10, 0x21,
  0x10, 0x10, 0x21, 0x10, 0x10, 0x21, 0x10, 0x10, 0x21, 0x10, 0x10, 0x21,
  0x00, 0x00, 0x00, 0x00, 0x00, 0x00, 0x00, 0x00, 0x00, 0x00, 0x00, 0x00,
  0x21, 0x21, 0x31, 0x21, 0x21, 0x31, 0x21, 0x21, 0x31, 0x21, 0x21, 0x31,
  0x21, 0x21, 0x31, 0x21, 0x21, 0x31, 0x21, 0x21, 0x31, 0x52, 0x52, 0x63,
  0xb5, 0xb5, 0xc6, 0x52, 0x52, 0x63, 0x10, 0x10, 0x21, 0x10, 0x10, 0x21,
  0x10, 0x10, 0x21, 0x10, 0x10, 0x21, 0x10, 0x10, 0x21, 0x10, 0x10, 0x21,
  0x10, 0x10, 0x21, 0x10, 0x10, 0x21, 0x10, 0x10, 0x21, 0x10, 0x10, 0x21,
  0x10, 0x10, 0x21, 0x10, 0x10, 0x21, 0x10, 0x10, 0x21, 0x10, 0x10, 0x21,
  0x10, 0x10, 0x21, 0x10, 0x10, 0x21, 0x10, 0x10, 0x21, 0x10, 0x10, 0x21,
  0x10, 0x10, 0x21, 0x10, 0x10, 0x21, 0x10, 0x10, 0x21, 0x10, 0x10, 0x21,
  0x10, 0x10, 0x21, 0x10, 0x10, 0x21, 0x10, 0x10, 0x21, 0x10, 0x10, 0x21,
  0x10, 0x10, 0x21, 0x10, 0x10, 0x21, 0x10, 0x10, 0x21, 0x10, 0x10, 0x21,
  0x10, 0x10, 0x21, 0x10, 0x10, 0x21, 0x10, 0x10, 0x21, 0x10, 0x10, 0x21,
  0x10, 0x10, 0x21, 0x10, 0x10, 0x21, 0x10, 0x10, 0x21, 0x10, 0x10, 0x21,
  0x10, 0x10, 0x21, 0x10, 0x10, 0x21, 0x10, 0x10, 0x21, 0x10, 0x10, 0x21,
  0x10, 0x10, 0x21, 0x10, 0x10, 0x21, 0x10, 0x10, 0x21, 0x10, 0x10, 0x21,
  0x10, 0x10, 0x21, 0x10, 0x10, 0x21, 0x10, 0x10, 0x21, 0x10, 0x10, 0x21,
  0x10, 0x10, 0x21, 0x10, 0x10, 0x21, 0x10, 0x10, 0x21, 0x10, 0x10, 0x21,
  0x10, 0x10, 0x21, 0x10, 0x10, 0x21, 0x10, 0x10, 0x21, 0x10, 0x10, 0x21,
  0x10, 0x10, 0x21, 0x10, 0x10, 0x21, 0x10, 0x10, 0x21, 0x10, 0x10, 0x21,
  0x10, 0x10, 0x21, 0x10, 0x10, 0x21, 0x10, 0x10, 0x21, 0x10, 0x10, 0x21,
  0x10, 0x10, 0x21, 0x10, 0x10, 0x21, 0x10, 0x10, 0x21, 0x10, 0x10, 0x21,
  0x10, 0x10, 0x21, 0x10, 0x10, 0x21, 0x10, 0x10, 0x21, 0x10, 0x10, 0x21,
  0x10, 0x10, 0x21, 0x10, 0x10, 0x21, 0x10, 0x10, 0x21, 0x10, 0x10, 0x21,
  0x10, 0x10, 0x21, 0x10, 0x10, 0x21, 0x10, 0x10, 0x21, 0x10, 0x10, 0x21,
  0x10, 0x10, 0x21, 0x10, 0x10, 0x21, 0x10, 0x10, 0x21, 0x10, 0x10, 0x21,
  0x10, 0x10, 0x21, 0x10, 0x10, 0x21, 0x10, 0x10, 0x21, 0x10, 0x10, 0x21,
  0x10, 0x10, 0x21, 0x10, 0x10, 0x21, 0x10, 0x10, 0x21, 0x10, 0x10, 0x21,
  0x10, 0x10, 0x21, 0x10, 0x10, 0x21, 0x10, 0x10, 0x21, 0x10, 0x10, 0x21,
  0x10, 0x10, 0x21, 0x10, 0x10, 0x21, 0x10, 0x10, 0x21, 0x52, 0x52, 0x63,
  0x31, 0x31, 0x42, 0x31, 0x31, 0x42, 0x31, 0x31, 0x42, 0x21, 0x21, 0x31,
  0x21, 0x21, 0x31, 0x21, 0x21, 0x31, 0x21, 0x21, 0x31, 0x00, 0x00, 0x00,
  0x00, 0x00, 0x00, 0x00, 0x00, 0x00, 0x00, 0x00, 0x00, 0x00, 0x00, 0x00,
  0x00, 0x00, 0x00, 0x00, 0x00, 0x00, 0x10, 0x10, 0x21, 0x10, 0x10, 0x21,
  0x10, 0x10, 0x21, 0x10, 0x10, 0x21, 0x10, 0x10, 0x21, 0x10, 0x10, 0x21,
  0x10, 0x10, 0x21, 0x10, 0x10, 0x21, 0x10, 0x10, 0x21, 0x10, 0x10, 0x21,
  0x10, 0x10, 0x21, 0x10, 0x10, 0x21, 0x10, 0x10, 0x21, 0x10, 0x10, 0x21,
  0x10, 0x10, 0x21, 0x10, 0x10, 0x21, 0x10, 0x10, 0x21, 0x10, 0x10, 0x21,
  0x10, 0x10, 0x21, 0x10, 0x10, 0x21, 0x10, 0x10, 0x21, 0x10, 0x10, 0x21,
  0x10, 0x10, 0x21, 0x10, 0x10, 0x21, 0x10, 0x10, 0x21, 0x10, 0x10, 0x21,
  0x10, 0x10, 0x21, 0x00, 0x00, 0x00, 0x00, 0x00, 0x00, 0x00, 0x00, 0x00,
  0x00, 0x00, 0x00, 0x00, 0x00, 0x00, 0x00, 0x00, 0x00, 0x00, 0x00, 0x00,
  0x00, 0x00, 0x00, 0x00, 0x00, 0x00, 0x00, 0x00, 0x00, 0x00, 0x00, 0x00,
  0x00, 0x00, 0x00, 0x00, 0x00, 0x00, 0x00, 0x00, 0x00, 0x00, 0x00, 0x00,
  0x00, 0x00, 0x00, 0x00, 0x00, 0x00, 0x00, 0x00, 0x00, 0x00, 0x00, 0x00,
  0x00, 0x00, 0x00, 0x00, 0x00, 0x00, 0x00, 0x00, 0x00, 0x00, 0x00, 0x00,
  0x00, 0x00, 0x00, 0x00, 0x00, 0x00, 0x00, 0x00, 0x00, 0x00, 0x00, 0x00,
  0x00, 0x00, 0x00, 0x00, 0x00, 0x00, 0x00, 0x00, 0x00, 0x00, 0x00, 0x00,
  0x00, 0x00, 0x00, 0x00, 0x00, 0x00, 0x00, 0x00, 0x00, 0x00, 0x00, 0x00,
  0x00, 0x00, 0x00, 0x00, 0x00, 0x00, 0x00, 0x00, 0x00, 0x00, 0x00, 0x00,
  0x00, 0x00, 0x00, 0x00, 0x00, 0x00, 0x00, 0x00, 0x00, 0x00, 0x00, 0x00,
  0x00, 0x00, 0x00, 0x00, 0x00, 0x00, 0x00, 0x00, 0x00, 0x00, 0x00, 0x00,
  0x00, 0x00, 0x00, 0x00, 0x00, 0x00, 0x00, 0x00, 0x00, 0x00, 0x00, 0x00,
  0x00, 0x00, 0x00, 0x00, 0x00, 0x00, 0x00, 0x00, 0x00, 0x00, 0x00, 0x00,
  0x00, 0x00, 0x00, 0x00, 0x00, 0x00, 0x00, 0x00, 0x00, 0x00, 0x00, 0x00,
  0x00, 0x00, 0x00, 0x00, 0x00, 0x00, 0x00, 0x00, 0x00, 0x00, 0x00, 0x00,
  0x00, 0x00, 0x00, 0x00, 0x00, 0x00, 0x00, 0x00, 0x00, 0x00, 0x00, 0x00,
  0x00, 0x00, 0x00, 0x00, 0x00, 0x00, 0x00, 0x00, 0x00, 0x00, 0x00, 0x00,
  0x10, 0x10, 0x21, 0x10, 0x10, 0x21, 0x10, 0x10, 0x21, 0x10, 0x10, 0x21,
  0x10, 0x10, 0x21, 0x10, 0x10, 0x21, 0x10, 0x10, 0x21, 0x10, 0x10, 0x21,
  0x10, 0x10, 0x21, 0x10, 0x10, 0x21, 0x10, 0x10, 0x21, 0x10, 0x10, 0x21,
  0x10, 0x10, 0x21, 0x10, 0x10, 0x21, 0x10, 0x10, 0x21, 0x10, 0x10, 0x21,
  0x10, 0x10, 0x21, 0x10, 0x10, 0x21, 0x10, 0x10, 0x21, 0x10, 0x10, 0x21,
  0x10, 0x10, 0x21, 0x10, 0x10, 0x21, 0x10, 0x10, 0x21, 0x10, 0x10, 0x21,
  0x10, 0x10, 0x21, 0x10, 0x10, 0x21, 0x10, 0x10, 0x21, 0x00, 0x00, 0x00,
  0x00, 0x00, 0x00, 0x00, 0x00, 0x00, 0x00, 0x00, 0x00, 0x00, 0x00, 0x00,
  0x21, 0x21, 0x31, 0x21, 0x21, 0x31, 0x21, 0x21, 0x31, 0x21, 0x21, 0x31,
  0x21, 0x21, 0x31, 0x21, 0x21, 0x31, 0x52, 0x52, 0x63, 0x21, 0x21, 0x31,
  0x73, 0x73, 0x84, 0x52, 0x52, 0x63, 0x10, 0x10, 0x21, 0x10, 0x10, 0x21,
  0x10, 0x10, 0x21, 0x10, 0x10, 0x21, 0x10, 0x10, 0x21, 0x10, 0x10, 0x21,
  0x10, 0x10, 0x21, 0x10, 0x10, 0x21, 0x10, 0x10, 0x21, 0x10, 0x10, 0x21,
  0x10, 0x10, 0x21, 0x10, 0x10, 0x21, 0x10, 0x10, 0x21, 0x10, 0x10, 0x21,
  0x10, 0x10, 0x21, 0x10, 0x10, 0x21, 0x10, 0x10, 0x21, 0x10, 0x10, 0x21,
  0x10, 0x10, 0x21, 0x10, 0x10, 0x21, 0x10, 0x10, 0x21, 0x10, 0x10, 0x21,
  0x10, 0x10, 0x21, 0x10, 0x10, 0x21, 0x10, 0x10, 0x21, 0x10, 0x10, 0x21,
  0x10, 0x10, 0x21, 0x10, 0x10, 0x21, 0x10, 0x10, 0x21, 0x10, 0x10, 0x21,
  0x10, 0x10, 0x21, 0x10, 0x10, 0x21, 0x10, 0x10, 0x21, 0x10, 0x10, 0x21,
  0x10, 0x10, 0x21, 0x10, 0x10, 0x21, 0x10, 0x10, 0x21, 0x10, 0x10, 0x21,
  0x10, 0x10, 0x21, 0x10, 0x10, 0x21, 0x10, 0x10, 0x21, 0x10, 0x10, 0x21,
  0x10, 0x10, 0x21, 0x10, 0x10, 0x21, 0x10, 0x10, 0x21, 0x10, 0x10, 0x21,
  0x10, 0x10, 0x21, 0x10, 0x10, 0x21, 0x10, 0x10, 0x21, 0x10, 0x10, 0x21,
  0x10, 0x10, 0x21, 0x10, 0x10, 0x21, 0x10, 0x10, 0x21, 0x10, 0x10, 0x21,
  0x10, 0x10, 0x21, 0x10, 0x10, 0x21, 0x10, 0x10, 0x21, 0x10, 0x10, 0x21,
  0x10, 0x10, 0x21, 0x10, 0x10, 0x21, 0x10, 0x10, 0x21, 0x10, 0x10, 0x21,
  0x10, 0x10, 0x21, 0x10, 0x10, 0x21, 0x10, 0x10, 0x21, 0x10, 0x10, 0x21,
  0x10, 0x10, 0x21, 0x10, 0x10, 0x21, 0x10, 0x10, 0x21, 0x10, 0x10, 0x21,
  0x10, 0x10, 0x21, 0x10, 0x10, 0x21, 0x10, 0x10, 0x21, 0x10, 0x10, 0x21,
  0x10, 0x10, 0x21, 0x10, 0x10, 0x21, 0x10, 0x10, 0x21, 0x10, 0x10, 0x21,
  0x10, 0x10, 0x21, 0x10, 0x10, 0x21, 0x10, 0x10, 0x21, 0x10, 0x10, 0x21,
  0x10, 0x10, 0x21, 0x10, 0x10, 0x21, 0x10, 0x10, 0x21, 0x10, 0x10, 0x21,
  0x10, 0x10, 0x21, 0x10, 0x10, 0x21, 0x10, 0x10, 0x21, 0x10, 0x10, 0x21,
  0x10, 0x10, 0x21, 0x10, 0x10, 0x21, 0x10, 0x10, 0x21, 0x10, 0x10, 0x21,
  0x10, 0x10, 0x21, 0x10, 0x10, 0x21, 0x10, 0x10, 0x21, 0x10, 0x10, 0x21,
  0x10, 0x10, 0x21, 0x10, 0x10, 0x21, 0x10, 0x10, 0x21, 0x52, 0x52, 0x63,
  0x73, 0x73, 0x84, 0x31, 0x31, 0x42, 0x21, 0x21, 0x31, 0x31, 0x31, 0x42,
  0x21, 0x21, 0x31, 0x21, 0x21, 0x31, 0x00, 0x00, 0x00, 0x21, 0x21, 0x31,
  0x00, 0x00, 0x00, 0x00, 0x00, 0x00, 0x00, 0x00, 0x00, 0x00, 0x00, 0x00,
  0x00, 0x00, 0x00, 0x00, 0x00, 0x00, 0x00, 0x00, 0x00, 0x00, 0x00, 0x00,
  0x10, 0x10, 0x21, 0x10, 0x10, 0x21, 0x10, 0x10, 0x21, 0x10, 0x10, 0x21,
  0x10, 0x10, 0x21, 0x10, 0x10, 0x21, 0x10, 0x10, 0x21, 0x10, 0x10, 0x21,
  0x10, 0x10, 0x21, 0x10, 0x10, 0x21, 0x10, 0x10, 0x21, 0x10, 0x10, 0x21,
  0x10, 0x10, 0x21, 0x10, 0x10, 0x21, 0x10, 0x10, 0x21, 0x10, 0x10, 0x21,
  0x10, 0x10, 0x21, 0x10, 0x10, 0x21, 0x10, 0x10, 0x21, 0x10, 0x10, 0x21,
  0x10, 0x10, 0x21, 0x10, 0x10, 0x21, 0x10, 0x10, 0x21, 0x10, 0x10, 0x21,
  0x10, 0x10, 0x21, 0x10, 0x10, 0x21, 0x10, 0x10, 0x21, 0x10, 0x10, 0x21,
  0x10, 0x10, 0x21, 0x10, 0x10, 0x21, 0x10, 0x10, 0x21, 0x10, 0x10, 0x21,
  0x10, 0x10, 0x21, 0x10, 0x10, 0x21, 0x10, 0x10, 0x21, 0x10, 0x10, 0x21,
  0x10, 0x10, 0x21, 0x10, 0x10, 0x21, 0x10, 0x10, 0x21, 0x10, 0x10, 0x21,
  0x10, 0x10, 0x21, 0x10, 0x10, 0x21, 0x10, 0x10, 0x21, 0x10, 0x10, 0x21,
  0x10, 0x10, 0x21, 0x10, 0x10, 0x21, 0x10, 0x10, 0x21, 0x10, 0x10, 0x21,
  0x10, 0x10, 0x21, 0x10, 0x10, 0x21, 0x10, 0x10, 0x21, 0x10, 0x10, 0x21,
  0x10, 0x10, 0x21, 0x10, 0x10, 0x21, 0x10, 0x10, 0x21, 0x10, 0x10, 0x21,
  0x10, 0x10, 0x21, 0x10, 0x10, 0x21, 0x10, 0x10, 0x21, 0x10, 0x10, 0x21,
  0x10, 0x10, 0x21, 0x10, 0x10, 0x21, 0x10, 0x10, 0x21, 0x10, 0x10, 0x21,
  0x10, 0x10, 0x21, 0x10, 0x10, 0x21, 0x10, 0x10, 0x21, 0x10, 0x10, 0x21,
  0x10, 0x10, 0x21, 0x10, 0x10, 0x21, 0x10, 0x10, 0x21, 0x10, 0x10, 0x21,
  0x10, 0x10, 0x21, 0x10, 0x10, 0x21, 0x10, 0x10, 0x21, 0x10, 0x10, 0x21,
  0x10, 0x10, 0x21, 0x10, 0x10, 0x21, 0x10, 0x10, 0x21, 0x10, 0x10, 0x21,
  0x10, 0x10, 0x21, 0x10, 0x10, 0x21, 0x10, 0x10, 0x21, 0x10, 0x10, 0x21,
  0x10, 0x10, 0x21, 0x10, 0x10, 0x21, 0x10, 0x10, 0x21, 0x10, 0x10, 0x21,
  0x10, 0x10, 0x21, 0x10, 0x10, 0x21, 0x10, 0x10, 0x21, 0x10, 0x10, 0x21,
  0x10, 0x10, 0x21, 0x10, 0x10, 0x21, 0x10, 0x10, 0x21, 0x10, 0x10, 0x21,
  0x10, 0x10, 0x21, 0x10, 0x10, 0x21, 0x10, 0x10, 0x21, 0x10, 0x10, 0x21,
  0x10, 0x10, 0x21, 0x10, 0x10, 0x21, 0x10, 0x10, 0x21, 0x10, 0x10, 0x21,
  0x10, 0x10, 0x21, 0x10, 0x10, 0x21, 0x10, 0x10, 0x21, 0x10, 0x10, 0x21,
  0x10, 0x10, 0x21, 0x10, 0x10, 0x21, 0x10, 0x10, 0x21, 0x10, 0x10, 0x21,
  0x10, 0x10, 0x21, 0x10, 0x10, 0x21, 0x10, 0x10, 0x21, 0x10, 0x10, 0x21,
  0x10, 0x10, 0x21, 0x10, 0x10, 0x21, 0x10, 0x10, 0x21, 0x10, 0x10, 0x21,
  0x00, 0x00, 0x00, 0x00, 0x00, 0x00, 0x00, 0x00, 0x00, 0x00, 0x00, 0x00,
  0x00, 0x00, 0x00, 0x00, 0x00, 0x00, 0x00, 0x00, 0x00, 0x21, 0x21, 0x31,
  0x21, 0x21, 0x31, 0x21, 0x21, 0x31, 0x21, 0x21, 0x31, 0x21, 0x21, 0x31,
  0x21, 0x21, 0x31, 0x21, 0x21, 0x31, 0x21, 0x21, 0x31, 0x52, 0x52, 0x63,
  0x73, 0x73, 0x84, 0x52, 0x52, 0x63, 0x10, 0x10, 0x21, 0x10, 0x10, 0x21,
  0x10, 0x10, 0x21, 0x10, 0x10, 0x21, 0x10, 0x10, 0x21, 0x10, 0x10, 0x21,
  0x10, 0x10, 0x21, 0x10, 0x10, 0x21, 0x10, 0x10, 0x21, 0x10, 0x10, 0x21,
  0x10, 0x10, 0x21, 0x10, 0x10, 0x21, 0x10, 0x10, 0x21, 0x10, 0x10, 0x21,
  0x10, 0x10, 0x21, 0x10, 0x10, 0x21, 0x10, 0x10, 0x21, 0x10, 0x10, 0x21,
  0x10, 0x10, 0x21, 0x10, 0x10, 0x21, 0x10, 0x10, 0x21, 0x10, 0x10, 0x21,
  0x10, 0x10, 0x21, 0x10, 0x10, 0x21, 0x10, 0x10, 0x21, 0x10, 0x10, 0x21,
  0x10, 0x10, 0x21, 0x10, 0x10, 0x21, 0x10, 0x10, 0x21, 0x10, 0x10, 0x21,
  0x10, 0x10, 0x21, 0x10, 0x10, 0x21, 0x10, 0x10, 0x21, 0x10, 0x10, 0x21,
  0x10, 0x10, 0x21, 0x10, 0x10, 0x21, 0x10, 0x10, 0x21, 0x10, 0x10, 0x21,
  0x10, 0x10, 0x21, 0x10, 0x10, 0x21, 0x10, 0x10, 0x21, 0x10, 0x10, 0x21,
  0x10, 0x10, 0x21, 0x10, 0x10, 0x21, 0x10, 0x10, 0x21, 0x10, 0x10, 0x21,
  0x10, 0x10, 0x21, 0x10, 0x10, 0x21, 0x10, 0x10, 0x21, 0x10, 0x10, 0x21,
  0x10, 0x10, 0x21, 0x10, 0x10, 0x21, 0x10, 0x10, 0x21, 0x10, 0x10, 0x21,
  0x10, 0x10, 0x21, 0x10, 0x10, 0x21, 0x10, 0x10, 0x21, 0x10, 0x10, 0x21,
  0x10, 0x10, 0x21, 0x10, 0x10, 0x21, 0x10, 0x10, 0x21, 0x10, 0x10, 0x21,
  0x10, 0x10, 0x21, 0x10, 0x10, 0x21, 0x10, 0x10, 0x21, 0x10, 0x10, 0x21,
  0x10, 0x10, 0x21, 0x10, 0x10, 0x21, 0x10, 0x10, 0x21, 0x10, 0x10, 0x21,
  0x10, 0x10, 0x21, 0x10, 0x10, 0x21, 0x10, 0x10, 0x21, 0x10, 0x10, 0x21,
  0x10, 0x10, 0x21, 0x10, 0x10, 0x21, 0x10, 0x10, 0x21, 0x10, 0x10, 0x21
};
unsigned int dash_tex_raw_len = 49152;
