unsigned char sky_tex_raw[] = {
  0x52, 0x9c, 0xf7, 0x52, 0x9c, 0xf7, 0x52, 0x9c, 0xf7, 0x52, 0x9c, 0xf7,
  0x52, 0x9c, 0xf7, 0x52, 0x9c, 0xf7, 0x52, 0x9c, 0xf7, 0x52, 0x9c, 0xf7,
  0x52, 0x9c, 0xf7, 0x52, 0x9c, 0xf7, 0x52, 0x9c, 0xf7, 0x52, 0x9c, 0xf7,
  0x52, 0x9c, 0xf7, 0x52, 0x9c, 0xf7, 0x52, 0x9c, 0xf7, 0x52, 0x9c, 0xf7,
  0x52, 0x9c, 0xf7, 0x52, 0x9c, 0xf7, 0x52, 0x9c, 0xf7, 0x52, 0x9c, 0xf7,
  0x52, 0x9c, 0xf7, 0x52, 0x9c, 0xf7, 0x52, 0x9c, 0xf7, 0x52, 0x9c, 0xf7,
  0x52, 0x9c, 0xf7, 0x52, 0x9c, 0xf7, 0x52, 0x9c, 0xf7, 0x52, 0x9c, 0xf7,
  0x52, 0x9c, 0xf7, 0x52, 0x9c, 0xf7, 0x52, 0x9c, 0xf7, 0x52, 0x9c, 0xf7,
  0x52, 0x9c, 0xf7, 0x52, 0x9c, 0xf7, 0x52, 0x9c, 0xf7, 0x52, 0x9c, 0xf7,
  0x52, 0x9c, 0xf7, 0x52, 0x9c, 0xf7, 0x52, 0x9c, 0xf7, 0x52, 0x9c, 0xf7,
  0x52, 0x9c, 0xf7, 0x52, 0x9c, 0xf7, 0x52, 0x9c, 0xf7, 0x52, 0x9c, 0xf7,
  0x52, 0x9c, 0xf7, 0x52, 0x9c, 0xf7, 0x52, 0x9c, 0xf7, 0x52, 0x9c, 0xf7,
  0x52, 0x9c, 0xf7, 0x52, 0x9c, 0xf7, 0x52, 0x9c, 0xf7, 0x52, 0x9c, 0xf7,
  0x52, 0x9c, 0xf7, 0x52, 0x9c, 0xf7, 0x52, 0x9c, 0xf7, 0x52, 0x9c, 0xf7,
  0x52, 0x9c, 0xf7, 0x52, 0x9c, 0xf7, 0x52, 0x9c, 0xf7, 0x52, 0x9c, 0xf7,
  0x52, 0x9c, 0xf7, 0x52, 0x9c, 0xf7, 0x52, 0x9c, 0xf7, 0x52, 0x9c, 0xf7,
  0x52, 0x9c, 0xf7, 0x52, 0x9c, 0xf7, 0x52, 0x9c, 0xf7, 0x52, 0x9c, 0xf7,
  0x52, 0x9c, 0xf7, 0x52, 0x9c, 0xf7, 0x52, 0x9c, 0xf7, 0x52, 0x9c, 0xf7,
  0x52, 0x9c, 0xf7, 0x52, 0x9c, 0xf7, 0x52, 0x9c, 0xf7, 0x52, 0x9c, 0xf7,
  0x52, 0x9c, 0xf7, 0x52, 0x9c, 0xf7, 0x52, 0x9c, 0xf7, 0x52, 0x9c, 0xf7,
  0x52, 0x9c, 0xf7, 0x52, 0x9c, 0xf7, 0x52, 0x9c, 0xf7, 0x52, 0x9c, 0xf7,
  0x52, 0x9c, 0xf7, 0x52, 0x9c, 0xf7, 0x52, 0x9c, 0xf7, 0x52, 0x9c, 0xf7,
  0x52, 0x9c, 0xf7, 0x52, 0x9c, 0xf7, 0x52, 0x9c, 0xf7, 0x52, 0x9c, 0xf7,
  0x52, 0x9c, 0xf7, 0x52, 0x9c, 0xf7, 0x52, 0x9c, 0xf7, 0x52, 0x9c, 0xf7,
  0x52, 0x9c, 0xf7, 0x52, 0x9c, 0xf7, 0x52, 0x9c, 0xf7, 0x52, 0x9c, 0xf7,
  0x52, 0x9c, 0xf7, 0x52, 0x9c, 0xf7, 0x52, 0x9c, 0xf7, 0x52, 0x9c, 0xf7,
  0x52, 0x9c, 0xf7, 0x52, 0x9c, 0xf7, 0x52, 0x9c, 0xf7, 0x52, 0x9c, 0xf7,
  0x52, 0x9c, 0xf7, 0x52, 0x9c, 0xf7, 0x52, 0x9c, 0xf7, 0x52, 0x9c, 0xf7,
  0x52, 0x9c, 0xf7, 0x52, 0x9c, 0xf7, 0x52, 0x9c, 0xf7, 0x52, 0x9c, 0xf7,
  0x52, 0x9c, 0xf7, 0x52, 0x9c, 0xf7, 0x52, 0x9c, 0xf7, 0x52, 0x9c, 0xf7,
  0x52, 0x9c, 0xf7, 0x52, 0x9c, 0xf7, 0x52, 0x9c, 0xf7, 0x52, 0x9c, 0xf7,
  0x52, 0x9c, 0xf7, 0x52, 0x9c, 0xf7, 0x52, 0x9c, 0xf7, 0x52, 0x9c, 0xf7,
  0x52, 0x9c, 0xf7, 0x52, 0x9c, 0xf7, 0x52, 0x9c, 0xf7, 0x52, 0x9c, 0xf7,
  0x52, 0x9c, 0xf7, 0x52, 0x9c, 0xf7, 0x52, 0x9c, 0xf7, 0x52, 0x9c, 0xf7,
  0x52, 0x9c, 0xf7, 0x52, 0x9c, 0xf7, 0x52, 0x9c, 0xf7, 0x52, 0x9c, 0xf7,
  0x52, 0x9c, 0xf7, 0x52, 0x9c, 0xf7, 0x52, 0x9c, 0xf7, 0x52, 0x9c, 0xf7,
  0x52, 0x9c, 0xf7, 0x52, 0x9c, 0xf7, 0x52, 0x9c, 0xf7, 0x52, 0x9c, 0xf7,
  0x52, 0x9c, 0xf7, 0x52, 0x9c, 0xf7, 0x52, 0x9c, 0xf7, 0x52, 0x9c, 0xf7,
  0x52, 0x9c, 0xf7, 0x52, 0x9c, 0xf7, 0x52, 0x9c, 0xf7, 0x52, 0x9c, 0xf7,
  0x52, 0x9c, 0xf7, 0x52, 0x9c, 0xf7, 0x52, 0x9c, 0xf7, 0x52, 0x9c, 0xf7,
  0x52, 0x9c, 0xf7, 0x52, 0x9c, 0xf7, 0x52, 0x9c, 0xf7, 0x52, 0x9c, 0xf7,
  0x52, 0x9c, 0xf7, 0x52, 0x9c, 0xf7, 0x52, 0x9c, 0xf7, 0x52, 0x9c, 0xf7,
  0x52, 0x9c, 0xf7, 0x52, 0x9c, 0xf7, 0x52, 0x9c, 0xf7, 0x52, 0x9c, 0xf7,
  0x52, 0x9c, 0xf7, 0x52, 0x9c, 0xf7, 0x52, 0x9c, 0xf7, 0x52, 0x9c, 0xf7,
  0x52, 0x9c, 0xf7, 0x52, 0x9c, 0xf7, 0x52, 0x9c, 0xf7, 0x52, 0x9c, 0xf7,
  0x52, 0x9c, 0xf7, 0x52, 0x9c, 0xf7, 0x52, 0x9c, 0xf7, 0x52, 0x9c, 0xf7,
  0x52, 0x9c, 0xf7, 0x52, 0x9c, 0xf7, 0x52, 0x9c, 0xf7, 0x52, 0x9c, 0xf7,
  0x52, 0x9c, 0xf7, 0x52, 0x9c, 0xf7, 0x52, 0x9c, 0xf7, 0x52, 0x9c, 0xf7,
  0x52, 0x9c, 0xf7, 0x52, 0x9c, 0xf7, 0x52, 0x9c, 0xf7, 0x52, 0x9c, 0xf7,
  0x52, 0x9c, 0xf7, 0x52, 0x9c, 0xf7, 0x52, 0x9c, 0xf7, 0x52, 0x9c, 0xf7,
  0x52, 0x9c, 0xf7, 0x52, 0x9c, 0xf7, 0x52, 0x9c, 0xf7, 0x52, 0x9c, 0xf7,
  0x52, 0x9c, 0xf7, 0x52, 0x9c, 0xf7, 0x52, 0x9c, 0xf7, 0x52, 0x9c, 0xf7,
  0x52, 0x9c, 0xf7, 0x52, 0x9c, 0xf7, 0x52, 0x9c, 0xf7, 0x52, 0x9c, 0xf7,
  0x52, 0x9c, 0xf7, 0x52, 0x9c, 0xf7, 0x52, 0x9c, 0xf7, 0x52, 0x9c, 0xf7,
  0x52, 0x9c, 0xf7, 0x52, 0x9c, 0xf7, 0x52, 0x9c, 0xf7, 0x52, 0x9c, 0xf7,
  0x52, 0x9c, 0xf7, 0x52, 0x9c, 0xf7, 0x52, 0x9c, 0xf7, 0x52, 0x9c, 0xf7,
  0x52, 0x9c, 0xf7, 0x52, 0x9c, 0xf7, 0x52, 0x9c, 0xf7, 0x52, 0x9c, 0xf7,
  0x52, 0x9c, 0xf7, 0x52, 0x9c, 0xf7, 0x52, 0x9c, 0xf7, 0x52, 0x9c, 0xf7,
  0x52, 0x9c, 0xf7, 0x52, 0x9c, 0xf7, 0x52, 0x9c, 0xf7, 0x52, 0x9c, 0xf7,
  0x52, 0x9c, 0xf7, 0x52, 0x9c, 0xf7, 0x52, 0x9c, 0xf7, 0x52, 0x9c, 0xf7,
  0x52, 0x9c, 0xf7, 0x52, 0x9c, 0xf7, 0x52, 0x9c, 0xf7, 0x52, 0x9c, 0xf7,
  0x52, 0x9c, 0xf7, 0x52, 0x9c, 0xf7, 0x52, 0x9c, 0xf7, 0x52, 0x9c, 0xf7,
  0x52, 0x9c, 0xf7, 0x52, 0x9c, 0xf7, 0x52, 0x9c, 0xf7, 0x52, 0x9c, 0xf7,
  0x52, 0x9c, 0xf7, 0x52, 0x9c, 0xf7, 0x52, 0x9c, 0xf7, 0x52, 0x9c, 0xf7,
  0x52, 0x9c, 0xf7, 0x52, 0x9c, 0xf7, 0x52, 0x9c, 0xf7, 0x52, 0x9c, 0xf7,
  0x52, 0x9c, 0xf7, 0x52, 0x9c, 0xf7, 0x52, 0x9c, 0xf7, 0x52, 0x9c, 0xf7,
  0x52, 0x9c, 0xf7, 0x52, 0x9c, 0xf7, 0x52, 0x9c, 0xf7, 0x52, 0x9c, 0xf7,
  0x52, 0x9c, 0xf7, 0x52, 0x9c, 0xf7, 0x52, 0x9c, 0xf7, 0x52, 0x9c, 0xf7,
  0x52, 0x9c, 0xf7, 0x52, 0x9c, 0xf7, 0x52, 0x9c, 0xf7, 0x52, 0x9c, 0xf7,
  0x52, 0x9c, 0xf7, 0x52, 0x9c, 0xf7, 0x52, 0x9c, 0xf7, 0x52, 0x9c, 0xf7,
  0x52, 0x9c, 0xf7, 0x52, 0x9c, 0xf7, 0x52, 0x9c, 0xf7, 0x52, 0x9c, 0xf7,
  0x52, 0x9c, 0xf7, 0x52, 0x9c, 0xf7, 0x52, 0x9c, 0xf7, 0x52, 0x9c, 0xf7,
  0x52, 0x9c, 0xf7, 0x52, 0x9c, 0xf7, 0x52, 0x9c, 0xf7, 0x52, 0x9c, 0xf7,
  0x52, 0x9c, 0xf7, 0x52, 0x9c, 0xf7, 0x52, 0x9c, 0xf7, 0x52, 0x9c, 0xf7,
  0x52, 0x9c, 0xf7, 0x52, 0x9c, 0xf7, 0x52, 0x9c, 0xf7, 0x52, 0x9c, 0xf7,
  0x52, 0x9c, 0xf7, 0x52, 0x9c, 0xf7, 0x52, 0x9c, 0xf7, 0x52, 0x9c, 0xf7,
  0x52, 0x9c, 0xf7, 0x52, 0x9c, 0xf7, 0x52, 0x9c, 0xf7, 0x52, 0x9c, 0xf7,
  0x52, 0x9c, 0xf7, 0x52, 0x9c, 0xf7, 0x52, 0x9c, 0xf7, 0x52, 0x9c, 0xf7,
  0x52, 0x9c, 0xf7, 0x52, 0x9c, 0xf7, 0x52, 0x9c, 0xf7, 0x52, 0x9c, 0xf7,
  0x52, 0x9c, 0xf7, 0x52, 0x9c, 0xf7, 0x52, 0x9c, 0xf7, 0x52, 0x9c, 0xf7,
  0x52, 0x9c, 0xf7, 0x52, 0x9c, 0xf7, 0x52, 0x9c, 0xf7, 0x52, 0x9c, 0xf7,
  0x52, 0x9c, 0xf7, 0x52, 0x9c, 0xf7, 0x52, 0x9c, 0xf7, 0x52, 0x9c, 0xf7,
  0x52, 0x9c, 0xf7, 0x52, 0x9c, 0xf7, 0x52, 0x9c, 0xf7, 0x52, 0x9c, 0xf7,
  0x52, 0x9c, 0xf7, 0x52, 0x9c, 0xf7, 0x52, 0x9c, 0xf7, 0x52, 0x9c, 0xf7,
  0x52, 0x9c, 0xf7, 0x52, 0x9c, 0xf7, 0x52, 0x9c, 0xf7, 0x52, 0x9c, 0xf7,
  0x52, 0x9c, 0xf7, 0x52, 0x9c, 0xf7, 0x52, 0x9c, 0xf7, 0x52, 0x9c, 0xf7,
  0x52, 0x9c, 0xf7, 0x52, 0x9c, 0xf7, 0x52, 0x9c, 0xf7, 0x52, 0x9c, 0xf7,
  0x52, 0x9c, 0xf7, 0x52, 0x9c, 0xf7, 0x52, 0x9c, 0xf7, 0x52, 0x9c, 0xf7,
  0x52, 0x9c, 0xf7, 0x52, 0x9c, 0xf7, 0x52, 0x9c, 0xf7, 0x52, 0x9c, 0xf7,
  0x52, 0x9c, 0xf7, 0x52, 0x9c, 0xf7, 0x52, 0x9c, 0xf7, 0x52, 0x9c, 0xf7,
  0x52, 0x9c, 0xf7, 0x52, 0x9c, 0xf7, 0x52, 0x9c, 0xf7, 0x52, 0x9c, 0xf7,
  0x52, 0x9c, 0xf7, 0x52, 0x9c, 0xf7, 0x52, 0x9c, 0xf7, 0x52, 0x9c, 0xf7,
  0x52, 0x9c, 0xf7, 0x52, 0x9c, 0xf7, 0x52, 0x9c, 0xf7, 0x52, 0x9c, 0xf7,
  0x52, 0x9c, 0xf7, 0x52, 0x9c, 0xf7, 0x52, 0x9c, 0xf7, 0x52, 0x9c, 0xf7,
  0x52, 0x9c, 0xf7, 0x52, 0x9c, 0xf7, 0x52, 0x9c, 0xf7, 0x52, 0x9c, 0xf7,
  0x52, 0x9c, 0xf7, 0x52, 0x9c, 0xf7, 0x52, 0x9c, 0xf7, 0x52, 0x9c, 0xf7,
  0x52, 0x9c, 0xf7, 0x52, 0x9c, 0xf7, 0x52, 0x9c, 0xf7, 0x52, 0x9c, 0xf7,
  0x52, 0x9c, 0xf7, 0x52, 0x9c, 0xf7, 0x52, 0x9c, 0xf7, 0x52, 0x9c, 0xf7,
  0x52, 0x9c, 0xf7, 0x52, 0x9c, 0xf7, 0x52, 0x9c, 0xf7, 0x52, 0x9c, 0xf7,
  0x52, 0x9c, 0xf7, 0x52, 0x9c, 0xf7, 0x52, 0x9c, 0xf7, 0x52, 0x9c, 0xf7,
  0x52, 0x9c, 0xf7, 0x52, 0x9c, 0xf7, 0x52, 0x9c, 0xf7, 0x52, 0x9c, 0xf7,
  0x52, 0x9c, 0xf7, 0x52, 0x9c, 0xf7, 0x52, 0x9c, 0xf7, 0x52, 0x9c, 0xf7,
  0x52, 0x9c, 0xf7, 0x52, 0x9c, 0xf7, 0x52, 0x9c, 0xf7, 0x52, 0x9c, 0xf7,
  0x52, 0x9c, 0xf7, 0x52, 0x9c, 0xf7, 0x52, 0x9c, 0xf7, 0x52, 0x9c, 0xf7,
  0x52, 0x9c, 0xf7, 0x52, 0x9c, 0xf7, 0x52, 0x9c, 0xf7, 0x52, 0x9c, 0xf7,
  0x52, 0x9c, 0xf7, 0x52, 0x9c, 0xf7, 0x52, 0x9c, 0xf7, 0x52, 0x9c, 0xf7,
  0x52, 0x9c, 0xf7, 0x52, 0x9c, 0xf7, 0x52, 0x9c, 0xf7, 0x52, 0x9c, 0xf7,
  0x52, 0x9c, 0xf7, 0x52, 0x9c, 0xf7, 0x52, 0x9c, 0xf7, 0x52, 0x9c, 0xf7,
  0x52, 0x9c, 0xf7, 0x52, 0x9c, 0xf7, 0x52, 0x9c, 0xf7, 0x52, 0x9c, 0xf7,
  0x52, 0x9c, 0xf7, 0x52, 0x9c, 0xf7, 0x52, 0x9c, 0xf7, 0x52, 0x9c, 0xf7,
  0x52, 0x9c, 0xf7, 0x52, 0x9c, 0xf7, 0x52, 0x9c, 0xf7, 0x52, 0x9c, 0xf7,
  0x52, 0x9c, 0xf7, 0x52, 0x9c, 0xf7, 0x52, 0x9c, 0xf7, 0x52, 0x9c, 0xf7,
  0x52, 0x9c, 0xf7, 0x52, 0x9c, 0xf7, 0x52, 0x9c, 0xf7, 0x52, 0x9c, 0xf7,
  0x52, 0x9c, 0xf7, 0x52, 0x9c, 0xf7, 0x52, 0x9c, 0xf7, 0x52, 0x9c, 0xf7,
  0x52, 0x9c, 0xf7, 0x52, 0x9c, 0xf7, 0x52, 0x9c, 0xf7, 0x52, 0x9c, 0xf7,
  0x52, 0x9c, 0xf7, 0x52, 0x9c, 0xf7, 0x52, 0x9c, 0xf7, 0x52, 0x9c, 0xf7,
  0x52, 0x9c, 0xf7, 0x52, 0x9c, 0xf7, 0x52, 0x9c, 0xf7, 0x52, 0x9c, 0xf7,
  0x52, 0x9c, 0xf7, 0x52, 0x9c, 0xf7, 0x52, 0x9c, 0xf7, 0x52, 0x9c, 0xf7,
  0x52, 0x9c, 0xf7, 0x52, 0x9c, 0xf7, 0x52, 0x9c, 0xf7, 0x52, 0x9c, 0xf7,
  0x52, 0x9c, 0xf7, 0x52, 0x9c, 0xf7, 0x52, 0x9c, 0xf7, 0x52, 0x9c, 0xf7,
  0x52, 0x9c, 0xf7, 0x52, 0x9c, 0xf7, 0x52, 0x9c, 0xf7, 0x52, 0x9c, 0xf7,
  0x52, 0x9c, 0xf7, 0x52, 0x9c, 0xf7, 0x52, 0x9c, 0xf7, 0x52, 0x9c, 0xf7,
  0x52, 0x9c, 0xf7, 0x52, 0x9c, 0xf7, 0x52, 0x9c, 0xf7, 0x52, 0x9c, 0xf7,
  0x52, 0x9c, 0xf7, 0x52, 0x9c, 0xf7, 0x52, 0x9c, 0xf7, 0x52, 0x9c, 0xf7,
  0x52, 0x9c, 0xf7, 0x52, 0x9c, 0xf7, 0x52, 0x9c, 0xf7, 0x52, 0x9c, 0xf7,
  0x52, 0x9c, 0xf7, 0x52, 0x9c, 0xf7, 0x52, 0x9c, 0xf7, 0x52, 0x9c, 0xf7,
  0x52, 0x9c, 0xf7, 0x52, 0x9c, 0xf7, 0x52, 0x9c, 0xf7, 0x52, 0x9c, 0xf7,
  0x52, 0x9c, 0xf7, 0x52, 0x9c, 0xf7, 0x52, 0x9c, 0xf7, 0x52, 0x9c, 0xf7,
  0x52, 0x9c, 0xf7, 0x52, 0x9c, 0xf7, 0x52, 0x9c, 0xf7, 0x52, 0x9c, 0xf7,
  0x52, 0x9c, 0xf7, 0x52, 0x9c, 0xf7, 0x52, 0x9c, 0xf7, 0x52, 0x9c, 0xf7,
  0x52, 0x9c, 0xf7, 0x52, 0x9c, 0xf7, 0x52, 0x9c, 0xf7, 0x52, 0x9c, 0xf7,
  0x52, 0x9c, 0xf7, 0x52, 0x9c, 0xf7, 0x52, 0x9c, 0xf7, 0x52, 0x9c, 0xf7,
  0x52, 0x9c, 0xf7, 0x52, 0x9c, 0xf7, 0x52, 0x9c, 0xf7, 0x52, 0x9c, 0xf7,
  0x52, 0x9c, 0xf7, 0x52, 0x9c, 0xf7, 0x52, 0x9c, 0xf7, 0x52, 0x9c, 0xf7,
  0x52, 0x9c, 0xf7, 0x52, 0x9c, 0xf7, 0x52, 0x9c, 0xf7, 0x52, 0x9c, 0xf7,
  0x52, 0x9c, 0xf7, 0x52, 0x9c, 0xf7, 0x52, 0x9c, 0xf7, 0x52, 0x9c, 0xf7,
  0x52, 0x9c, 0xf7, 0x52, 0x9c, 0xf7, 0x52, 0x9c, 0xf7, 0x52, 0x9c, 0xf7,
  0x52, 0x9c, 0xf7, 0x52, 0x9c, 0xf7, 0x52, 0x9c, 0xf7, 0x52, 0x9c, 0xf7,
  0x52, 0x9c, 0xf7, 0x52, 0x9c, 0xf7, 0x52, 0x9c, 0xf7, 0x52, 0x9c, 0xf7,
  0x52, 0x9c, 0xf7, 0x52, 0x9c, 0xf7, 0x52, 0x9c, 0xf7, 0x52, 0x9c, 0xf7,
  0x52, 0x9c, 0xf7, 0x52, 0x9c, 0xf7, 0x52, 0x9c, 0xf7, 0x52, 0x9c, 0xf7,
  0x52, 0x9c, 0xf7, 0x52, 0x9c, 0xf7, 0x52, 0x9c, 0xf7, 0x52, 0x9c, 0xf7,
  0x52, 0x9c, 0xf7, 0x52, 0x9c, 0xf7, 0x52, 0x9c, 0xf7, 0x52, 0x9c, 0xf7,
  0x52, 0x9c, 0xf7, 0x52, 0x9c, 0xf7, 0x52, 0x9c, 0xf7, 0x52, 0x9c, 0xf7,
  0x52, 0x9c, 0xf7, 0x52, 0x9c, 0xf7, 0x52, 0x9c, 0xf7, 0x52, 0x9c, 0xf7,
  0x52, 0x9c, 0xf7, 0x52, 0x9c, 0xf7, 0x52, 0x9c, 0xf7, 0x52, 0x9c, 0xf7,
  0x52, 0x9c, 0xf7, 0x52, 0x9c, 0xf7, 0x52, 0x9c, 0xf7, 0x52, 0x9c, 0xf7,
  0x52, 0x9c, 0xf7, 0x52, 0x9c, 0xf7, 0x52, 0x9c, 0xf7, 0x52, 0x9c, 0xf7,
  0x52, 0x9c, 0xf7, 0x52, 0x9c, 0xf7, 0x52, 0x9c, 0xf7, 0x52, 0x9c, 0xf7,
  0x52, 0x9c, 0xf7, 0x52, 0x9c, 0xf7, 0x52, 0x9c, 0xf7, 0x52, 0x9c, 0xf7,
  0x52, 0x9c, 0xf7, 0x52, 0x9c, 0xf7, 0x52, 0x9c, 0xf7, 0x52, 0x9c, 0xf7,
  0x52, 0x9c, 0xf7, 0x52, 0x9c, 0xf7, 0x52, 0x9c, 0xf7, 0x52, 0x9c, 0xf7,
  0x52, 0x9c, 0xf7, 0x52, 0x9c, 0xf7, 0x52, 0x9c, 0xf7, 0x52, 0x9c, 0xf7,
  0x52, 0x9c, 0xf7, 0x52, 0x9c, 0xf7, 0x52, 0x9c, 0xf7, 0x52, 0x9c, 0xf7,
  0x52, 0x9c, 0xf7, 0x52, 0x9c, 0xf7, 0x52, 0x9c, 0xf7, 0x52, 0x9c, 0xf7,
  0x52, 0x9c, 0xf7, 0x52, 0x9c, 0xf7, 0x52, 0x9c, 0xf7, 0x52, 0x9c, 0xf7,
  0x52, 0x9c, 0xf7, 0x52, 0x9c, 0xf7, 0x52, 0x9c, 0xf7, 0x52, 0x9c, 0xf7,
  0x52, 0x9c, 0xf7, 0x52, 0x9c, 0xf7, 0x52, 0x9c, 0xf7, 0x52, 0x9c, 0xf7,
  0x52, 0x9c, 0xf7, 0x52, 0x9c, 0xf7, 0x52, 0x9c, 0xf7, 0x52, 0x9c, 0xf7,
  0x52, 0x9c, 0xf7, 0x52, 0x9c, 0xf7, 0x52, 0x9c, 0xf7, 0x52, 0x9c, 0xf7,
  0x52, 0x9c, 0xf7, 0x52, 0x9c, 0xf7, 0x52, 0x9c, 0xf7, 0x52, 0x9c, 0xf7,
  0x52, 0x9c, 0xf7, 0x52, 0x9c, 0xf7, 0x52, 0x9c, 0xf7, 0x52, 0x9c, 0xf7,
  0x52, 0x9c, 0xf7, 0x52, 0x9c, 0xf7, 0x52, 0x9c, 0xf7, 0x52, 0x9c, 0xf7,
  0x52, 0x9c, 0xf7, 0x52, 0x9c, 0xf7, 0x52, 0x9c, 0xf7, 0x52, 0x9c, 0xf7,
  0x52, 0x9c, 0xf7, 0x52, 0x9c, 0xf7, 0x52, 0x9c, 0xf7, 0x52, 0x9c, 0xf7,
  0x52, 0x9c, 0xf7, 0x52, 0x9c, 0xf7, 0x52, 0x9c, 0xf7, 0x52, 0x9c, 0xf7,
  0x52, 0x9c, 0xf7, 0x52, 0x9c, 0xf7, 0x52, 0x9c, 0xf7, 0x52, 0x9c, 0xf7,
  0x52, 0x9c, 0xf7, 0x52, 0x9c, 0xf7, 0x52, 0x9c, 0xf7, 0x52, 0x9c, 0xf7,
  0x52, 0x9c, 0xf7, 0x52, 0x9c, 0xf7, 0x52, 0x9c, 0xf7, 0x52, 0x9c, 0xf7,
  0x52, 0x9c, 0xf7, 0x52, 0x9c, 0xf7, 0x52, 0x9c, 0xf7, 0x52, 0x9c, 0xf7,
  0x52, 0x9c, 0xf7, 0x52, 0x9c, 0xf7, 0x52, 0x9c, 0xf7, 0x52, 0x9c, 0xf7,
  0x52, 0x9c, 0xf7, 0x52, 0x9c, 0xf7, 0x52, 0x9c, 0xf7, 0x52, 0x9c, 0xf7,
  0x52, 0x9c, 0xf7, 0x52, 0x9c, 0xf7, 0x52, 0x9c, 0xf7, 0x52, 0x9c, 0xf7,
  0x52, 0x9c, 0xf7, 0x52, 0x9c, 0xf7, 0x52, 0x9c, 0xf7, 0x52, 0x9c, 0xf7,
  0x52, 0x9c, 0xf7, 0x52, 0x9c, 0xf7, 0x52, 0x9c, 0xf7, 0x52, 0x9c, 0xf7,
  0x52, 0x9c, 0xf7, 0x52, 0x9c, 0xf7, 0x52, 0x9c, 0xf7, 0x52, 0x9c, 0xf7,
  0x52, 0x9c, 0xf7, 0x52, 0x9c, 0xf7, 0x52, 0x9c, 0xf7, 0x52, 0x9c, 0xf7,
  0x52, 0x9c, 0xf7, 0x52, 0x9c, 0xf7, 0x52, 0x9c, 0xf7, 0x52, 0x9c, 0xf7,
  0x52, 0x9c, 0xf7, 0x52, 0x9c, 0xf7, 0x52, 0x9c, 0xf7, 0x52, 0x9c, 0xf7,
  0x52, 0x9c, 0xf7, 0x52, 0x9c, 0xf7, 0x52, 0x9c, 0xf7, 0x52, 0x9c, 0xf7,
  0x52, 0x9c, 0xf7, 0x52, 0x9c, 0xf7, 0x52, 0x9c, 0xf7, 0x52, 0x9c, 0xf7,
  0x52, 0x9c, 0xf7, 0x52, 0x9c, 0xf7, 0x52, 0x9c, 0xf7, 0x52, 0x9c, 0xf7,
  0x52, 0x9c, 0xf7, 0x52, 0x9c, 0xf7, 0x52, 0x9c, 0xf7, 0x52, 0x9c, 0xf7,
  0x52, 0x9c, 0xf7, 0x52, 0x9c, 0xf7, 0x52, 0x9c, 0xf7, 0x52, 0x9c, 0xf7,
  0x52, 0x9c, 0xf7, 0x52, 0x9c, 0xf7, 0x52, 0x9c, 0xf7, 0x52, 0x9c, 0xf7,
  0x52, 0x9c, 0xf7, 0x52, 0x9c, 0xf7, 0x52, 0x9c, 0xf7, 0x52, 0x9c, 0xf7,
  0x52, 0x9c, 0xf7, 0x52, 0x9c, 0xf7, 0x52, 0x9c, 0xf7, 0x52, 0x9c, 0xf7,
  0x52, 0x9c, 0xf7, 0x52, 0x9c, 0xf7, 0x52, 0x9c, 0xf7, 0x52, 0x9c, 0xf7,
  0x52, 0x9c, 0xf7, 0x52, 0x9c, 0xf7, 0x52, 0x9c, 0xf7, 0x52, 0x9c, 0xf7,
  0x52, 0x9c, 0xf7, 0x52, 0x9c, 0xf7, 0x52, 0x9c, 0xf7, 0x52, 0x9c, 0xf7,
  0x52, 0x9c, 0xf7, 0x52, 0x9c, 0xf7, 0x52, 0x9c, 0xf7, 0x52, 0x9c, 0xf7,
  0x52, 0x9c, 0xf7, 0x52, 0x9c, 0xf7, 0x52, 0x9c, 0xf7, 0x52, 0x9c, 0xf7,
  0x52, 0x9c, 0xf7, 0x52, 0x9c, 0xf7, 0x52, 0x9c, 0xf7, 0x52, 0x9c, 0xf7,
  0x52, 0x9c, 0xf7, 0x52, 0x9c, 0xf7, 0x52, 0x9c, 0xf7, 0x52, 0x9c, 0xf7,
  0x52, 0x9c, 0xf7, 0x52, 0x9c, 0xf7, 0x52, 0x9c, 0xf7, 0x52, 0x9c, 0xf7,
  0x52, 0x9c, 0xf7, 0x52, 0x9c, 0xf7, 0x52, 0x9c, 0xf7, 0x52, 0x9c, 0xf7,
  0x52, 0x9c, 0xf7, 0x52, 0x9c, 0xf7, 0x52, 0x9c, 0xf7, 0x52, 0x9c, 0xf7,
  0x52, 0x9c, 0xf7, 0x52, 0x9c, 0xf7, 0x52, 0x9c, 0xf7, 0x52, 0x9c, 0xf7,
  0x52, 0x9c, 0xf7, 0x52, 0x9c, 0xf7, 0x52, 0x9c, 0xf7, 0x52, 0x9c, 0xf7,
  0x52, 0x9c, 0xf7, 0x52, 0x9c, 0xf7, 0x52, 0x9c, 0xf7, 0x52, 0x9c, 0xf7,
  0x52, 0x9c, 0xf7, 0x52, 0x9c, 0xf7, 0x52, 0x9c, 0xf7, 0x52, 0x9c, 0xf7,
  0x52, 0x9c, 0xf7, 0x52, 0x9c, 0xf7, 0x52, 0x9c, 0xf7, 0x52, 0x9c, 0xf7,
  0x52, 0x9c, 0xf7, 0x52, 0x9c, 0xf7, 0x52, 0x9c, 0xf7, 0x52, 0x9c, 0xf7,
  0x52, 0x9c, 0xf7, 0x52, 0x9c, 0xf7, 0x52, 0x9c, 0xf7, 0x52, 0x9c, 0xf7,
  0x52, 0x9c, 0xf7, 0x52, 0x9c, 0xf7, 0x52, 0x9c, 0xf7, 0x52, 0x9c, 0xf7,
  0x52, 0x9c, 0xf7, 0x52, 0x9c, 0xf7, 0x52, 0x9c, 0xf7, 0x52, 0x9c, 0xf7,
  0x52, 0x9c, 0xf7, 0x52, 0x9c, 0xf7, 0x52, 0x9c, 0xf7, 0x52, 0x9c, 0xf7,
  0x52, 0x9c, 0xf7, 0x52, 0x9c, 0xf7, 0x52, 0x9c, 0xf7, 0x52, 0x9c, 0xf7,
  0x52, 0x9c, 0xf7, 0x52, 0x9c, 0xf7, 0x52, 0x9c, 0xf7, 0x52, 0x9c, 0xf7,
  0x52, 0x9c, 0xf7, 0x52, 0x9c, 0xf7, 0x52, 0x9c, 0xf7, 0x52, 0x9c, 0xf7,
  0x52, 0x9c, 0xf7, 0x52, 0x9c, 0xf7, 0x52, 0x9c, 0xf7, 0x52, 0x9c, 0xf7,
  0x52, 0x9c, 0xf7, 0x52, 0x9c, 0xf7, 0x52, 0x9c, 0xf7, 0x52, 0x9c, 0xf7,
  0x52, 0x9c, 0xf7, 0x52, 0x9c, 0xf7, 0x52, 0x9c, 0xf7, 0x52, 0x9c, 0xf7,
  0x52, 0x9c, 0xf7, 0x52, 0x9c, 0xf7, 0x52, 0x9c, 0xf7, 0x52, 0x9c, 0xf7,
  0x52, 0x9c, 0xf7, 0x52, 0x9c, 0xf7, 0x52, 0x9c, 0xf7, 0x52, 0x9c, 0xf7,
  0x52, 0x9c, 0xf7, 0x52, 0x9c, 0xf7, 0x52, 0x9c, 0xf7, 0x52, 0x9c, 0xf7,
  0x52, 0x9c, 0xf7, 0x52, 0x9c, 0xf7, 0x52, 0x9c, 0xf7, 0x52, 0x9c, 0xf7,
  0x52, 0x9c, 0xf7, 0x52, 0x9c, 0xf7, 0x52, 0x9c, 0xf7, 0x52, 0x9c, 0xf7,
  0x52, 0x9c, 0xf7, 0x52, 0x9c, 0xf7, 0x52, 0x9c, 0xf7, 0x52, 0x9c, 0xf7,
  0x52, 0x9c, 0xf7, 0x52, 0x9c, 0xf7, 0x52, 0x9c, 0xf7, 0x52, 0x9c, 0xf7,
  0x52, 0x9c, 0xf7, 0x52, 0x9c, 0xf7, 0x52, 0x9c, 0xf7, 0x52, 0x9c, 0xf7,
  0x52, 0x9c, 0xf7, 0x52, 0x9c, 0xf7, 0x52, 0x9c, 0xf7, 0x52, 0x9c, 0xf7,
  0x52, 0x9c, 0xf7, 0x52, 0x9c, 0xf7, 0x52, 0x9c, 0xf7, 0x52, 0x9c, 0xf7,
  0x52, 0x9c, 0xf7, 0x52, 0x9c, 0xf7, 0x52, 0x9c, 0xf7, 0x52, 0x9c, 0xf7,
  0x52, 0x9c, 0xf7, 0x52, 0x9c, 0xf7, 0x52, 0x9c, 0xf7, 0x52, 0x9c, 0xf7,
  0x52, 0x9c, 0xf7, 0x52, 0x9c, 0xf7, 0x52, 0x9c, 0xf7, 0x52, 0x9c, 0xf7,
  0x52, 0x9c, 0xf7, 0x52, 0x9c, 0xf7, 0x52, 0x9c, 0xf7, 0x52, 0x9c, 0xf7,
  0x52, 0x9c, 0xf7, 0x52, 0x9c, 0xf7, 0x52, 0x9c, 0xf7, 0x52, 0x9c, 0xf7,
  0x52, 0x9c, 0xf7, 0x52, 0x9c, 0xf7, 0x52, 0x9c, 0xf7, 0x52, 0x9c, 0xf7,
  0x52, 0x9c, 0xf7, 0x52, 0x9c, 0xf7, 0x52, 0x9c, 0xf7, 0x52, 0x9c, 0xf7,
  0x52, 0x9c, 0xf7, 0x52, 0x9c, 0xf7, 0x52, 0x9c, 0xf7, 0x52, 0x9c, 0xf7,
  0x52, 0x9c, 0xf7, 0x52, 0x9c, 0xf7, 0x52, 0x9c, 0xf7, 0x52, 0x9c, 0xf7,
  0x52, 0x9c, 0xf7, 0x52, 0x9c, 0xf7, 0x52, 0x9c, 0xf7, 0x52, 0x9c, 0xf7,
  0x52, 0x9c, 0xf7, 0x52, 0x9c, 0xf7, 0x52, 0x9c, 0xf7, 0x52, 0x9c, 0xf7,
  0x52, 0x9c, 0xf7, 0x52, 0x9c, 0xf7, 0x52, 0x9c, 0xf7, 0x52, 0x9c, 0xf7,
  0x52, 0x9c, 0xf7, 0x52, 0x9c, 0xf7, 0x52, 0x9c, 0xf7, 0x52, 0x9c, 0xf7,
  0x52, 0x9c, 0xf7, 0x52, 0x9c, 0xf7, 0x52, 0x9c, 0xf7, 0x52, 0x9c, 0xf7,
  0x52, 0x9c, 0xf7, 0x52, 0x9c, 0xf7, 0x52, 0x9c, 0xf7, 0x52, 0x9c, 0xf7,
  0x52, 0x9c, 0xf7, 0x52, 0x9c, 0xf7, 0x52, 0x9c, 0xf7, 0x52, 0x9c, 0xf7,
  0x52, 0x9c, 0xf7, 0x52, 0x9c, 0xf7, 0x52, 0x9c, 0xf7, 0x52, 0x9c, 0xf7,
  0x52, 0x9c, 0xf7, 0x52, 0x9c, 0xf7, 0x52, 0x9c, 0xf7, 0x52, 0x9c, 0xf7,
  0x52, 0x9c, 0xf7, 0x52, 0x9c, 0xf7, 0x52, 0x9c, 0xf7, 0x52, 0x9c, 0xf7,
  0x52, 0x9c, 0xf7, 0x52, 0x9c, 0xf7, 0x52, 0x9c, 0xf7, 0x52, 0x9c, 0xf7,
  0x52, 0x9c, 0xf7, 0x52, 0x9c, 0xf7, 0x52, 0x9c, 0xf7, 0x52, 0x9c, 0xf7,
  0x52, 0x9c, 0xf7, 0x52, 0x9c, 0xf7, 0x52, 0x9c, 0xf7, 0x52, 0x9c, 0xf7,
  0x52, 0x9c, 0xf7, 0x52, 0x9c, 0xf7, 0x52, 0x9c, 0xf7, 0x52, 0x9c, 0xf7,
  0x52, 0x9c, 0xf7, 0x52, 0x9c, 0xf7, 0x52, 0x9c, 0xf7, 0x52, 0x9c, 0xf7,
  0x52, 0x9c, 0xf7, 0x52, 0x9c, 0xf7, 0x52, 0x9c, 0xf7, 0x52, 0x9c, 0xf7,
  0x52, 0x9c, 0xf7, 0x52, 0x9c, 0xf7, 0x52, 0x9c, 0xf7, 0x52, 0x9c, 0xf7,
  0x52, 0x9c, 0xf7, 0x52, 0x9c, 0xf7, 0x52, 0x9c, 0xf7, 0x52, 0x9c, 0xf7,
  0x52, 0x9c, 0xf7, 0x52, 0x9c, 0xf7, 0x52, 0x9c, 0xf7, 0x52, 0x9c, 0xf7,
  0x52, 0x9c, 0xf7, 0x52, 0x9c, 0xf7, 0x52, 0x9c, 0xf7, 0x52, 0x9c, 0xf7,
  0x52, 0x9c, 0xf7, 0x52, 0x9c, 0xf7, 0x52, 0x9c, 0xf7, 0x52, 0x9c, 0xf7,
  0x52, 0x9c, 0xf7, 0x52, 0x9c, 0xf7, 0x52, 0x9c, 0xf7, 0x52, 0x9c, 0xf7,
  0x52, 0x9c, 0xf7, 0x52, 0x9c, 0xf7, 0x52, 0x9c, 0xf7, 0x52, 0x9c, 0xf7,
  0x52, 0x9c, 0xf7, 0x52, 0x9c, 0xf7, 0x52, 0x9c, 0xf7, 0x52, 0x9c, 0xf7,
  0x52, 0x9c, 0xf7, 0x52, 0x9c, 0xf7, 0x52, 0x9c, 0xf7, 0x52, 0x9c, 0xf7,
  0x52, 0x9c, 0xf7, 0x52, 0x9c, 0xf7, 0x52, 0x9c, 0xf7, 0x52, 0x9c, 0xf7,
  0x52, 0x9c, 0xf7, 0x52, 0x9c, 0xf7, 0x52, 0x9c, 0xf7, 0x52, 0x9c, 0xf7,
  0x52, 0x9c, 0xf7, 0x52, 0x9c, 0xf7, 0x52, 0x9c, 0xf7, 0x52, 0x9c, 0xf7,
  0x52, 0x9c, 0xf7, 0x52, 0x9c, 0xf7, 0x52, 0x9c, 0xf7, 0x52, 0x9c, 0xf7,
  0x52, 0x9c, 0xf7, 0x52, 0x9c, 0xf7, 0x52, 0x9c, 0xf7, 0x52, 0x9c, 0xf7,
  0x52, 0x9c, 0xf7, 0x52, 0x9c, 0xf7, 0x52, 0x9c, 0xf7, 0x52, 0x9c, 0xf7,
  0x52, 0x9c, 0xf7, 0x52, 0x9c, 0xf7, 0x52, 0x9c, 0xf7, 0x52, 0x9c, 0xf7,
  0x52, 0x9c, 0xf7, 0x52, 0x9c, 0xf7, 0x52, 0x9c, 0xf7, 0x52, 0x9c, 0xf7,
  0x52, 0x9c, 0xf7, 0x52, 0x9c, 0xf7, 0x52, 0x9c, 0xf7, 0x52, 0x9c, 0xf7,
  0x52, 0x9c, 0xf7, 0x52, 0x9c, 0xf7, 0x52, 0x9c, 0xf7, 0x52, 0x9c, 0xf7,
  0x52, 0x9c, 0xf7, 0x52, 0x9c, 0xf7, 0x52, 0x9c, 0xf7, 0x52, 0x9c, 0xf7,
  0x52, 0x9c, 0xf7, 0x52, 0x9c, 0xf7, 0x52, 0x9c, 0xf7, 0x52, 0x9c, 0xf7,
  0x52, 0x9c, 0xf7, 0x52, 0x9c, 0xf7, 0x52, 0x9c, 0xf7, 0x52, 0x9c, 0xf7,
  0x52, 0x9c, 0xf7, 0x52, 0x9c, 0xf7, 0x52, 0x9c, 0xf7, 0x52, 0x9c, 0xf7,
  0x52, 0x9c, 0xf7, 0x52, 0x9c, 0xf7, 0x52, 0x9c, 0xf7, 0x52, 0x9c, 0xf7,
  0x52, 0x9c, 0xf7, 0x52, 0x9c, 0xf7, 0x52, 0x9c, 0xf7, 0x52, 0x9c, 0xf7,
  0x52, 0x9c, 0xf7, 0x52, 0x9c, 0xf7, 0x52, 0x9c, 0xf7, 0x52, 0x9c, 0xf7,
  0x52, 0x9c, 0xf7, 0x52, 0x9c, 0xf7, 0x52, 0x9c, 0xf7, 0x52, 0x9c, 0xf7,
  0x52, 0x9c, 0xf7, 0x52, 0x9c, 0xf7, 0x52, 0x9c, 0xf7, 0x52, 0x9c, 0xf7,
  0x52, 0x9c, 0xf7, 0x52, 0x9c, 0xf7, 0x52, 0x9c, 0xf7, 0x52, 0x9c, 0xf7,
  0x52, 0x9c, 0xf7, 0x52, 0x9c, 0xf7, 0x52, 0x9c, 0xf7, 0x52, 0x9c, 0xf7,
  0x52, 0x9c, 0xf7, 0x52, 0x9c, 0xf7, 0x52, 0x9c, 0xf7, 0x52, 0x9c, 0xf7,
  0x52, 0x9c, 0xf7, 0x52, 0x9c, 0xf7, 0x52, 0x9c, 0xf7, 0x52, 0x9c, 0xf7,
  0x52, 0x9c, 0xf7, 0x52, 0x9c, 0xf7, 0x52, 0x9c, 0xf7, 0x52, 0x9c, 0xf7,
  0x52, 0x9c, 0xf7, 0x52, 0x9c, 0xf7, 0x52, 0x9c, 0xf7, 0x52, 0x9c, 0xf7,
  0x52, 0x9c, 0xf7, 0x52, 0x9c, 0xf7, 0x52, 0x9c, 0xf7, 0x52, 0x9c, 0xf7,
  0x52, 0x9c, 0xf7, 0x52, 0x9c, 0xf7, 0x52, 0x9c, 0xf7, 0x52, 0x9c, 0xf7,
  0x52, 0x9c, 0xf7, 0x52, 0x9c, 0xf7, 0x52, 0x9c, 0xf7, 0x52, 0x9c, 0xf7,
  0x52, 0x9c, 0xf7, 0x52, 0x9c, 0xf7, 0x52, 0x9c, 0xf7, 0x52, 0x9c, 0xf7,
  0x52, 0x9c, 0xf7, 0x52, 0x9c, 0xf7, 0x52, 0x9c, 0xf7, 0x52, 0x9c, 0xf7,
  0x52, 0x9c, 0xf7, 0x52, 0x9c, 0xf7, 0x52, 0x9c, 0xf7, 0x52, 0x9c, 0xf7,
  0x52, 0x9c, 0xf7, 0x52, 0x9c, 0xf7, 0x52, 0x9c, 0xf7, 0x52, 0x9c, 0xf7,
  0x52, 0x9c, 0xf7, 0x52, 0x9c, 0xf7, 0x52, 0x9c, 0xf7, 0x52, 0x9c, 0xf7,
  0x52, 0x9c, 0xf7, 0x52, 0x9c, 0xf7, 0x52, 0x9c, 0xf7, 0x52, 0x9c, 0xf7,
  0x52, 0x9c, 0xf7, 0x52, 0x9c, 0xf7, 0x52, 0x9c, 0xf7, 0x52, 0x9c, 0xf7,
  0x52, 0x9c, 0xf7, 0x52, 0x9c, 0xf7, 0x52, 0x9c, 0xf7, 0x52, 0x9c, 0xf7,
  0x52, 0x9c, 0xf7, 0x52, 0x9c, 0xf7, 0x52, 0x9c, 0xf7, 0x52, 0x9c, 0xf7,
  0x52, 0x9c, 0xf7, 0x52, 0x9c, 0xf7, 0x52, 0x9c, 0xf7, 0x52, 0x9c, 0xf7,
  0x52, 0x9c, 0xf7, 0x52, 0x9c, 0xf7, 0x52, 0x9c, 0xf7, 0x52, 0x9c, 0xf7,
  0x52, 0x9c, 0xf7, 0x52, 0x9c, 0xf7, 0x52, 0x9c, 0xf7, 0x52, 0x9c, 0xf7,
  0x52, 0x9c, 0xf7, 0x52, 0x9c, 0xf7, 0x52, 0x9c, 0xf7, 0x52, 0x9c, 0xf7,
  0x52, 0x9c, 0xf7, 0x52, 0x9c, 0xf7, 0x52, 0x9c, 0xf7, 0x52, 0x9c, 0xf7,
  0x52, 0x9c, 0xf7, 0x52, 0x9c, 0xf7, 0x52, 0x9c, 0xf7, 0x52, 0x9c, 0xf7,
  0x52, 0x9c, 0xf7, 0x52, 0x9c, 0xf7, 0x52, 0x9c, 0xf7, 0x52, 0x9c, 0xf7,
  0x52, 0x9c, 0xf7, 0x52, 0x9c, 0xf7, 0x52, 0x9c, 0xf7, 0x52, 0x9c, 0xf7,
  0x52, 0x9c, 0xf7, 0x52, 0x9c, 0xf7, 0x52, 0x9c, 0xf7, 0x52, 0x9c, 0xf7,
  0x52, 0x9c, 0xf7, 0x52, 0x9c, 0xf7, 0x52, 0x9c, 0xf7, 0x52, 0x9c, 0xf7,
  0x52, 0x9c, 0xf7, 0x52, 0x9c, 0xf7, 0x52, 0x9c, 0xf7, 0x52, 0x9c, 0xf7,
  0x52, 0x9c, 0xf7, 0x52, 0x9c, 0xf7, 0x52, 0x9c, 0xf7, 0x52, 0x9c, 0xf7,
  0x52, 0x9c, 0xf7, 0x52, 0x9c, 0xf7, 0x52, 0x9c, 0xf7, 0x52, 0x9c, 0xf7,
  0x52, 0x9c, 0xf7, 0x52, 0x9c, 0xf7, 0x52, 0x9c, 0xf7, 0x52, 0x9c, 0xf7,
  0x52, 0x9c, 0xf7, 0x52, 0x9c, 0xf7, 0x52, 0x9c, 0xf7, 0x52, 0x9c, 0xf7,
  0x52, 0x9c, 0xf7, 0x52, 0x9c, 0xf7, 0x52, 0x9c, 0xf7, 0x52, 0x9c, 0xf7,
  0x52, 0x9c, 0xf7, 0x52, 0x9c, 0xf7, 0x52, 0x9c, 0xf7, 0x52, 0x9c, 0xf7,
  0x52, 0x9c, 0xf7, 0x52, 0x9c, 0xf7, 0x52, 0x9c, 0xf7, 0x52, 0x9c, 0xf7,
  0x52, 0x9c, 0xf7, 0x52, 0x9c, 0xf7, 0x52, 0x9c, 0xf7, 0x52, 0x9c, 0xf7,
  0x52, 0x9c, 0xf7, 0x52, 0x9c, 0xf7, 0x52, 0x9c, 0xf7, 0x52, 0x9c, 0xf7,
  0x52, 0x9c, 0xf7, 0x52, 0x9c, 0xf7, 0x52, 0x9c, 0xf7, 0x52, 0x9c, 0xf7,
  0x52, 0x9c, 0xf7, 0x52, 0x9c, 0xf7, 0x52, 0x9c, 0xf7, 0x52, 0x9c, 0xf7,
  0x52, 0x9c, 0xf7, 0x52, 0x9c, 0xf7, 0x52, 0x9c, 0xf7, 0x52, 0x9c, 0xf7,
  0x52, 0x9c, 0xf7, 0x52, 0x9c, 0xf7, 0x52, 0x9c, 0xf7, 0x52, 0x9c, 0xf7,
  0x52, 0x9c, 0xf7, 0x52, 0x9c, 0xf7, 0x52, 0x9c, 0xf7, 0x52, 0x9c, 0xf7,
  0x52, 0x9c, 0xf7, 0x52, 0x9c, 0xf7, 0x52, 0x9c, 0xf7, 0x52, 0x9c, 0xf7,
  0x52, 0x9c, 0xf7, 0x52, 0x9c, 0xf7, 0x52, 0x9c, 0xf7, 0x52, 0x9c, 0xf7,
  0x52, 0x9c, 0xf7, 0x52, 0x9c, 0xf7, 0x52, 0x9c, 0xf7, 0x52, 0x9c, 0xf7,
  0x52, 0x9c, 0xf7, 0x52, 0x9c, 0xf7, 0x52, 0x9c, 0xf7, 0x52, 0x9c, 0xf7,
  0x52, 0x9c, 0xf7, 0x52, 0x9c, 0xf7, 0x52, 0x9c, 0xf7, 0x52, 0x9c, 0xf7,
  0x52, 0x9c, 0xf7, 0x52, 0x9c, 0xf7, 0x52, 0x9c, 0xf7, 0x52, 0x9c, 0xf7,
  0x52, 0x9c, 0xf7, 0x52, 0x9c, 0xf7, 0x52, 0x9c, 0xf7, 0x52, 0x9c, 0xf7,
  0x52, 0x9c, 0xf7, 0x52, 0x9c, 0xf7, 0x52, 0x9c, 0xf7, 0x52, 0x9c, 0xf7,
  0x52, 0x9c, 0xf7, 0x52, 0x9c, 0xf7, 0x52, 0x9c, 0xf7, 0x52, 0x9c, 0xf7,
  0x52, 0x9c, 0xf7, 0x52, 0x9c, 0xf7, 0x52, 0x9c, 0xf7, 0x52, 0x9c, 0xf7,
  0x52, 0x9c, 0xf7, 0x52, 0x9c, 0xf7, 0x52, 0x9c, 0xf7, 0x52, 0x9c, 0xf7,
  0x52, 0x9c, 0xf7, 0x52, 0x9c, 0xf7, 0x52, 0x9c, 0xf7, 0x52, 0x9c, 0xf7,
  0x52, 0x9c, 0xf7, 0x52, 0x9c, 0xf7, 0x52, 0x9c, 0xf7, 0x52, 0x9c, 0xf7,
  0x52, 0x9c, 0xf7, 0x52, 0x9c, 0xf7, 0x52, 0x9c, 0xf7, 0x52, 0x9c, 0xf7,
  0x52, 0x9c, 0xf7, 0x52, 0x9c, 0xf7, 0x52, 0x9c, 0xf7, 0x52, 0x9c, 0xf7,
  0x52, 0x9c, 0xf7, 0x52, 0x9c, 0xf7, 0x52, 0x9c, 0xf7, 0x52, 0x9c, 0xf7,
  0x52, 0x9c, 0xf7, 0x52, 0x9c, 0xf7, 0x52, 0x9c, 0xf7, 0x52, 0x9c, 0xf7,
  0x52, 0x9c, 0xf7, 0x52, 0x9c, 0xf7, 0x52, 0x9c, 0xf7, 0x52, 0x9c, 0xf7,
  0x52, 0x9c, 0xf7, 0x52, 0x9c, 0xf7, 0x52, 0x9c, 0xf7, 0x52, 0x9c, 0xf7,
  0x52, 0x9c, 0xf7, 0x52, 0x9c, 0xf7, 0x52, 0x9c, 0xf7, 0x52, 0x9c, 0xf7,
  0x52, 0x9c, 0xf7, 0x52, 0x9c, 0xf7, 0x52, 0x9c, 0xf7, 0x52, 0x9c, 0xf7,
  0x52, 0x9c, 0xf7, 0x52, 0x9c, 0xf7, 0x52, 0x9c, 0xf7, 0x52, 0x9c, 0xf7,
  0x52, 0x9c, 0xf7, 0x52, 0x9c, 0xf7, 0x52, 0x9c, 0xf7, 0x52, 0x9c, 0xf7,
  0x52, 0x9c, 0xf7, 0x52, 0x9c, 0xf7, 0x52, 0x9c, 0xf7, 0x52, 0x9c, 0xf7,
  0x52, 0x9c, 0xf7, 0x52, 0x9c, 0xf7, 0x52, 0x9c, 0xf7, 0x52, 0x9c, 0xf7,
  0x52, 0x9c, 0xf7, 0x52, 0x9c, 0xf7, 0x52, 0x9c, 0xf7, 0x52, 0x9c, 0xf7,
  0x52, 0x9c, 0xf7, 0x52, 0x9c, 0xf7, 0x52, 0x9c, 0xf7, 0x52, 0x9c, 0xf7,
  0x52, 0x9c, 0xf7, 0x52, 0x9c, 0xf7, 0x52, 0x9c, 0xf7, 0x52, 0x9c, 0xf7,
  0x52, 0x9c, 0xf7, 0x52, 0x9c, 0xf7, 0x52, 0x9c, 0xf7, 0x52, 0x9c, 0xf7,
  0x52, 0x9c, 0xf7, 0x52, 0x9c, 0xf7, 0x52, 0x9c, 0xf7, 0x52, 0x9c, 0xf7,
  0x52, 0x9c, 0xf7, 0x52, 0x9c, 0xf7, 0x52, 0x9c, 0xf7, 0x52, 0x9c, 0xf7,
  0x52, 0x9c, 0xf7, 0x52, 0x9c, 0xf7, 0x52, 0x9c, 0xf7, 0x52, 0x9c, 0xf7,
  0x52, 0x9c, 0xf7, 0x52, 0x9c, 0xf7, 0x52, 0x9c, 0xf7, 0x52, 0x9c, 0xf7,
  0x52, 0x9c, 0xf7, 0x52, 0x9c, 0xf7, 0x52, 0x9c, 0xf7, 0x52, 0x9c, 0xf7,
  0x52, 0x9c, 0xf7, 0x52, 0x9c, 0xf7, 0x52, 0x9c, 0xf7, 0x52, 0x9c, 0xf7,
  0x52, 0x9c, 0xf7, 0x52, 0x9c, 0xf7, 0x52, 0x9c, 0xf7, 0x52, 0x9c, 0xf7,
  0x52, 0x9c, 0xf7, 0x52, 0x9c, 0xf7, 0x52, 0x9c, 0xf7, 0x52, 0x9c, 0xf7,
  0x52, 0x9c, 0xf7, 0x52, 0x9c, 0xf7, 0x52, 0x9c, 0xf7, 0x52, 0x9c, 0xf7,
  0x52, 0x9c, 0xf7, 0x52, 0x9c, 0xf7, 0x52, 0x9c, 0xf7, 0x52, 0x9c, 0xf7,
  0x52, 0x9c, 0xf7, 0x52, 0x9c, 0xf7, 0x52, 0x9c, 0xf7, 0x52, 0x9c, 0xf7,
  0x52, 0x9c, 0xf7, 0x52, 0x9c, 0xf7, 0x52, 0x9c, 0xf7, 0x52, 0x9c, 0xf7,
  0x52, 0x9c, 0xf7, 0x52, 0x9c, 0xf7, 0x52, 0x9c, 0xf7, 0x52, 0x9c, 0xf7,
  0x52, 0x9c, 0xf7, 0x52, 0x9c, 0xf7, 0x52, 0x9c, 0xf7, 0x52, 0x9c, 0xf7,
  0x52, 0x9c, 0xf7, 0x52, 0x9c, 0xf7, 0x52, 0x9c, 0xf7, 0x52, 0x9c, 0xf7,
  0x52, 0x9c, 0xf7, 0x52, 0x9c, 0xf7, 0x52, 0x9c, 0xf7, 0x52, 0x9c, 0xf7,
  0x52, 0x9c, 0xf7, 0x52, 0x9c, 0xf7, 0x52, 0x9c, 0xf7, 0x52, 0x9c, 0xf7,
  0x52, 0x9c, 0xf7, 0x52, 0x9c, 0xf7, 0x52, 0x9c, 0xf7, 0x52, 0x9c, 0xf7,
  0x52, 0x9c, 0xf7, 0x52, 0x9c, 0xf7, 0x52, 0x9c, 0xf7, 0x52, 0x9c, 0xf7,
  0x52, 0x9c, 0xf7, 0x52, 0x9c, 0xf7, 0x52, 0x9c, 0xf7, 0x52, 0x9c, 0xf7,
  0x52, 0x9c, 0xf7, 0x52, 0x9c, 0xf7, 0x52, 0x9c, 0xf7, 0x52, 0x9c, 0xf7,
  0x52, 0x9c, 0xf7, 0x52, 0x9c, 0xf7, 0x52, 0x9c, 0xf7, 0x52, 0x9c, 0xf7,
  0x52, 0x9c, 0xf7, 0x52, 0x9c, 0xf7, 0x52, 0x9c, 0xf7, 0x52, 0x9c, 0xf7,
  0x52, 0x9c, 0xf7, 0x52, 0x9c, 0xf7, 0x52, 0x9c, 0xf7, 0x52, 0x9c, 0xf7,
  0x52, 0x9c, 0xf7, 0x52, 0x9c, 0xf7, 0x52, 0x9c, 0xf7, 0x52, 0x9c, 0xf7,
  0x52, 0x9c, 0xf7, 0x52, 0x9c, 0xf7, 0x52, 0x9c, 0xf7, 0x52, 0x9c, 0xf7,
  0x52, 0x9c, 0xf7, 0x52, 0x9c, 0xf7, 0x52, 0x9c, 0xf7, 0x52, 0x9c, 0xf7,
  0x52, 0x9c, 0xf7, 0x52, 0x9c, 0xf7, 0x52, 0x9c, 0xf7, 0x52, 0x9c, 0xf7,
  0x52, 0x9c, 0xf7, 0x52, 0x9c, 0xf7, 0x52, 0x9c, 0xf7, 0x52, 0x9c, 0xf7,
  0x52, 0x9c, 0xf7, 0x52, 0x9c, 0xf7, 0x52, 0x9c, 0xf7, 0x52, 0x9c, 0xf7,
  0x52, 0x9c, 0xf7, 0x52, 0x9c, 0xf7, 0x52, 0x9c, 0xf7, 0x52, 0x9c, 0xf7,
  0x52, 0x9c, 0xf7, 0x52, 0x9c, 0xf7, 0x52, 0x9c, 0xf7, 0x52, 0x9c, 0xf7,
  0x52, 0x9c, 0xf7, 0x52, 0x9c, 0xf7, 0x52, 0x9c, 0xf7, 0x52, 0x9c, 0xf7,
  0x52, 0x9c, 0xf7, 0x52, 0x9c, 0xf7, 0x52, 0x9c, 0xf7, 0x52, 0x9c, 0xf7,
  0x52, 0x9c, 0xf7, 0x52, 0x9c, 0xf7, 0x52, 0x9c, 0xf7, 0x52, 0x9c, 0xf7,
  0x52, 0x9c, 0xf7, 0x52, 0x9c, 0xf7, 0x52, 0x9c, 0xf7, 0x52, 0x9c, 0xf7,
  0x52, 0x9c, 0xf7, 0x52, 0x9c, 0xf7, 0x52, 0x9c, 0xf7, 0x52, 0x9c, 0xf7,
  0x52, 0x9c, 0xf7, 0x52, 0x9c, 0xf7, 0x52, 0x9c, 0xf7, 0x52, 0x9c, 0xf7,
  0x52, 0x9c, 0xf7, 0x52, 0x9c, 0xf7, 0x52, 0x9c, 0xf7, 0x52, 0x9c, 0xf7,
  0x52, 0x9c, 0xf7, 0x52, 0x9c, 0xf7, 0x52, 0x9c, 0xf7, 0x52, 0x9c, 0xf7,
  0x52, 0x9c, 0xf7, 0x52, 0x9c, 0xf7, 0x52, 0x9c, 0xf7, 0x52, 0x9c, 0xf7,
  0x52, 0x9c, 0xf7, 0x52, 0x9c, 0xf7, 0x52, 0x9c, 0xf7, 0x52, 0x9c, 0xf7,
  0x52, 0x9c, 0xf7, 0x52, 0x9c, 0xf7, 0x52, 0x9c, 0xf7, 0x52, 0x9c, 0xf7,
  0x52, 0x9c, 0xf7, 0x52, 0x9c, 0xf7, 0x52, 0x9c, 0xf7, 0x52, 0x9c, 0xf7,
  0x52, 0x9c, 0xf7, 0x52, 0x9c, 0xf7, 0x52, 0x9c, 0xf7, 0x52, 0x9c, 0xf7,
  0x52, 0x9c, 0xf7, 0x52, 0x9c, 0xf7, 0x52, 0x9c, 0xf7, 0x52, 0x9c, 0xf7,
  0x52, 0x9c, 0xf7, 0x52, 0x9c, 0xf7, 0x52, 0x9c, 0xf7, 0x52, 0x9c, 0xf7,
  0x52, 0x9c, 0xf7, 0x52, 0x9c, 0xf7, 0x52, 0x9c, 0xf7, 0x52, 0x9c, 0xf7,
  0x52, 0x9c, 0xf7, 0x52, 0x9c, 0xf7, 0x52, 0x9c, 0xf7, 0x52, 0x9c, 0xf7,
  0x52, 0x9c, 0xf7, 0x52, 0x9c, 0xf7, 0x52, 0x9c, 0xf7, 0x52, 0x9c, 0xf7,
  0x52, 0x9c, 0xf7, 0x52, 0x9c, 0xf7, 0x52, 0x9c, 0xf7, 0x52, 0x9c, 0xf7,
  0x52, 0x9c, 0xf7, 0x52, 0x9c, 0xf7, 0x52, 0x9c, 0xf7, 0x52, 0x9c, 0xf7,
  0x52, 0x9c, 0xf7, 0x52, 0x9c, 0xf7, 0x52, 0x9c, 0xf7, 0x52, 0x9c, 0xf7,
  0x52, 0x9c, 0xf7, 0x52, 0x9c, 0xf7, 0x52, 0x9c, 0xf7, 0x52, 0x9c, 0xf7,
  0x52, 0x9c, 0xf7, 0x52, 0x9c, 0xf7, 0x52, 0x9c, 0xf7, 0x52, 0x9c, 0xf7,
  0x52, 0x9c, 0xf7, 0x52, 0x9c, 0xf7, 0x52, 0x9c, 0xf7, 0x52, 0x9c, 0xf7,
  0x52, 0x9c, 0xf7, 0x52, 0x9c, 0xf7, 0x52, 0x9c, 0xf7, 0x52, 0x9c, 0xf7,
  0x52, 0x9c, 0xf7, 0x52, 0x9c, 0xf7, 0x52, 0x9c, 0xf7, 0x52, 0x9c, 0xf7,
  0x52, 0x9c, 0xf7, 0x52, 0x9c, 0xf7, 0x52, 0x9c, 0xf7, 0x52, 0x9c, 0xf7,
  0x52, 0x9c, 0xf7, 0x52, 0x9c, 0xf7, 0x52, 0x9c, 0xf7, 0x52, 0x9c, 0xf7,
  0x52, 0x9c, 0xf7, 0x52, 0x9c, 0xf7, 0x52, 0x9c, 0xf7, 0x52, 0x9c, 0xf7,
  0x52, 0x9c, 0xf7, 0x52, 0x9c, 0xf7, 0x52, 0x9c, 0xf7, 0x52, 0x9c, 0xf7,
  0x52, 0x9c, 0xf7, 0x52, 0x9c, 0xf7, 0x52, 0x9c, 0xf7, 0x52, 0x9c, 0xf7,
  0x52, 0x9c, 0xf7, 0x52, 0x9c, 0xf7, 0x52, 0x9c, 0xf7, 0x52, 0x9c, 0xf7,
  0x52, 0x9c, 0xf7, 0x52, 0x9c, 0xf7, 0x52, 0x9c, 0xf7, 0x52, 0x9c, 0xf7,
  0x52, 0x9c, 0xf7, 0x52, 0x9c, 0xf7, 0x52, 0x9c, 0xf7, 0x52, 0x9c, 0xf7,
  0x52, 0x9c, 0xf7, 0x52, 0x9c, 0xf7, 0x52, 0x9c, 0xf7, 0x52, 0x9c, 0xf7,
  0x52, 0x9c, 0xf7, 0x52, 0x9c, 0xf7, 0x52, 0x9c, 0xf7, 0x52, 0x9c, 0xf7,
  0x52, 0x9c, 0xf7, 0x52, 0x9c, 0xf7, 0x52, 0x9c, 0xf7, 0x52, 0x9c, 0xf7,
  0x52, 0x9c, 0xf7, 0x52, 0x9c, 0xf7, 0x52, 0x9c, 0xf7, 0x52, 0x9c, 0xf7,
  0x52, 0x9c, 0xf7, 0x52, 0x9c, 0xf7, 0x52, 0x9c, 0xf7, 0x52, 0x9c, 0xf7,
  0x52, 0x9c, 0xf7, 0x52, 0x9c, 0xf7, 0x52, 0x9c, 0xf7, 0x52, 0x9c, 0xf7,
  0x52, 0x9c, 0xf7, 0x52, 0x9c, 0xf7, 0x52, 0x9c, 0xf7, 0x52, 0x9c, 0xf7,
  0x52, 0x9c, 0xf7, 0x52, 0x9c, 0xf7, 0x52, 0x9c, 0xf7, 0x52, 0x9c, 0xf7,
  0x52, 0x9c, 0xf7, 0x52, 0x9c, 0xf7, 0x52, 0x9c, 0xf7, 0x52, 0x9c, 0xf7,
  0x52, 0x9c, 0xf7, 0x52, 0x9c, 0xf7, 0x52, 0x9c, 0xf7, 0x52, 0x9c, 0xf7,
  0x52, 0x9c, 0xf7, 0x52, 0x9c, 0xf7, 0x52, 0x9c, 0xf7, 0x52, 0x9c, 0xf7,
  0x52, 0x9c, 0xf7, 0x52, 0x9c, 0xf7, 0x52, 0x9c, 0xf7, 0x52, 0x9c, 0xf7,
  0x52, 0x9c, 0xf7, 0x52, 0x9c, 0xf7, 0x52, 0x9c, 0xf7, 0x52, 0x9c, 0xf7,
  0x52, 0x9c, 0xf7, 0x52, 0x9c, 0xf7, 0x52, 0x9c, 0xf7, 0x52, 0x9c, 0xf7,
  0x52, 0x9c, 0xf7, 0x52, 0x9c, 0xf7, 0x52, 0x9c, 0xf7, 0x52, 0x9c, 0xf7,
  0x52, 0x9c, 0xf7, 0x52, 0x9c, 0xf7, 0x52, 0x9c, 0xf7, 0x52, 0x9c, 0xf7,
  0x52, 0x9c, 0xf7, 0x52, 0x9c, 0xf7, 0x52, 0x9c, 0xf7, 0x52, 0x9c, 0xf7,
  0x52, 0x9c, 0xf7, 0x52, 0x9c, 0xf7, 0x52, 0x9c, 0xf7, 0x52, 0x9c, 0xf7,
  0x52, 0x9c, 0xf7, 0x52, 0x9c, 0xf7, 0x52, 0x9c, 0xf7, 0x52, 0x9c, 0xf7,
  0x52, 0x9c, 0xf7, 0x52, 0x9c, 0xf7, 0x52, 0x9c, 0xf7, 0x52, 0x9c, 0xf7,
  0x52, 0x9c, 0xf7, 0x52, 0x9c, 0xf7, 0x52, 0x9c, 0xf7, 0x52, 0x9c, 0xf7,
  0x52, 0x9c, 0xf7, 0x52, 0x9c, 0xf7, 0x52, 0x9c, 0xf7, 0x52, 0x9c, 0xf7,
  0x52, 0x9c, 0xf7, 0x52, 0x9c, 0xf7, 0x52, 0x9c, 0xf7, 0x52, 0x9c, 0xf7,
  0x52, 0x9c, 0xf7, 0x52, 0x9c, 0xf7, 0x52, 0x9c, 0xf7, 0x52, 0x9c, 0xf7,
  0x52, 0x9c, 0xf7, 0x52, 0x9c, 0xf7, 0x52, 0x9c, 0xf7, 0x52, 0x9c, 0xf7,
  0x52, 0x9c, 0xf7, 0x52, 0x9c, 0xf7, 0x52, 0x9c, 0xf7, 0x52, 0x9c, 0xf7,
  0x52, 0x9c, 0xf7, 0x52, 0x9c, 0xf7, 0x52, 0x9c, 0xf7, 0x52, 0x9c, 0xf7,
  0x52, 0x9c, 0xf7, 0x52, 0x9c, 0xf7, 0x52, 0x9c, 0xf7, 0x52, 0x9c, 0xf7,
  0x52, 0x9c, 0xf7, 0x52, 0x9c, 0xf7, 0x52, 0x9c, 0xf7, 0x52, 0x9c, 0xf7,
  0x52, 0x9c, 0xf7, 0x52, 0x9c, 0xf7, 0x52, 0x9c, 0xf7, 0x52, 0x9c, 0xf7,
  0x52, 0x9c, 0xf7, 0x52, 0x9c, 0xf7, 0x52, 0x9c, 0xf7, 0x52, 0x9c, 0xf7,
  0x52, 0x9c, 0xf7, 0x52, 0x9c, 0xf7, 0x52, 0x9c, 0xf7, 0x52, 0x9c, 0xf7,
  0x52, 0x9c, 0xf7, 0x52, 0x9c, 0xf7, 0x52, 0x9c, 0xf7, 0x52, 0x9c, 0xf7,
  0x52, 0x9c, 0xf7, 0x52, 0x9c, 0xf7, 0x52, 0x9c, 0xf7, 0x52, 0x9c, 0xf7,
  0x52, 0x9c, 0xf7, 0x52, 0x9c, 0xf7, 0x52, 0x9c, 0xf7, 0x52, 0x9c, 0xf7,
  0x52, 0x9c, 0xf7, 0x52, 0x9c, 0xf7, 0x52, 0x9c, 0xf7, 0x52, 0x9c, 0xf7,
  0x52, 0x9c, 0xf7, 0x52, 0x9c, 0xf7, 0x52, 0x9c, 0xf7, 0x52, 0x9c, 0xf7,
  0x52, 0x9c, 0xf7, 0x52, 0x9c, 0xf7, 0x52, 0x9c, 0xf7, 0x52, 0x9c, 0xf7,
  0x52, 0x9c, 0xf7, 0x52, 0x9c, 0xf7, 0x52, 0x9c, 0xf7, 0x52, 0x9c, 0xf7,
  0x52, 0x9c, 0xf7, 0x52, 0x9c, 0xf7, 0x52, 0x9c, 0xf7, 0x52, 0x9c, 0xf7,
  0x52, 0x9c, 0xf7, 0x52, 0x9c, 0xf7, 0x52, 0x9c, 0xf7, 0x52, 0x9c, 0xf7,
  0x52, 0x9c, 0xf7, 0x52, 0x9c, 0xf7, 0x52, 0x9c, 0xf7, 0x52, 0x9c, 0xf7,
  0x52, 0x9c, 0xf7, 0x52, 0x9c, 0xf7, 0x52, 0x9c, 0xf7, 0x52, 0x9c, 0xf7,
  0x52, 0x9c, 0xf7, 0x52, 0x9c, 0xf7, 0x52, 0x9c, 0xf7, 0x52, 0x9c, 0xf7,
  0x52, 0x9c, 0xf7, 0x52, 0x9c, 0xf7, 0x52, 0x9c, 0xf7, 0x52, 0x9c, 0xf7,
  0x52, 0x9c, 0xf7, 0x52, 0x9c, 0xf7, 0x52, 0x9c, 0xf7, 0x52, 0x9c, 0xf7,
  0x52, 0x9c, 0xf7, 0x52, 0x9c, 0xf7, 0x52, 0x9c, 0xf7, 0x52, 0x9c, 0xf7,
  0x52, 0x9c, 0xf7, 0x52, 0x9c, 0xf7, 0x52, 0x9c, 0xf7, 0x52, 0x9c, 0xf7,
  0x52, 0x9c, 0xf7, 0x52, 0x9c, 0xf7, 0x52, 0x9c, 0xf7, 0x52, 0x9c, 0xf7,
  0x52, 0x9c, 0xf7, 0x52, 0x9c, 0xf7, 0x52, 0x9c, 0xf7, 0x52, 0x9c, 0xf7,
  0x52, 0x9c, 0xf7, 0x52, 0x9c, 0xf7, 0x52, 0x9c, 0xf7, 0x52, 0x9c, 0xf7,
  0x52, 0x9c, 0xf7, 0x52, 0x9c, 0xf7, 0x52, 0x9c, 0xf7, 0x52, 0x9c, 0xf7,
  0x52, 0x9c, 0xf7, 0x52, 0x9c, 0xf7, 0x52, 0x9c, 0xf7, 0x52, 0x9c, 0xf7,
  0x52, 0x9c, 0xf7, 0x52, 0x9c, 0xf7, 0x52, 0x9c, 0xf7, 0x52, 0x9c, 0xf7,
  0x52, 0x9c, 0xf7, 0x52, 0x9c, 0xf7, 0x52, 0x9c, 0xf7, 0x52, 0x9c, 0xf7,
  0x52, 0x9c, 0xf7, 0x52, 0x9c, 0xf7, 0x52, 0x9c, 0xf7, 0x52, 0x9c, 0xf7,
  0x52, 0x9c, 0xf7, 0x52, 0x9c, 0xf7, 0x52, 0x9c, 0xf7, 0x52, 0x9c, 0xf7,
  0x52, 0x9c, 0xf7, 0x52, 0x9c, 0xf7, 0x52, 0x9c, 0xf7, 0x52, 0x9c, 0xf7,
  0x52, 0x9c, 0xf7, 0x52, 0x9c, 0xf7, 0x52, 0x9c, 0xf7, 0x52, 0x9c, 0xf7,
  0x52, 0x9c, 0xf7, 0x52, 0x9c, 0xf7, 0x52, 0x9c, 0xf7, 0x52, 0x9c, 0xf7,
  0x52, 0x9c, 0xf7, 0x52, 0x9c, 0xf7, 0x52, 0x9c, 0xf7, 0x52, 0x9c, 0xf7,
  0x52, 0x9c, 0xf7, 0x52, 0x9c, 0xf7, 0x52, 0x9c, 0xf7, 0x52, 0x9c, 0xf7,
  0x52, 0x9c, 0xf7, 0x52, 0x9c, 0xf7, 0x52, 0x9c, 0xf7, 0x52, 0x9c, 0xf7,
  0x52, 0x9c, 0xf7, 0x52, 0x9c, 0xf7, 0x52, 0x9c, 0xf7, 0x52, 0x9c, 0xf7,
  0x52, 0x9c, 0xf7, 0x52, 0x9c, 0xf7, 0x52, 0x9c, 0xf7, 0x52, 0x9c, 0xf7,
  0x52, 0x9c, 0xf7, 0x52, 0x9c, 0xf7, 0x52, 0x9c, 0xf7, 0x52, 0x9c, 0xf7,
  0x52, 0x9c, 0xf7, 0x52, 0x9c, 0xf7, 0x52, 0x9c, 0xf7, 0x52, 0x9c, 0xf7,
  0x52, 0x9c, 0xf7, 0x52, 0x9c, 0xf7, 0x52, 0x9c, 0xf7, 0x52, 0x9c, 0xf7,
  0x52, 0x9c, 0xf7, 0x52, 0x9c, 0xf7, 0x52, 0x9c, 0xf7, 0x52, 0x9c, 0xf7,
  0x52, 0x9c, 0xf7, 0x52, 0x9c, 0xf7, 0x52, 0x9c, 0xf7, 0x52, 0x9c, 0xf7,
  0x52, 0x9c, 0xf7, 0x52, 0x9c, 0xf7, 0x52, 0x9c, 0xf7, 0x52, 0x9c, 0xf7,
  0x52, 0x9c, 0xf7, 0x52, 0x9c, 0xf7, 0x52, 0x9c, 0xf7, 0x52, 0x9c, 0xf7,
  0x52, 0x9c, 0xf7, 0x52, 0x9c, 0xf7, 0x52, 0x9c, 0xf7, 0x52, 0x9c, 0xf7,
  0x52, 0x9c, 0xf7, 0x52, 0x9c, 0xf7, 0x52, 0x9c, 0xf7, 0x52, 0x9c, 0xf7,
  0x52, 0x9c, 0xf7, 0x52, 0x9c, 0xf7, 0x52, 0x9c, 0xf7, 0x52, 0x9c, 0xf7,
  0x52, 0x9c, 0xf7, 0x52, 0x9c, 0xf7, 0x52, 0x9c, 0xf7, 0x52, 0x9c, 0xf7,
  0x52, 0x9c, 0xf7, 0x52, 0x9c, 0xf7, 0x52, 0x9c, 0xf7, 0x52, 0x9c, 0xf7,
  0x52, 0x9c, 0xf7, 0x52, 0x9c, 0xf7, 0x52, 0x9c, 0xf7, 0x52, 0x9c, 0xf7,
  0x52, 0x9c, 0xf7, 0x52, 0x9c, 0xf7, 0x52, 0x9c, 0xf7, 0x52, 0x9c, 0xf7,
  0x52, 0x9c, 0xf7, 0x52, 0x9c, 0xf7, 0x52, 0x9c, 0xf7, 0x52, 0x9c, 0xf7,
  0x52, 0x9c, 0xf7, 0x52, 0x9c, 0xf7, 0x52, 0x9c, 0xf7, 0x52, 0x9c, 0xf7,
  0x52, 0x9c, 0xf7, 0x52, 0x9c, 0xf7, 0x52, 0x9c, 0xf7, 0x52, 0x9c, 0xf7,
  0x52, 0x9c, 0xf7, 0x52, 0x9c, 0xf7, 0x52, 0x9c, 0xf7, 0x52, 0x9c, 0xf7,
  0x52, 0x9c, 0xf7, 0x52, 0x9c, 0xf7, 0x52, 0x9c, 0xf7, 0x52, 0x9c, 0xf7,
  0x52, 0x9c, 0xf7, 0x52, 0x9c, 0xf7, 0x52, 0x9c, 0xf7, 0x52, 0x9c, 0xf7,
  0x52, 0x9c, 0xf7, 0x52, 0x9c, 0xf7, 0x52, 0x9c, 0xf7, 0x52, 0x9c, 0xf7,
  0x52, 0x9c, 0xf7, 0x52, 0x9c, 0xf7, 0x52, 0x9c, 0xf7, 0x52, 0x9c, 0xf7,
  0x52, 0x9c, 0xf7, 0x52, 0x9c, 0xf7, 0x52, 0x9c, 0xf7, 0x52, 0x9c, 0xf7,
  0x52, 0x9c, 0xf7, 0x52, 0x9c, 0xf7, 0x52, 0x9c, 0xf7, 0x52, 0x9c, 0xf7,
  0x52, 0x9c, 0xf7, 0x52, 0x9c, 0xf7, 0x52, 0x9c, 0xf7, 0x52, 0x9c, 0xf7,
  0x52, 0x9c, 0xf7, 0x52, 0x9c, 0xf7, 0x52, 0x9c, 0xf7, 0x52, 0x9c, 0xf7,
  0x52, 0x9c, 0xf7, 0x52, 0x9c, 0xf7, 0x52, 0x9c, 0xf7, 0x52, 0x9c, 0xf7,
  0x52, 0x9c, 0xf7, 0x52, 0x9c, 0xf7, 0x52, 0x9c, 0xf7, 0x52, 0x9c, 0xf7,
  0x52, 0x9c, 0xf7, 0x52, 0x9c, 0xf7, 0x52, 0x9c, 0xf7, 0x52, 0x9c, 0xf7,
  0x52, 0x9c, 0xf7, 0x52, 0x9c, 0xf7, 0x52, 0x9c, 0xf7, 0x52, 0x9c, 0xf7,
  0x52, 0x9c, 0xf7, 0x52, 0x9c, 0xf7, 0x52, 0x9c, 0xf7, 0x52, 0x9c, 0xf7,
  0x52, 0x9c, 0xf7, 0x52, 0x9c, 0xf7, 0x52, 0x9c, 0xf7, 0x52, 0x9c, 0xf7,
  0x52, 0x9c, 0xf7, 0x52, 0x9c, 0xf7, 0x52, 0x9c, 0xf7, 0x52, 0x9c, 0xf7,
  0x52, 0x9c, 0xf7, 0x52, 0x9c, 0xf7, 0x52, 0x9c, 0xf7, 0x52, 0x9c, 0xf7,
  0x52, 0x9c, 0xf7, 0x52, 0x9c, 0xf7, 0x52, 0x9c, 0xf7, 0x52, 0x9c, 0xf7,
  0x52, 0x9c, 0xf7, 0x52, 0x9c, 0xf7, 0x52, 0x9c, 0xf7, 0x52, 0x9c, 0xf7,
  0x52, 0x9c, 0xf7, 0x52, 0x9c, 0xf7, 0x52, 0x9c, 0xf7, 0x52, 0x9c, 0xf7,
  0x52, 0x9c, 0xf7, 0x52, 0x9c, 0xf7, 0x52, 0x9c, 0xf7, 0x52, 0x9c, 0xf7,
  0x52, 0x9c, 0xf7, 0x52, 0x9c, 0xf7, 0x52, 0x9c, 0xf7, 0x52, 0x9c, 0xf7,
  0x52, 0x9c, 0xf7, 0x52, 0x9c, 0xf7, 0x52, 0x9c, 0xf7, 0x52, 0x9c, 0xf7,
  0x52, 0x9c, 0xf7, 0x52, 0x9c, 0xf7, 0x52, 0x9c, 0xf7, 0x52, 0x9c, 0xf7,
  0x52, 0x9c, 0xf7, 0x52, 0x9c, 0xf7, 0x52, 0x9c, 0xf7, 0x52, 0x9c, 0xf7,
  0x52, 0x9c, 0xf7, 0x52, 0x9c, 0xf7, 0x52, 0x9c, 0xf7, 0x52, 0x9c, 0xf7,
  0x52, 0x9c, 0xf7, 0x52, 0x9c, 0xf7, 0x52, 0x9c, 0xf7, 0x52, 0x9c, 0xf7,
  0x52, 0x9c, 0xf7, 0x52, 0x9c, 0xf7, 0x52, 0x9c, 0xf7, 0x52, 0x9c, 0xf7,
  0x52, 0x9c, 0xf7, 0x52, 0x9c, 0xf7, 0x52, 0x9c, 0xf7, 0x52, 0x9c, 0xf7,
  0x52, 0x9c, 0xf7, 0x52, 0x9c, 0xf7, 0x52, 0x9c, 0xf7, 0x52, 0x9c, 0xf7,
  0x52, 0x9c, 0xf7, 0x52, 0x9c, 0xf7, 0x52, 0x9c, 0xf7, 0x52, 0x9c, 0xf7,
  0x52, 0x9c, 0xf7, 0x52, 0x9c, 0xf7, 0x52, 0x9c, 0xf7, 0x52, 0x9c, 0xf7,
  0x52, 0x9c, 0xf7, 0x52, 0x9c, 0xf7, 0x52, 0x9c, 0xf7, 0x52, 0x9c, 0xf7,
  0x52, 0x9c, 0xf7, 0x52, 0x9c, 0xf7, 0x52, 0x9c, 0xf7, 0x52, 0x9c, 0xf7,
  0x52, 0x9c, 0xf7, 0x52, 0x9c, 0xf7, 0x52, 0x9c, 0xf7, 0x52, 0x9c, 0xf7,
  0x52, 0x9c, 0xf7, 0x52, 0x9c, 0xf7, 0x52, 0x9c, 0xf7, 0x52, 0x9c, 0xf7,
  0x52, 0x9c, 0xf7, 0x52, 0x9c, 0xf7, 0x52, 0x9c, 0xf7, 0x52, 0x9c, 0xf7,
  0x52, 0x9c, 0xf7, 0x52, 0x9c, 0xf7, 0x52, 0x9c, 0xf7, 0x52, 0x9c, 0xf7,
  0x52, 0x9c, 0xf7, 0x52, 0x9c, 0xf7, 0x52, 0x9c, 0xf7, 0x52, 0x9c, 0xf7,
  0x52, 0x9c, 0xf7, 0x52, 0x9c, 0xf7, 0x52, 0x9c, 0xf7, 0x52, 0x9c, 0xf7,
  0x52, 0x9c, 0xf7, 0x52, 0x9c, 0xf7, 0x52, 0x9c, 0xf7, 0x52, 0x9c, 0xf7,
  0x52, 0x9c, 0xf7, 0x52, 0x9c, 0xf7, 0x52, 0x9c, 0xf7, 0x52, 0x9c, 0xf7,
  0x52, 0x9c, 0xf7, 0x52, 0x9c, 0xf7, 0x52, 0x9c, 0xf7, 0x52, 0x9c, 0xf7,
  0x52, 0x9c, 0xf7, 0x52, 0x9c, 0xf7, 0x52, 0x9c, 0xf7, 0x52, 0x9c, 0xf7,
  0x52, 0x9c, 0xf7, 0x52, 0x9c, 0xf7, 0x52, 0x9c, 0xf7, 0x52, 0x9c, 0xf7,
  0x52, 0x9c, 0xf7, 0x52, 0x9c, 0xf7, 0x52, 0x9c, 0xf7, 0x52, 0x9c, 0xf7,
  0x52, 0x9c, 0xf7, 0x52, 0x9c, 0xf7, 0x52, 0x9c, 0xf7, 0x52, 0x9c, 0xf7,
  0x52, 0x9c, 0xf7, 0x52, 0x9c, 0xf7, 0x52, 0x9c, 0xf7, 0x52, 0x9c, 0xf7,
  0x52, 0x9c, 0xf7, 0x52, 0x9c, 0xf7, 0x52, 0x9c, 0xf7, 0x52, 0x9c, 0xf7,
  0x52, 0x9c, 0xf7, 0x52, 0x9c, 0xf7, 0x52, 0x9c, 0xf7, 0x52, 0x9c, 0xf7,
  0x52, 0x9c, 0xf7, 0x52, 0x9c, 0xf7, 0x52, 0x9c, 0xf7, 0x52, 0x9c, 0xf7,
  0x52, 0x9c, 0xf7, 0x52, 0x9c, 0xf7, 0x52, 0x9c, 0xf7, 0x52, 0x9c, 0xf7,
  0x52, 0x9c, 0xf7, 0x52, 0x9c, 0xf7, 0x52, 0x9c, 0xf7, 0x52, 0x9c, 0xf7,
  0x52, 0x9c, 0xf7, 0x52, 0x9c, 0xf7, 0x52, 0x9c, 0xf7, 0x52, 0x9c, 0xf7,
  0x52, 0x9c, 0xf7, 0x52, 0x9c, 0xf7, 0x52, 0x9c, 0xf7, 0x52, 0x9c, 0xf7,
  0x52, 0x9c, 0xf7, 0x52, 0x9c, 0xf7, 0x52, 0x9c, 0xf7, 0x52, 0x9c, 0xf7,
  0x52, 0x9c, 0xf7, 0x52, 0x9c, 0xf7, 0x52, 0x9c, 0xf7, 0x52, 0x9c, 0xf7,
  0x52, 0x9c, 0xf7, 0x52, 0x9c, 0xf7, 0x52, 0x9c, 0xf7, 0x52, 0x9c, 0xf7,
  0x52, 0x9c, 0xf7, 0x52, 0x9c, 0xf7, 0x52, 0x9c, 0xf7, 0x52, 0x9c, 0xf7,
  0x52, 0x9c, 0xf7, 0x52, 0x9c, 0xf7, 0x52, 0x9c, 0xf7, 0x52, 0x9c, 0xf7,
  0x52, 0x9c, 0xf7, 0x52, 0x9c, 0xf7, 0x52, 0x9c, 0xf7, 0x52, 0x9c, 0xf7,
  0x52, 0x9c, 0xf7, 0x52, 0x9c, 0xf7, 0x52, 0x9c, 0xf7, 0x52, 0x9c, 0xf7,
  0x52, 0x9c, 0xf7, 0x52, 0x9c, 0xf7, 0x52, 0x9c, 0xf7, 0x52, 0x9c, 0xf7,
  0x52, 0x9c, 0xf7, 0x52, 0x9c, 0xf7, 0x52, 0x9c, 0xf7, 0x52, 0x9c, 0xf7,
  0x52, 0x9c, 0xf7, 0x52, 0x9c, 0xf7, 0x52, 0x9c, 0xf7, 0x52, 0x9c, 0xf7,
  0x52, 0x9c, 0xf7, 0x52, 0x9c, 0xf7, 0x52, 0x9c, 0xf7, 0x52, 0x9c, 0xf7,
  0x52, 0x9c, 0xf7, 0x52, 0x9c, 0xf7, 0x52, 0x9c, 0xf7, 0x52, 0x9c, 0xf7,
  0x52, 0x9c, 0xf7, 0x52, 0x9c, 0xf7, 0x52, 0x9c, 0xf7, 0x52, 0x9c, 0xf7,
  0x52, 0x9c, 0xf7, 0x52, 0x9c, 0xf7, 0x52, 0x9c, 0xf7, 0x52, 0x9c, 0xf7,
  0x52, 0x9c, 0xf7, 0x52, 0x9c, 0xf7, 0x52, 0x9c, 0xf7, 0x52, 0x9c, 0xf7,
  0x52, 0x9c, 0xf7, 0x52, 0x9c, 0xf7, 0x52, 0x9c, 0xf7, 0x52, 0x9c, 0xf7,
  0x52, 0x9c, 0xf7, 0x52, 0x9c, 0xf7, 0x52, 0x9c, 0xf7, 0x52, 0x9c, 0xf7,
  0x52, 0x9c, 0xf7, 0x52, 0x9c, 0xf7, 0x52, 0x9c, 0xf7, 0x52, 0x9c, 0xf7,
  0x52, 0x9c, 0xf7, 0x52, 0x9c, 0xf7, 0x52, 0x9c, 0xf7, 0x52, 0x9c, 0xf7,
  0x52, 0x9c, 0xf7, 0x52, 0x9c, 0xf7, 0x52, 0x9c, 0xf7, 0x52, 0x9c, 0xf7,
  0x52, 0x9c, 0xf7, 0x52, 0x9c, 0xf7, 0x52, 0x9c, 0xf7, 0x52, 0x9c, 0xf7,
  0x52, 0x9c, 0xf7, 0x52, 0x9c, 0xf7, 0x52, 0x9c, 0xf7, 0x52, 0x9c, 0xf7,
  0x52, 0x9c, 0xf7, 0x52, 0x9c, 0xf7, 0x52, 0x9c, 0xf7, 0x52, 0x9c, 0xf7,
  0x52, 0x9c, 0xf7, 0x52, 0x9c, 0xf7, 0x52, 0x9c, 0xf7, 0x52, 0x9c, 0xf7,
  0x52, 0x9c, 0xf7, 0x52, 0x9c, 0xf7, 0x52, 0x9c, 0xf7, 0x52, 0x9c, 0xf7,
  0x52, 0x9c, 0xf7, 0x52, 0x9c, 0xf7, 0x52, 0x9c, 0xf7, 0x52, 0x9c, 0xf7,
  0x52, 0x9c, 0xf7, 0x52, 0x9c, 0xf7, 0x52, 0x9c, 0xf7, 0x52, 0x9c, 0xf7,
  0x52, 0x9c, 0xf7, 0x52, 0x9c, 0xf7, 0x52, 0x9c, 0xf7, 0x52, 0x9c, 0xf7,
  0x52, 0x9c, 0xf7, 0x52, 0x9c, 0xf7, 0x52, 0x9c, 0xf7, 0x52, 0x9c, 0xf7,
  0x52, 0x9c, 0xf7, 0x52, 0x9c, 0xf7, 0x52, 0x9c, 0xf7, 0x52, 0x9c, 0xf7,
  0x52, 0x9c, 0xf7, 0x52, 0x9c, 0xf7, 0x52, 0x9c, 0xf7, 0x52, 0x9c, 0xf7,
  0x52, 0x9c, 0xf7, 0x52, 0x9c, 0xf7, 0x52, 0x9c, 0xf7, 0x52, 0x9c, 0xf7,
  0x52, 0x9c, 0xf7, 0x52, 0x9c, 0xf7, 0x52, 0x9c, 0xf7, 0x52, 0x9c, 0xf7,
  0x52, 0x9c, 0xf7, 0x52, 0x9c, 0xf7, 0x52, 0x9c, 0xf7, 0x52, 0x9c, 0xf7,
  0x52, 0x9c, 0xf7, 0x52, 0x9c, 0xf7, 0x52, 0x9c, 0xf7, 0x52, 0x9c, 0xf7,
  0x52, 0x9c, 0xf7, 0x52, 0x9c, 0xf7, 0x52, 0x9c, 0xf7, 0x52, 0x9c, 0xf7,
  0x52, 0x9c, 0xf7, 0x52, 0x9c, 0xf7, 0x52, 0x9c, 0xf7, 0x52, 0x9c, 0xf7,
  0x52, 0x9c, 0xf7, 0x52, 0x9c, 0xf7, 0x52, 0x9c, 0xf7, 0x52, 0x9c, 0xf7,
  0x52, 0x9c, 0xf7, 0x52, 0x9c, 0xf7, 0x52, 0x9c, 0xf7, 0x52, 0x9c, 0xf7,
  0x52, 0x9c, 0xf7, 0x52, 0x9c, 0xf7, 0x52, 0x9c, 0xf7, 0x52, 0x9c, 0xf7,
  0x52, 0x9c, 0xf7, 0x52, 0x9c, 0xf7, 0x52, 0x9c, 0xf7, 0x52, 0x9c, 0xf7,
  0x52, 0x9c, 0xf7, 0x52, 0x9c, 0xf7, 0x52, 0x9c, 0xf7, 0x52, 0x9c, 0xf7,
  0x52, 0x9c, 0xf7, 0x52, 0x9c, 0xf7, 0x52, 0x9c, 0xf7, 0x52, 0x9c, 0xf7,
  0x52, 0x9c, 0xf7, 0x52, 0x9c, 0xf7, 0x52, 0x9c, 0xf7, 0x52, 0x9c, 0xf7,
  0x52, 0x9c, 0xf7, 0x52, 0x9c, 0xf7, 0x52, 0x9c, 0xf7, 0x52, 0x9c, 0xf7,
  0x52, 0x9c, 0xf7, 0x52, 0x9c, 0xf7, 0x52, 0x9c, 0xf7, 0x52, 0x9c, 0xf7,
  0x52, 0x9c, 0xf7, 0x52, 0x9c, 0xf7, 0x52, 0x9c, 0xf7, 0x52, 0x9c, 0xf7,
  0x52, 0x9c, 0xf7, 0x52, 0x9c, 0xf7, 0x52, 0x9c, 0xf7, 0x52, 0x9c, 0xf7,
  0x52, 0x9c, 0xf7, 0x52, 0x9c, 0xf7, 0x52, 0x9c, 0xf7, 0x52, 0x9c, 0xf7,
  0x52, 0x9c, 0xf7, 0x52, 0x9c, 0xf7, 0x52, 0x9c, 0xf7, 0x52, 0x9c, 0xf7,
  0x52, 0x9c, 0xf7, 0x52, 0x9c, 0xf7, 0x52, 0x9c, 0xf7, 0x52, 0x9c, 0xf7,
  0x52, 0x9c, 0xf7, 0x52, 0x9c, 0xf7, 0x52, 0x9c, 0xf7, 0x52, 0x9c, 0xf7,
  0x52, 0x9c, 0xf7, 0x52, 0x9c, 0xf7, 0x52, 0x9c, 0xf7, 0x52, 0x9c, 0xf7,
  0x52, 0x9c, 0xf7, 0x52, 0x9c, 0xf7, 0x52, 0x9c, 0xf7, 0x52, 0x9c, 0xf7,
  0x52, 0x9c, 0xf7, 0x52, 0x9c, 0xf7, 0x52, 0x9c, 0xf7, 0x52, 0x9c, 0xf7,
  0x52, 0x9c, 0xf7, 0x52, 0x9c, 0xf7, 0x52, 0x9c, 0xf7, 0x52, 0x9c, 0xf7,
  0x52, 0x9c, 0xf7, 0x52, 0x9c, 0xf7, 0x52, 0x9c, 0xf7, 0x52, 0x9c, 0xf7,
  0x52, 0x9c, 0xf7, 0x52, 0x9c, 0xf7, 0x52, 0x9c, 0xf7, 0x52, 0x9c, 0xf7,
  0x52, 0x9c, 0xf7, 0x52, 0x9c, 0xf7, 0x52, 0x9c, 0xf7, 0x52, 0x9c, 0xf7,
  0x52, 0x9c, 0xf7, 0x52, 0x9c, 0xf7, 0x52, 0x9c, 0xf7, 0x52, 0x9c, 0xf7,
  0x52, 0x9c, 0xf7, 0x52, 0x9c, 0xf7, 0x52, 0x9c, 0xf7, 0x52, 0x9c, 0xf7,
  0x52, 0x9c, 0xf7, 0x52, 0x9c, 0xf7, 0x52, 0x9c, 0xf7, 0x52, 0x9c, 0xf7,
  0x52, 0x9c, 0xf7, 0x52, 0x9c, 0xf7, 0x52, 0x9c, 0xf7, 0x52, 0x9c, 0xf7,
  0x52, 0x9c, 0xf7, 0x52, 0x9c, 0xf7, 0x52, 0x9c, 0xf7, 0x52, 0x9c, 0xf7,
  0x52, 0x9c, 0xf7, 0x52, 0x9c, 0xf7, 0x52, 0x9c, 0xf7, 0x52, 0x9c, 0xf7,
  0x52, 0x9c, 0xf7, 0x52, 0x9c, 0xf7, 0x52, 0x9c, 0xf7, 0x52, 0x9c, 0xf7,
  0x52, 0x9c, 0xf7, 0x52, 0x9c, 0xf7, 0x52, 0x9c, 0xf7, 0x52, 0x9c, 0xf7,
  0x52, 0x9c, 0xf7, 0x52, 0x9c, 0xf7, 0x52, 0x9c, 0xf7, 0x52, 0x9c, 0xf7,
  0x52, 0x9c, 0xf7, 0x52, 0x9c, 0xf7, 0x52, 0x9c, 0xf7, 0x52, 0x9c, 0xf7,
  0x52, 0x9c, 0xf7, 0x52, 0x9c, 0xf7, 0x52, 0x9c, 0xf7, 0x52, 0x9c, 0xf7,
  0x52, 0x9c, 0xf7, 0x52, 0x9c, 0xf7, 0x52, 0x9c, 0xf7, 0x52, 0x9c, 0xf7,
  0x52, 0x9c, 0xf7, 0x52, 0x9c, 0xf7, 0x52, 0x9c, 0xf7, 0x52, 0x9c, 0xf7,
  0x52, 0x9c, 0xf7, 0x52, 0x9c, 0xf7, 0x52, 0x9c, 0xf7, 0x52, 0x9c, 0xf7,
  0x52, 0x9c, 0xf7, 0x52, 0x9c, 0xf7, 0x52, 0x9c, 0xf7, 0x52, 0x9c, 0xf7,
  0x52, 0x9c, 0xf7, 0x52, 0x9c, 0xf7, 0x52, 0x9c, 0xf7, 0x52, 0x9c, 0xf7,
  0x52, 0x9c, 0xf7, 0x52, 0x9c, 0xf7, 0x52, 0x9c, 0xf7, 0x52, 0x9c, 0xf7,
  0x52, 0x9c, 0xf7, 0x52, 0x9c, 0xf7, 0x52, 0x9c, 0xf7, 0x52, 0x9c, 0xf7,
  0x52, 0x9c, 0xf7, 0x52, 0x9c, 0xf7, 0x52, 0x9c, 0xf7, 0x52, 0x9c, 0xf7,
  0x52, 0x9c, 0xf7, 0x52, 0x9c, 0xf7, 0x52, 0x9c, 0xf7, 0x52, 0x9c, 0xf7,
  0x52, 0x9c, 0xf7, 0x52, 0x9c, 0xf7, 0x52, 0x9c, 0xf7, 0x52, 0x9c, 0xf7,
  0x52, 0x9c, 0xf7, 0x52, 0x9c, 0xf7, 0x52, 0x9c, 0xf7, 0x52, 0x9c, 0xf7,
  0x52, 0x9c, 0xf7, 0x52, 0x9c, 0xf7, 0x52, 0x9c, 0xf7, 0x52, 0x9c, 0xf7,
  0x52, 0x9c, 0xf7, 0x52, 0x9c, 0xf7, 0x52, 0x9c, 0xf7, 0x52, 0x9c, 0xf7,
  0x52, 0x9c, 0xf7, 0x52, 0x9c, 0xf7, 0x52, 0x9c, 0xf7, 0x52, 0x9c, 0xf7,
  0x52, 0x9c, 0xf7, 0x52, 0x9c, 0xf7, 0x52, 0x9c, 0xf7, 0x52, 0x9c, 0xf7,
  0x52, 0x9c, 0xf7, 0x52, 0x9c, 0xf7, 0x52, 0x9c, 0xf7, 0x52, 0x9c, 0xf7,
  0x52, 0x9c, 0xf7, 0x52, 0x9c, 0xf7, 0x52, 0x9c, 0xf7, 0x52, 0x9c, 0xf7,
  0x52, 0x9c, 0xf7, 0x52, 0x9c, 0xf7, 0x52, 0x9c, 0xf7, 0x52, 0x9c, 0xf7,
  0x52, 0x9c, 0xf7, 0x52, 0x9c, 0xf7, 0x52, 0x9c, 0xf7, 0x52, 0x9c, 0xf7,
  0x52, 0x9c, 0xf7, 0x52, 0x9c, 0xf7, 0x52, 0x9c, 0xf7, 0x52, 0x9c, 0xf7,
  0x52, 0x9c, 0xf7, 0x52, 0x9c, 0xf7, 0x52, 0x9c, 0xf7, 0x52, 0x9c, 0xf7,
  0x52, 0x9c, 0xf7, 0x52, 0x9c, 0xf7, 0x52, 0x9c, 0xf7, 0x52, 0x9c, 0xf7,
  0x52, 0x9c, 0xf7, 0x52, 0x9c, 0xf7, 0x52, 0x9c, 0xf7, 0x52, 0x9c, 0xf7,
  0x52, 0x9c, 0xf7, 0x52, 0x9c, 0xf7, 0x52, 0x9c, 0xf7, 0x52, 0x9c, 0xf7,
  0x52, 0x9c, 0xf7, 0x52, 0x9c, 0xf7, 0x52, 0x9c, 0xf7, 0x52, 0x9c, 0xf7,
  0x52, 0x9c, 0xf7, 0x52, 0x9c, 0xf7, 0x52, 0x9c, 0xf7, 0x52, 0x9c, 0xf7,
  0x52, 0x9c, 0xf7, 0x52, 0x9c, 0xf7, 0x52, 0x9c, 0xf7, 0x52, 0x9c, 0xf7,
  0x52, 0x9c, 0xf7, 0x52, 0x9c, 0xf7, 0x52, 0x9c, 0xf7, 0x52, 0x9c, 0xf7,
  0x52, 0x9c, 0xf7, 0x52, 0x9c, 0xf7, 0x52, 0x9c, 0xf7, 0x52, 0x9c, 0xf7,
  0x52, 0x9c, 0xf7, 0x52, 0x9c, 0xf7, 0x52, 0x9c, 0xf7, 0x52, 0x9c, 0xf7,
  0x52, 0x9c, 0xf7, 0x52, 0x9c, 0xf7, 0x52, 0x9c, 0xf7, 0x52, 0x9c, 0xf7,
  0x52, 0x9c, 0xf7, 0x52, 0x9c, 0xf7, 0x52, 0x9c, 0xf7, 0x52, 0x9c, 0xf7,
  0x52, 0x9c, 0xf7, 0x52, 0x9c, 0xf7, 0x52, 0x9c, 0xf7, 0x52, 0x9c, 0xf7,
  0x52, 0x9c, 0xf7, 0x52, 0x9c, 0xf7, 0x52, 0x9c, 0xf7, 0x52, 0x9c, 0xf7,
  0x52, 0x9c, 0xf7, 0x52, 0x9c, 0xf7, 0x52, 0x9c, 0xf7, 0x52, 0x9c, 0xf7,
  0x52, 0x9c, 0xf7, 0x52, 0x9c, 0xf7, 0x52, 0x9c, 0xf7, 0x52, 0x9c, 0xf7,
  0x52, 0x9c, 0xf7, 0x52, 0x9c, 0xf7, 0x52, 0x9c, 0xf7, 0x52, 0x9c, 0xf7,
  0x52, 0x9c, 0xf7, 0x52, 0x9c, 0xf7, 0x52, 0x9c, 0xf7, 0x52, 0x9c, 0xf7,
  0x52, 0x9c, 0xf7, 0x52, 0x9c, 0xf7, 0x52, 0x9c, 0xf7, 0x52, 0x9c, 0xf7,
  0x52, 0x9c, 0xf7, 0x52, 0x9c, 0xf7, 0x52, 0x9c, 0xf7, 0x52, 0x9c, 0xf7,
  0x52, 0x9c, 0xf7, 0x52, 0x9c, 0xf7, 0x52, 0x9c, 0xf7, 0x52, 0x9c, 0xf7,
  0x52, 0x9c, 0xf7, 0x52, 0x9c, 0xf7, 0x52, 0x9c, 0xf7, 0x52, 0x9c, 0xf7,
  0x52, 0x9c, 0xf7, 0x52, 0x9c, 0xf7, 0x52, 0x9c, 0xf7, 0x52, 0x9c, 0xf7,
  0x52, 0x9c, 0xf7, 0x52, 0x9c, 0xf7, 0x52, 0x9c, 0xf7, 0x52, 0x9c, 0xf7,
  0x52, 0x9c, 0xf7, 0x52, 0x9c, 0xf7, 0x52, 0x9c, 0xf7, 0x52, 0x9c, 0xf7,
  0x52, 0x9c, 0xf7, 0x52, 0x9c, 0xf7, 0x52, 0x9c, 0xf7, 0x52, 0x9c, 0xf7,
  0x52, 0x9c, 0xf7, 0x52, 0x9c, 0xf7, 0x52, 0x9c, 0xf7, 0x52, 0x9c, 0xf7,
  0x52, 0x9c, 0xf7, 0x52, 0x9c, 0xf7, 0x52, 0x9c, 0xf7, 0x52, 0x9c, 0xf7,
  0x52, 0x9c, 0xf7, 0x52, 0x9c, 0xf7, 0x52, 0x9c, 0xf7, 0x52, 0x9c, 0xf7,
  0x52, 0x9c, 0xf7, 0x52, 0x9c, 0xf7, 0x52, 0x9c, 0xf7, 0x52, 0x9c, 0xf7,
  0x52, 0x9c, 0xf7, 0x52, 0x9c, 0xf7, 0x52, 0x9c, 0xf7, 0x52, 0x9c, 0xf7,
  0x52, 0x9c, 0xf7, 0x52, 0x9c, 0xf7, 0x52, 0x9c, 0xf7, 0x52, 0x9c, 0xf7,
  0x52, 0x9c, 0xf7, 0x52, 0x9c, 0xf7, 0x52, 0x9c, 0xf7, 0x52, 0x9c, 0xf7,
  0x52, 0x9c, 0xf7, 0x52, 0x9c, 0xf7, 0x52, 0x9c, 0xf7, 0x52, 0x9c, 0xf7,
  0x52, 0x9c, 0xf7, 0x52, 0x9c, 0xf7, 0x52, 0x9c, 0xf7, 0x52, 0x9c, 0xf7,
  0x52, 0x9c, 0xf7, 0x52, 0x9c, 0xf7, 0x52, 0x9c, 0xf7, 0x52, 0x9c, 0xf7,
  0x52, 0x9c, 0xf7, 0x52, 0x9c, 0xf7, 0x52, 0x9c, 0xf7, 0x52, 0x9c, 0xf7,
  0x52, 0x9c, 0xf7, 0x52, 0x9c, 0xf7, 0x52, 0x9c, 0xf7, 0x52, 0x9c, 0xf7,
  0x52, 0x9c, 0xf7, 0x52, 0x9c, 0xf7, 0x52, 0x9c, 0xf7, 0x52, 0x9c, 0xf7,
  0x52, 0x9c, 0xf7, 0x52, 0x9c, 0xf7, 0x52, 0x9c, 0xf7, 0x52, 0x9c, 0xf7,
  0x52, 0x9c, 0xf7, 0x52, 0x9c, 0xf7, 0x52, 0x9c, 0xf7, 0x52, 0x9c, 0xf7,
  0x52, 0x9c, 0xf7, 0x52, 0x9c, 0xf7, 0x52, 0x9c, 0xf7, 0x52, 0x9c, 0xf7,
  0x52, 0x9c, 0xf7, 0x52, 0x9c, 0xf7, 0x52, 0x9c, 0xf7, 0x52, 0x9c, 0xf7,
  0x52, 0x9c, 0xf7, 0x52, 0x9c, 0xf7, 0x52, 0x9c, 0xf7, 0x52, 0x9c, 0xf7,
  0x52, 0x9c, 0xf7, 0x52, 0x9c, 0xf7, 0x52, 0x9c, 0xf7, 0x52, 0x9c, 0xf7,
  0x52, 0x9c, 0xf7, 0x52, 0x9c, 0xf7, 0x52, 0x9c, 0xf7, 0x52, 0x9c, 0xf7,
  0x52, 0x9c, 0xf7, 0x52, 0x9c, 0xf7, 0x52, 0x9c, 0xf7, 0x52, 0x9c, 0xf7,
  0x52, 0x9c, 0xf7, 0x52, 0x9c, 0xf7, 0x52, 0x9c, 0xf7, 0x52, 0x9c, 0xf7,
  0x52, 0x9c, 0xf7, 0x52, 0x9c, 0xf7, 0x52, 0x9c, 0xf7, 0x52, 0x9c, 0xf7,
  0x52, 0x9c, 0xf7, 0x52, 0x9c, 0xf7, 0x52, 0x9c, 0xf7, 0x52, 0x9c, 0xf7,
  0x52, 0x9c, 0xf7, 0x52, 0x9c, 0xf7, 0x52, 0x9c, 0xf7, 0x52, 0x9c, 0xf7,
  0x52, 0x9c, 0xf7, 0x52, 0x9c, 0xf7, 0x52, 0x9c, 0xf7, 0x52, 0x9c, 0xf7,
  0x52, 0x9c, 0xf7, 0x52, 0x9c, 0xf7, 0x52, 0x9c, 0xf7, 0x52, 0x9c, 0xf7,
  0x52, 0x9c, 0xf7, 0x52, 0x9c, 0xf7, 0x52, 0x9c, 0xf7, 0x52, 0x9c, 0xf7,
  0x52, 0x9c, 0xf7, 0x52, 0x9c, 0xf7, 0x52, 0x9c, 0xf7, 0x52, 0x9c, 0xf7,
  0x52, 0x9c, 0xf7, 0x52, 0x9c, 0xf7, 0x52, 0x9c, 0xf7, 0x52, 0x9c, 0xf7,
  0x52, 0x9c, 0xf7, 0x52, 0x9c, 0xf7, 0x52, 0x9c, 0xf7, 0x52, 0x9c, 0xf7,
  0x52, 0x9c, 0xf7, 0x52, 0x9c, 0xf7, 0x52, 0x9c, 0xf7, 0x52, 0x9c, 0xf7,
  0x52, 0x9c, 0xf7, 0x52, 0x9c, 0xf7, 0x52, 0x9c, 0xf7, 0x52, 0x9c, 0xf7,
  0x52, 0x9c, 0xf7, 0x52, 0x9c, 0xf7, 0x52, 0x9c, 0xf7, 0x52, 0x9c, 0xf7,
  0x52, 0x9c, 0xf7, 0x52, 0x9c, 0xf7, 0x52, 0x9c, 0xf7, 0x52, 0x9c, 0xf7,
  0x52, 0x9c, 0xf7, 0x52, 0x9c, 0xf7, 0x52, 0x9c, 0xf7, 0x52, 0x9c, 0xf7,
  0x52, 0x9c, 0xf7, 0x52, 0x9c, 0xf7, 0x52, 0x9c, 0xf7, 0x52, 0x9c, 0xf7,
  0x52, 0x9c, 0xf7, 0x52, 0x9c, 0xf7, 0x52, 0x9c, 0xf7, 0x52, 0x9c, 0xf7,
  0x52, 0x9c, 0xf7, 0x52, 0x9c, 0xf7, 0x52, 0x9c, 0xf7, 0x52, 0x9c, 0xf7,
  0x52, 0x9c, 0xf7, 0x52, 0x9c, 0xf7, 0x52, 0x9c, 0xf7, 0x52, 0x9c, 0xf7,
  0x52, 0x9c, 0xf7, 0x52, 0x9c, 0xf7, 0x52, 0x9c, 0xf7, 0x52, 0x9c, 0xf7,
  0x52, 0x9c, 0xf7, 0x52, 0x9c, 0xf7, 0x52, 0x9c, 0xf7, 0x52, 0x9c, 0xf7,
  0x52, 0x9c, 0xf7, 0x52, 0x9c, 0xf7, 0x52, 0x9c, 0xf7, 0x52, 0x9c, 0xf7,
  0x52, 0x9c, 0xf7, 0x52, 0x9c, 0xf7, 0x52, 0x9c, 0xf7, 0x52, 0x9c, 0xf7,
  0x52, 0x9c, 0xf7, 0x52, 0x9c, 0xf7, 0x52, 0x9c, 0xf7, 0x52, 0x9c, 0xf7,
  0x52, 0x9c, 0xf7, 0x52, 0x9c, 0xf7, 0x52, 0x9c, 0xf7, 0x52, 0x9c, 0xf7,
  0x52, 0x9c, 0xf7, 0x52, 0x9c, 0xf7, 0x52, 0x9c, 0xf7, 0x52, 0x9c, 0xf7,
  0x52, 0x9c, 0xf7, 0x52, 0x9c, 0xf7, 0x52, 0x9c, 0xf7, 0x52, 0x9c, 0xf7,
  0x52, 0x9c, 0xf7, 0x52, 0x9c, 0xf7, 0x52, 0x9c, 0xf7, 0x52, 0x9c, 0xf7,
  0x52, 0x9c, 0xf7, 0x52, 0x9c, 0xf7, 0x52, 0x9c, 0xf7, 0x52, 0x9c, 0xf7,
  0x52, 0x9c, 0xf7, 0x52, 0x9c, 0xf7, 0x52, 0x9c, 0xf7, 0x52, 0x9c, 0xf7,
  0x52, 0x9c, 0xf7, 0x52, 0x9c, 0xf7, 0x52, 0x9c, 0xf7, 0x52, 0x9c, 0xf7,
  0x52, 0x9c, 0xf7, 0x52, 0x9c, 0xf7, 0x52, 0x9c, 0xf7, 0x52, 0x9c, 0xf7,
  0x52, 0x9c, 0xf7, 0x52, 0x9c, 0xf7, 0x52, 0x9c, 0xf7, 0x52, 0x9c, 0xf7,
  0x52, 0x9c, 0xf7, 0x52, 0x9c, 0xf7, 0x52, 0x9c, 0xf7, 0x52, 0x9c, 0xf7,
  0x52, 0x9c, 0xf7, 0x52, 0x9c, 0xf7, 0x52, 0x9c, 0xf7, 0x52, 0x9c, 0xf7,
  0x52, 0x9c, 0xf7, 0x52, 0x9c, 0xf7, 0x52, 0x9c, 0xf7, 0x52, 0x9c, 0xf7,
  0x52, 0x9c, 0xf7, 0x52, 0x9c, 0xf7, 0x52, 0x9c, 0xf7, 0x52, 0x9c, 0xf7,
  0x52, 0x9c, 0xf7, 0x52, 0x9c, 0xf7, 0x52, 0x9c, 0xf7, 0x52, 0x9c, 0xf7,
  0x52, 0x9c, 0xf7, 0x52, 0x9c, 0xf7, 0x52, 0x9c, 0xf7, 0x52, 0x9c, 0xf7,
  0x52, 0x9c, 0xf7, 0x52, 0x9c, 0xf7, 0x52, 0x9c, 0xf7, 0x52, 0x9c, 0xf7,
  0x52, 0x9c, 0xf7, 0x52, 0x9c, 0xf7, 0x52, 0x9c, 0xf7, 0x52, 0x9c, 0xf7,
  0x52, 0x9c, 0xf7, 0x52, 0x9c, 0xf7, 0x52, 0x9c, 0xf7, 0x52, 0x9c, 0xf7,
  0x52, 0x9c, 0xf7, 0x52, 0x9c, 0xf7, 0x52, 0x9c, 0xf7, 0x52, 0x9c, 0xf7,
  0x52, 0x9c, 0xf7, 0x52, 0x9c, 0xf7, 0x52, 0x9c, 0xf7, 0x52, 0x9c, 0xf7,
  0x52, 0x9c, 0xf7, 0x52, 0x9c, 0xf7, 0x52, 0x9c, 0xf7, 0x52, 0x9c, 0xf7,
  0x52, 0x9c, 0xf7, 0x52, 0x9c, 0xf7, 0x52, 0x9c, 0xf7, 0x52, 0x9c, 0xf7,
  0x52, 0x9c, 0xf7, 0x52, 0x9c, 0xf7, 0x52, 0x9c, 0xf7, 0x52, 0x9c, 0xf7,
  0x52, 0x9c, 0xf7, 0x52, 0x9c, 0xf7, 0x52, 0x9c, 0xf7, 0x52, 0x9c, 0xf7,
  0x52, 0x9c, 0xf7, 0x52, 0x9c, 0xf7, 0x52, 0x9c, 0xf7, 0x52, 0x9c, 0xf7,
  0x52, 0x9c, 0xf7, 0x52, 0x9c, 0xf7, 0x52, 0x9c, 0xf7, 0x52, 0x9c, 0xf7,
  0x52, 0x9c, 0xf7, 0x52, 0x9c, 0xf7, 0x52, 0x9c, 0xf7, 0x52, 0x9c, 0xf7,
  0x52, 0x9c, 0xf7, 0x52, 0x9c, 0xf7, 0x52, 0x9c, 0xf7, 0x52, 0x9c, 0xf7,
  0x52, 0x9c, 0xf7, 0x52, 0x9c, 0xf7, 0x52, 0x9c, 0xf7, 0x52, 0x9c, 0xf7,
  0x52, 0x9c, 0xf7, 0x52, 0x9c, 0xf7, 0x52, 0x9c, 0xf7, 0x52, 0x9c, 0xf7,
  0x52, 0x9c, 0xf7, 0x52, 0x9c, 0xf7, 0x52, 0x9c, 0xf7, 0x52, 0x9c, 0xf7,
  0x52, 0x9c, 0xf7, 0x52, 0x9c, 0xf7, 0x52, 0x9c, 0xf7, 0x52, 0x9c, 0xf7,
  0x52, 0x9c, 0xf7, 0x52, 0x9c, 0xf7, 0x52, 0x9c, 0xf7, 0x52, 0x9c, 0xf7,
  0x52, 0x9c, 0xf7, 0x52, 0x9c, 0xf7, 0x52, 0x9c, 0xf7, 0x52, 0x9c, 0xf7,
  0x52, 0x9c, 0xf7, 0x52, 0x9c, 0xf7, 0x52, 0x9c, 0xf7, 0x52, 0x9c, 0xf7,
  0x52, 0x9c, 0xf7, 0x52, 0x9c, 0xf7, 0x52, 0x9c, 0xf7, 0x52, 0x9c, 0xf7,
  0x52, 0x9c, 0xf7, 0x52, 0x9c, 0xf7, 0x52, 0x9c, 0xf7, 0x52, 0x9c, 0xf7,
  0x52, 0x9c, 0xf7, 0x52, 0x9c, 0xf7, 0x52, 0x9c, 0xf7, 0x52, 0x9c, 0xf7,
  0x52, 0x9c, 0xf7, 0x52, 0x9c, 0xf7, 0x52, 0x9c, 0xf7, 0x52, 0x9c, 0xf7,
  0x52, 0x9c, 0xf7, 0x52, 0x9c, 0xf7, 0x52, 0x9c, 0xf7, 0x52, 0x9c, 0xf7,
  0x52, 0x9c, 0xf7, 0x52, 0x9c, 0xf7, 0x52, 0x9c, 0xf7, 0x52, 0x9c, 0xf7,
  0x52, 0x9c, 0xf7, 0x52, 0x9c, 0xf7, 0x52, 0x9c, 0xf7, 0x52, 0x9c, 0xf7,
  0x52, 0x9c, 0xf7, 0x52, 0x9c, 0xf7, 0x52, 0x9c, 0xf7, 0x52, 0x9c, 0xf7,
  0x52, 0x9c, 0xf7, 0x52, 0x9c, 0xf7, 0x52, 0x9c, 0xf7, 0x52, 0x9c, 0xf7,
  0x52, 0x9c, 0xf7, 0x52, 0x9c, 0xf7, 0x52, 0x9c, 0xf7, 0x52, 0x9c, 0xf7,
  0x52, 0x9c, 0xf7, 0x52, 0x9c, 0xf7, 0x52, 0x9c, 0xf7, 0x52, 0x9c, 0xf7,
  0x52, 0x9c, 0xf7, 0x52, 0x9c, 0xf7, 0x52, 0x9c, 0xf7, 0x52, 0x9c, 0xf7,
  0x52, 0x9c, 0xf7, 0x52, 0x9c, 0xf7, 0x52, 0x9c, 0xf7, 0x52, 0x9c, 0xf7,
  0x52, 0x9c, 0xf7, 0x52, 0x9c, 0xf7, 0x52, 0x9c, 0xf7, 0x52, 0x9c, 0xf7,
  0x52, 0x9c, 0xf7, 0x52, 0x9c, 0xf7, 0x52, 0x9c, 0xf7, 0x52, 0x9c, 0xf7,
  0x52, 0x9c, 0xf7, 0x52, 0x9c, 0xf7, 0x52, 0x9c, 0xf7, 0x52, 0x9c, 0xf7,
  0x52, 0x9c, 0xf7, 0x52, 0x9c, 0xf7, 0x52, 0x9c, 0xf7, 0x52, 0x9c, 0xf7,
  0x52, 0x9c, 0xf7, 0x52, 0x9c, 0xf7, 0x52, 0x9c, 0xf7, 0x52, 0x9c, 0xf7,
  0x52, 0x9c, 0xf7, 0x52, 0x9c, 0xf7, 0x52, 0x9c, 0xf7, 0x52, 0x9c, 0xf7,
  0x52, 0x9c, 0xf7, 0x52, 0x9c, 0xf7, 0x52, 0x9c, 0xf7, 0x52, 0x9c, 0xf7,
  0x52, 0x9c, 0xf7, 0x52, 0x9c, 0xf7, 0x52, 0x9c, 0xf7, 0x52, 0x9c, 0xf7,
  0x52, 0x9c, 0xf7, 0x52, 0x9c, 0xf7, 0x52, 0x9c, 0xf7, 0x52, 0x9c, 0xf7,
  0x52, 0x9c, 0xf7, 0x52, 0x9c, 0xf7, 0x52, 0x9c, 0xf7, 0x52, 0x9c, 0xf7,
  0x52, 0x9c, 0xf7, 0x52, 0x9c, 0xf7, 0x52, 0x9c, 0xf7, 0x52, 0x9c, 0xf7,
  0x52, 0x9c, 0xf7, 0x52, 0x9c, 0xf7, 0x52, 0x9c, 0xf7, 0x52, 0x9c, 0xf7,
  0x52, 0x9c, 0xf7, 0x52, 0x9c, 0xf7, 0x52, 0x9c, 0xf7, 0x52, 0x9c, 0xf7,
  0x52, 0x9c, 0xf7, 0x52, 0x9c, 0xf7, 0x52, 0x9c, 0xf7, 0x52, 0x9c, 0xf7,
  0x52, 0x9c, 0xf7, 0x52, 0x9c, 0xf7, 0x52, 0x9c, 0xf7, 0x52, 0x9c, 0xf7,
  0x52, 0x9c, 0xf7, 0x52, 0x9c, 0xf7, 0x52, 0x9c, 0xf7, 0x52, 0x9c, 0xf7,
  0x52, 0x9c, 0xf7, 0x52, 0x9c, 0xf7, 0x52, 0x9c, 0xf7, 0x52, 0x9c, 0xf7,
  0x52, 0x9c, 0xf7, 0x52, 0x9c, 0xf7, 0x52, 0x9c, 0xf7, 0x52, 0x9c, 0xf7,
  0x52, 0x9c, 0xf7, 0x52, 0x9c, 0xf7, 0x52, 0x9c, 0xf7, 0x52, 0x9c, 0xf7,
  0x52, 0x9c, 0xf7, 0x52, 0x9c, 0xf7, 0x52, 0x9c, 0xf7, 0x52, 0x9c, 0xf7,
  0x52, 0x9c, 0xf7, 0x52, 0x9c, 0xf7, 0x52, 0x9c, 0xf7, 0x52, 0x9c, 0xf7,
  0x52, 0x9c, 0xf7, 0x52, 0x9c, 0xf7, 0x52, 0x9c, 0xf7, 0x52, 0x9c, 0xf7,
  0x52, 0x9c, 0xf7, 0x52, 0x9c, 0xf7, 0x52, 0x9c, 0xf7, 0x52, 0x9c, 0xf7,
  0x52, 0x9c, 0xf7, 0x52, 0x9c, 0xf7, 0x52, 0x9c, 0xf7, 0x52, 0x9c, 0xf7,
  0x52, 0x9c, 0xf7, 0x52, 0x9c, 0xf7, 0x52, 0x9c, 0xf7, 0x52, 0x9c, 0xf7,
  0x52, 0x9c, 0xf7, 0x52, 0x9c, 0xf7, 0x52, 0x9c, 0xf7, 0x52, 0x9c, 0xf7,
  0x52, 0x9c, 0xf7, 0x52, 0x9c, 0xf7, 0x52, 0x9c, 0xf7, 0x52, 0x9c, 0xf7,
  0x52, 0x9c, 0xf7, 0x52, 0x9c, 0xf7, 0x52, 0x9c, 0xf7, 0x52, 0x9c, 0xf7,
  0x52, 0x9c, 0xf7, 0x52, 0x9c, 0xf7, 0x52, 0x9c, 0xf7, 0x52, 0x9c, 0xf7,
  0x52, 0x9c, 0xf7, 0x52, 0x9c, 0xf7, 0x52, 0x9c, 0xf7, 0x52, 0x9c, 0xf7,
  0x52, 0x9c, 0xf7, 0x52, 0x9c, 0xf7, 0x52, 0x9c, 0xf7, 0x52, 0x9c, 0xf7,
  0x52, 0x9c, 0xf7, 0x52, 0x9c, 0xf7, 0x52, 0x9c, 0xf7, 0x52, 0x9c, 0xf7,
  0x52, 0x9c, 0xf7, 0x52, 0x9c, 0xf7, 0x52, 0x9c, 0xf7, 0x52, 0x9c, 0xf7,
  0x52, 0x9c, 0xf7, 0x52, 0x9c, 0xf7, 0x52, 0x9c, 0xf7, 0x52, 0x9c, 0xf7,
  0x52, 0x9c, 0xf7, 0x52, 0x9c, 0xf7, 0x52, 0x9c, 0xf7, 0x52, 0x9c, 0xf7,
  0x52, 0x9c, 0xf7, 0x52, 0x9c, 0xf7, 0x52, 0x9c, 0xf7, 0x52, 0x9c, 0xf7,
  0x52, 0x9c, 0xf7, 0x52, 0x9c, 0xf7, 0x52, 0x9c, 0xf7, 0x52, 0x9c, 0xf7,
  0x52, 0x9c, 0xf7, 0x52, 0x9c, 0xf7, 0x52, 0x9c, 0xf7, 0x52, 0x9c, 0xf7,
  0x52, 0x9c, 0xf7, 0x52, 0x9c, 0xf7, 0x52, 0x9c, 0xf7, 0x52, 0x9c, 0xf7,
  0x52, 0x9c, 0xf7, 0x52, 0x9c, 0xf7, 0x52, 0x9c, 0xf7, 0x52, 0x9c, 0xf7,
  0x52, 0x9c, 0xf7, 0x52, 0x9c, 0xf7, 0x52, 0x9c, 0xf7, 0x52, 0x9c, 0xf7,
  0x52, 0x9c, 0xf7, 0x52, 0x9c, 0xf7, 0x52, 0x9c, 0xf7, 0x52, 0x9c, 0xf7,
  0x52, 0x9c, 0xf7, 0x52, 0x9c, 0xf7, 0x52, 0x9c, 0xf7, 0x52, 0x9c, 0xf7,
  0x52, 0x9c, 0xf7, 0x52, 0x9c, 0xf7, 0x52, 0x9c, 0xf7, 0x52, 0x9c, 0xf7,
  0x52, 0x9c, 0xf7, 0x52, 0x9c, 0xf7, 0x52, 0x9c, 0xf7, 0x52, 0x9c, 0xf7,
  0x52, 0x9c, 0xf7, 0x52, 0x9c, 0xf7, 0x52, 0x9c, 0xf7, 0x52, 0x9c, 0xf7,
  0x52, 0x9c, 0xf7, 0x52, 0x9c, 0xf7, 0x52, 0x9c, 0xf7, 0x52, 0x9c, 0xf7,
  0x52, 0x9c, 0xf7, 0x52, 0x9c, 0xf7, 0x52, 0x9c, 0xf7, 0x52, 0x9c, 0xf7,
  0x52, 0x9c, 0xf7, 0x52, 0x9c, 0xf7, 0x52, 0x9c, 0xf7, 0x52, 0x9c, 0xf7,
  0x52, 0x9c, 0xf7, 0x52, 0x9c, 0xf7, 0x52, 0x9c, 0xf7, 0x52, 0x9c, 0xf7,
  0x52, 0x9c, 0xf7, 0x52, 0x9c, 0xf7, 0x52, 0x9c, 0xf7, 0x52, 0x9c, 0xf7,
  0x52, 0x9c, 0xf7, 0x52, 0x9c, 0xf7, 0x52, 0x9c, 0xf7, 0x52, 0x9c, 0xf7,
  0x52, 0x9c, 0xf7, 0x52, 0x9c, 0xf7, 0x52, 0x9c, 0xf7, 0x52, 0x9c, 0xf7,
  0x52, 0x9c, 0xf7, 0x52, 0x9c, 0xf7, 0x52, 0x9c, 0xf7, 0x52, 0x9c, 0xf7,
  0x52, 0x9c, 0xf7, 0x52, 0x9c, 0xf7, 0x52, 0x9c, 0xf7, 0x52, 0x9c, 0xf7,
  0x52, 0x9c, 0xf7, 0x52, 0x9c, 0xf7, 0x52, 0x9c, 0xf7, 0x52, 0x9c, 0xf7,
  0x52, 0x9c, 0xf7, 0x52, 0x9c, 0xf7, 0x52, 0x9c, 0xf7, 0x52, 0x9c, 0xf7,
  0x52, 0x9c, 0xf7, 0x52, 0x9c, 0xf7, 0x52, 0x9c, 0xf7, 0x52, 0x9c, 0xf7,
  0x52, 0x9c, 0xf7, 0x52, 0x9c, 0xf7, 0x52, 0x9c, 0xf7, 0x52, 0x9c, 0xf7,
  0x52, 0x9c, 0xf7, 0x52, 0x9c, 0xf7, 0x52, 0x9c, 0xf7, 0x52, 0x9c, 0xf7,
  0x52, 0x9c, 0xf7, 0x52, 0x9c, 0xf7, 0x52, 0x9c, 0xf7, 0x52, 0x9c, 0xf7,
  0x52, 0x9c, 0xf7, 0x52, 0x9c, 0xf7, 0x52, 0x9c, 0xf7, 0x52, 0x9c, 0xf7,
  0x52, 0x9c, 0xf7, 0x52, 0x9c, 0xf7, 0x52, 0x9c, 0xf7, 0x52, 0x9c, 0xf7,
  0x52, 0x9c, 0xf7, 0x52, 0x9c, 0xf7, 0x52, 0x9c, 0xf7, 0x52, 0x9c, 0xf7,
  0x52, 0x9c, 0xf7, 0x52, 0x9c, 0xf7, 0x52, 0x9c, 0xf7, 0x52, 0x9c, 0xf7,
  0x52, 0x9c, 0xf7, 0x52, 0x9c, 0xf7, 0x52, 0x9c, 0xf7, 0x52, 0x9c, 0xf7,
  0x52, 0x9c, 0xf7, 0x52, 0x9c, 0xf7, 0x52, 0x9c, 0xf7, 0x52, 0x9c, 0xf7,
  0x52, 0x9c, 0xf7, 0x52, 0x9c, 0xf7, 0x52, 0x9c, 0xf7, 0x52, 0x9c, 0xf7,
  0x52, 0x9c, 0xf7, 0x52, 0x9c, 0xf7, 0x52, 0x9c, 0xf7, 0x52, 0x9c, 0xf7,
  0x52, 0x9c, 0xf7, 0x52, 0x9c, 0xf7, 0x52, 0x9c, 0xf7, 0x52, 0x9c, 0xf7,
  0x52, 0x9c, 0xf7, 0x52, 0x9c, 0xf7, 0x52, 0x9c, 0xf7, 0x52, 0x9c, 0xf7,
  0x52, 0x9c, 0xf7, 0x52, 0x9c, 0xf7, 0x52, 0x9c, 0xf7, 0x52, 0x9c, 0xf7,
  0x52, 0x9c, 0xf7, 0x52, 0x9c, 0xf7, 0x52, 0x9c, 0xf7, 0x52, 0x9c, 0xf7,
  0x52, 0x9c, 0xf7, 0x52, 0x9c, 0xf7, 0x52, 0x9c, 0xf7, 0x52, 0x9c, 0xf7,
  0x52, 0x9c, 0xf7, 0x52, 0x9c, 0xf7, 0x52, 0x9c, 0xf7, 0x52, 0x9c, 0xf7,
  0x52, 0x9c, 0xf7, 0x52, 0x9c, 0xf7, 0x52, 0x9c, 0xf7, 0x52, 0x9c, 0xf7,
  0x52, 0x9c, 0xf7, 0x52, 0x9c, 0xf7, 0x52, 0x9c, 0xf7, 0x52, 0x9c, 0xf7,
  0x52, 0x9c, 0xf7, 0x52, 0x9c, 0xf7, 0x52, 0x9c, 0xf7, 0x52, 0x9c, 0xf7,
  0x52, 0x9c, 0xf7, 0x52, 0x9c, 0xf7, 0x52, 0x9c, 0xf7, 0x52, 0x9c, 0xf7,
  0x52, 0x9c, 0xf7, 0x52, 0x9c, 0xf7, 0x52, 0x9c, 0xf7, 0x52, 0x9c, 0xf7,
  0x52, 0x9c, 0xf7, 0x52, 0x9c, 0xf7, 0x52, 0x9c, 0xf7, 0x52, 0x9c, 0xf7,
  0x52, 0x9c, 0xf7, 0x52, 0x9c, 0xf7, 0x52, 0x9c, 0xf7, 0x52, 0x9c, 0xf7,
  0x52, 0x9c, 0xf7, 0x52, 0x9c, 0xf7, 0x52, 0x9c, 0xf7, 0x52, 0x9c, 0xf7,
  0x52, 0x9c, 0xf7, 0x52, 0x9c, 0xf7, 0x52, 0x9c, 0xf7, 0x52, 0x9c, 0xf7,
  0x52, 0x9c, 0xf7, 0x52, 0x9c, 0xf7, 0x52, 0x9c, 0xf7, 0x52, 0x9c, 0xf7,
  0x52, 0x9c, 0xf7, 0x52, 0x9c, 0xf7, 0x52, 0x9c, 0xf7, 0x52, 0x9c, 0xf7,
  0x52, 0x9c, 0xf7, 0x52, 0x9c, 0xf7, 0x52, 0x9c, 0xf7, 0x52, 0x9c, 0xf7,
  0x52, 0x9c, 0xf7, 0x52, 0x9c, 0xf7, 0x52, 0x9c, 0xf7, 0x52, 0x9c, 0xf7,
  0x52, 0x9c, 0xf7, 0x52, 0x9c, 0xf7, 0x52, 0x9c, 0xf7, 0x52, 0x9c, 0xf7,
  0x52, 0x9c, 0xf7, 0x52, 0x9c, 0xf7, 0x52, 0x9c, 0xf7, 0x52, 0x9c, 0xf7,
  0x52, 0x9c, 0xf7, 0x52, 0x9c, 0xf7, 0x52, 0x9c, 0xf7, 0x52, 0x9c, 0xf7,
  0x52, 0x9c, 0xf7, 0x52, 0x9c, 0xf7, 0x52, 0x9c, 0xf7, 0x52, 0x9c, 0xf7,
  0x52, 0x9c, 0xf7, 0x52, 0x9c, 0xf7, 0x52, 0x9c, 0xf7, 0x52, 0x9c, 0xf7,
  0x52, 0x9c, 0xf7, 0x52, 0x9c, 0xf7, 0x52, 0x9c, 0xf7, 0x52, 0x9c, 0xf7,
  0x52, 0x9c, 0xf7, 0x52, 0x9c, 0xf7, 0x52, 0x9c, 0xf7, 0x52, 0x9c, 0xf7,
  0x52, 0x9c, 0xf7, 0x52, 0x9c, 0xf7, 0x52, 0x9c, 0xf7, 0x52, 0x9c, 0xf7,
  0x52, 0x9c, 0xf7, 0x52, 0x9c, 0xf7, 0x52, 0x9c, 0xf7, 0x52, 0x9c, 0xf7,
  0x52, 0x9c, 0xf7, 0x52, 0x9c, 0xf7, 0x52, 0x9c, 0xf7, 0x52, 0x9c, 0xf7,
  0x52, 0x9c, 0xf7, 0x52, 0x9c, 0xf7, 0x52, 0x9c, 0xf7, 0x52, 0x9c, 0xf7,
  0x52, 0x9c, 0xf7, 0x52, 0x9c, 0xf7, 0x52, 0x9c, 0xf7, 0x52, 0x9c, 0xf7,
  0x52, 0x9c, 0xf7, 0x52, 0x9c, 0xf7, 0x52, 0x9c, 0xf7, 0x52, 0x9c, 0xf7,
  0x52, 0x9c, 0xf7, 0x52, 0x9c, 0xf7, 0x52, 0x9c, 0xf7, 0x52, 0x9c, 0xf7,
  0x52, 0x9c, 0xf7, 0x52, 0x9c, 0xf7, 0x52, 0x9c, 0xf7, 0x52, 0x9c, 0xf7,
  0x52, 0x9c, 0xf7, 0x52, 0x9c, 0xf7, 0x52, 0x9c, 0xf7, 0x52, 0x9c, 0xf7,
  0x52, 0x9c, 0xf7, 0x52, 0x9c, 0xf7, 0x52, 0x9c, 0xf7, 0x52, 0x9c, 0xf7,
  0x52, 0x9c, 0xf7, 0x52, 0x9c, 0xf7, 0x52, 0x9c, 0xf7, 0x52, 0x9c, 0xf7,
  0x52, 0x9c, 0xf7, 0x52, 0x9c, 0xf7, 0x52, 0x9c, 0xf7, 0x52, 0x9c, 0xf7,
  0x52, 0x9c, 0xf7, 0x52, 0x9c, 0xf7, 0x52, 0x9c, 0xf7, 0x52, 0x9c, 0xf7,
  0x52, 0x9c, 0xf7, 0x52, 0x9c, 0xf7, 0x52, 0x9c, 0xf7, 0x52, 0x9c, 0xf7,
  0x52, 0x9c, 0xf7, 0x52, 0x9c, 0xf7, 0x52, 0x9c, 0xf7, 0x52, 0x9c, 0xf7,
  0x52, 0x9c, 0xf7, 0x52, 0x9c, 0xf7, 0x52, 0x9c, 0xf7, 0x52, 0x9c, 0xf7,
  0x52, 0x9c, 0xf7, 0x52, 0x9c, 0xf7, 0x52, 0x9c, 0xf7, 0x52, 0x9c, 0xf7,
  0x52, 0x9c, 0xf7, 0x52, 0x9c, 0xf7, 0x52, 0x9c, 0xf7, 0x52, 0x9c, 0xf7,
  0x52, 0x9c, 0xf7, 0x52, 0x9c, 0xf7, 0x52, 0x9c, 0xf7, 0x52, 0x9c, 0xf7,
  0x52, 0x9c, 0xf7, 0x52, 0x9c, 0xf7, 0x52, 0x9c, 0xf7, 0x52, 0x9c, 0xf7,
  0x52, 0x9c, 0xf7, 0x52, 0x9c, 0xf7, 0x52, 0x9c, 0xf7, 0x52, 0x9c, 0xf7,
  0x52, 0x9c, 0xf7, 0x52, 0x9c, 0xf7, 0x52, 0x9c, 0xf7, 0x52, 0x9c, 0xf7,
  0x52, 0x9c, 0xf7, 0x52, 0x9c, 0xf7, 0x52, 0x9c, 0xf7, 0x52, 0x9c, 0xf7,
  0x52, 0x9c, 0xf7, 0x52, 0x9c, 0xf7, 0x52, 0x9c, 0xf7, 0x52, 0x9c, 0xf7,
  0x52, 0x9c, 0xf7, 0x52, 0x9c, 0xf7, 0x52, 0x9c, 0xf7, 0x52, 0x9c, 0xf7,
  0x52, 0x9c, 0xf7, 0x52, 0x9c, 0xf7, 0x52, 0x9c, 0xf7, 0x52, 0x9c, 0xf7,
  0x52, 0x9c, 0xf7, 0x52, 0x9c, 0xf7, 0x52, 0x9c, 0xf7, 0x52, 0x9c, 0xf7,
  0x52, 0x9c, 0xf7, 0x52, 0x9c, 0xf7, 0x52, 0x9c, 0xf7, 0x52, 0x9c, 0xf7,
  0x52, 0x9c, 0xf7, 0x52, 0x9c, 0xf7, 0x52, 0x9c, 0xf7, 0x52, 0x9c, 0xf7,
  0x52, 0x9c, 0xf7, 0x52, 0x9c, 0xf7, 0x52, 0x9c, 0xf7, 0x52, 0x9c, 0xf7,
  0x52, 0x9c, 0xf7, 0x52, 0x9c, 0xf7, 0x52, 0x9c, 0xf7, 0x52, 0x9c, 0xf7,
  0x52, 0x9c, 0xf7, 0x52, 0x9c, 0xf7, 0x52, 0x9c, 0xf7, 0x52, 0x9c, 0xf7,
  0x52, 0x9c, 0xf7, 0x52, 0x9c, 0xf7, 0x52, 0x9c, 0xf7, 0x52, 0x9c, 0xf7,
  0x52, 0x9c, 0xf7, 0x52, 0x9c, 0xf7, 0x52, 0x9c, 0xf7, 0x52, 0x9c, 0xf7,
  0x52, 0x9c, 0xf7, 0x52, 0x9c, 0xf7, 0x52, 0x9c, 0xf7, 0x52, 0x9c, 0xf7,
  0x52, 0x9c, 0xf7, 0x52, 0x9c, 0xf7, 0x52, 0x9c, 0xf7, 0x52, 0x9c, 0xf7,
  0x52, 0x9c, 0xf7, 0x52, 0x9c, 0xf7, 0x52, 0x9c, 0xf7, 0x52, 0x9c, 0xf7,
  0x52, 0x9c, 0xf7, 0x52, 0x9c, 0xf7, 0x52, 0x9c, 0xf7, 0x52, 0x9c, 0xf7,
  0x52, 0x9c, 0xf7, 0x52, 0x9c, 0xf7, 0x52, 0x9c, 0xf7, 0x52, 0x9c, 0xf7,
  0x52, 0x9c, 0xf7, 0x52, 0x9c, 0xf7, 0x52, 0x9c, 0xf7, 0x52, 0x9c, 0xf7,
  0x52, 0x9c, 0xf7, 0x52, 0x9c, 0xf7, 0x52, 0x9c, 0xf7, 0x52, 0x9c, 0xf7,
  0x52, 0x9c, 0xf7, 0x52, 0x9c, 0xf7, 0x52, 0x9c, 0xf7, 0x52, 0x9c, 0xf7,
  0x52, 0x9c, 0xf7, 0x52, 0x9c, 0xf7, 0x52, 0x9c, 0xf7, 0x52, 0x9c, 0xf7,
  0x52, 0x9c, 0xf7, 0x52, 0x9c, 0xf7, 0x52, 0x9c, 0xf7, 0x52, 0x9c, 0xf7,
  0x52, 0x9c, 0xf7, 0x52, 0x9c, 0xf7, 0x52, 0x9c, 0xf7, 0x52, 0x9c, 0xf7,
  0x52, 0x9c, 0xf7, 0x52, 0x9c, 0xf7, 0x52, 0x9c, 0xf7, 0x52, 0x9c, 0xf7,
  0x52, 0x9c, 0xf7, 0x52, 0x9c, 0xf7, 0x52, 0x9c, 0xf7, 0x52, 0x9c, 0xf7,
  0x52, 0x9c, 0xf7, 0x52, 0x9c, 0xf7, 0x52, 0x9c, 0xf7, 0x52, 0x9c, 0xf7,
  0x52, 0x9c, 0xf7, 0x52, 0x9c, 0xf7, 0x52, 0x9c, 0xf7, 0x52, 0x9c, 0xf7,
  0x52, 0x9c, 0xf7, 0x52, 0x9c, 0xf7, 0x52, 0x9c, 0xf7, 0x52, 0x9c, 0xf7,
  0x52, 0x9c, 0xf7, 0x52, 0x9c, 0xf7, 0x52, 0x9c, 0xf7, 0x52, 0x9c, 0xf7,
  0x52, 0x9c, 0xf7, 0x52, 0x9c, 0xf7, 0x52, 0x9c, 0xf7, 0x52, 0x9c, 0xf7,
  0x52, 0x9c, 0xf7, 0x52, 0x9c, 0xf7, 0x52, 0x9c, 0xf7, 0x52, 0x9c, 0xf7,
  0x52, 0x9c, 0xf7, 0x52, 0x9c, 0xf7, 0x52, 0x9c, 0xf7, 0x52, 0x9c, 0xf7,
  0x52, 0x9c, 0xf7, 0x52, 0x9c, 0xf7, 0x52, 0x9c, 0xf7, 0x52, 0x9c, 0xf7,
  0x52, 0x9c, 0xf7, 0x52, 0x9c, 0xf7, 0x52, 0x9c, 0xf7, 0x52, 0x9c, 0xf7,
  0x52, 0x9c, 0xf7, 0x52, 0x9c, 0xf7, 0x52, 0x9c, 0xf7, 0x52, 0x9c, 0xf7,
  0x52, 0x9c, 0xf7, 0x52, 0x9c, 0xf7, 0x52, 0x9c, 0xf7, 0x52, 0x9c, 0xf7,
  0x52, 0x9c, 0xf7, 0x52, 0x9c, 0xf7, 0x52, 0x9c, 0xf7, 0x52, 0x9c, 0xf7,
  0x52, 0x9c, 0xf7, 0x52, 0x9c, 0xf7, 0x52, 0x9c, 0xf7, 0x52, 0x9c, 0xf7,
  0x52, 0x9c, 0xf7, 0x52, 0x9c, 0xf7, 0x52, 0x9c, 0xf7, 0x52, 0x9c, 0xf7,
  0x52, 0x9c, 0xf7, 0x52, 0x9c, 0xf7, 0x52, 0x9c, 0xf7, 0x52, 0x9c, 0xf7,
  0x52, 0x9c, 0xf7, 0x52, 0x9c, 0xf7, 0x52, 0x9c, 0xf7, 0x52, 0x9c, 0xf7,
  0x52, 0x9c, 0xf7, 0x52, 0x9c, 0xf7, 0x52, 0x9c, 0xf7, 0x52, 0x9c, 0xf7,
  0x52, 0x9c, 0xf7, 0x52, 0x9c, 0xf7, 0x52, 0x9c, 0xf7, 0x52, 0x9c, 0xf7,
  0x52, 0x9c, 0xf7, 0x52, 0x9c, 0xf7, 0x52, 0x9c, 0xf7, 0x52, 0x9c, 0xf7,
  0x52, 0x9c, 0xf7, 0x52, 0x9c, 0xf7, 0x52, 0x9c, 0xf7, 0x52, 0x9c, 0xf7,
  0x52, 0x9c, 0xf7, 0x52, 0x9c, 0xf7, 0x52, 0x9c, 0xf7, 0x52, 0x9c, 0xf7,
  0x52, 0x9c, 0xf7, 0x52, 0x9c, 0xf7, 0x52, 0x9c, 0xf7, 0x52, 0x9c, 0xf7,
  0x52, 0x9c, 0xf7, 0x52, 0x9c, 0xf7, 0x52, 0x9c, 0xf7, 0x52, 0x9c, 0xf7,
  0x52, 0x9c, 0xf7, 0x52, 0x9c, 0xf7, 0x52, 0x9c, 0xf7, 0x52, 0x9c, 0xf7,
  0x52, 0x9c, 0xf7, 0x52, 0x9c, 0xf7, 0x52, 0x9c, 0xf7, 0x52, 0x9c, 0xf7,
  0x52, 0x9c, 0xf7, 0x52, 0x9c, 0xf7, 0x52, 0x9c, 0xf7, 0x52, 0x9c, 0xf7,
  0x52, 0x9c, 0xf7, 0x52, 0x9c, 0xf7, 0x52, 0x9c, 0xf7, 0x52, 0x9c, 0xf7,
  0x52, 0x9c, 0xf7, 0x52, 0x9c, 0xf7, 0x52, 0x9c, 0xf7, 0x52, 0x9c, 0xf7,
  0x52, 0x9c, 0xf7, 0x52, 0x9c, 0xf7, 0x52, 0x9c, 0xf7, 0x52, 0x9c, 0xf7,
  0x52, 0x9c, 0xf7, 0x52, 0x9c, 0xf7, 0x52, 0x9c, 0xf7, 0x52, 0x9c, 0xf7,
  0x52, 0x9c, 0xf7, 0x52, 0x9c, 0xf7, 0x52, 0x9c, 0xf7, 0x52, 0x9c, 0xf7,
  0x52, 0x9c, 0xf7, 0x52, 0x9c, 0xf7, 0x52, 0x9c, 0xf7, 0x52, 0x9c, 0xf7,
  0x52, 0x9c, 0xf7, 0x52, 0x9c, 0xf7, 0x52, 0x9c, 0xf7, 0x52, 0x9c, 0xf7,
  0x52, 0x9c, 0xf7, 0x52, 0x9c, 0xf7, 0x52, 0x9c, 0xf7, 0x52, 0x9c, 0xf7,
  0x52, 0x9c, 0xf7, 0x52, 0x9c, 0xf7, 0x52, 0x9c, 0xf7, 0x52, 0x9c, 0xf7,
  0x52, 0x9c, 0xf7, 0x52, 0x9c, 0xf7, 0x52, 0x9c, 0xf7, 0x52, 0x9c, 0xf7,
  0x52, 0x9c, 0xf7, 0x52, 0x9c, 0xf7, 0x52, 0x9c, 0xf7, 0x52, 0x9c, 0xf7,
  0x52, 0x9c, 0xf7, 0x52, 0x9c, 0xf7, 0x52, 0x9c, 0xf7, 0x52, 0x9c, 0xf7,
  0x52, 0x9c, 0xf7, 0x52, 0x9c, 0xf7, 0x52, 0x9c, 0xf7, 0x52, 0x9c, 0xf7,
  0x52, 0x9c, 0xf7, 0x52, 0x9c, 0xf7, 0x52, 0x9c, 0xf7, 0x52, 0x9c, 0xf7,
  0x52, 0x9c, 0xf7, 0x52, 0x9c, 0xf7, 0x52, 0x9c, 0xf7, 0x52, 0x9c, 0xf7,
  0x52, 0x9c, 0xf7, 0x52, 0x9c, 0xf7, 0x52, 0x9c, 0xf7, 0x52, 0x9c, 0xf7,
  0x52, 0x9c, 0xf7, 0x52, 0x9c, 0xf7, 0x52, 0x9c, 0xf7, 0x52, 0x9c, 0xf7,
  0x52, 0x9c, 0xf7, 0x52, 0x9c, 0xf7, 0x52, 0x9c, 0xf7, 0x52, 0x9c, 0xf7,
  0x52, 0x9c, 0xf7, 0x52, 0x9c, 0xf7, 0x52, 0x9c, 0xf7, 0x52, 0x9c, 0xf7,
  0x52, 0x9c, 0xf7, 0x52, 0x9c, 0xf7, 0x52, 0x9c, 0xf7, 0x52, 0x9c, 0xf7,
  0x52, 0x9c, 0xf7, 0x52, 0x9c, 0xf7, 0x52, 0x9c, 0xf7, 0x52, 0x9c, 0xf7,
  0x52, 0x9c, 0xf7, 0x52, 0x9c, 0xf7, 0x52, 0x9c, 0xf7, 0x52, 0x9c, 0xf7,
  0x52, 0x9c, 0xf7, 0x52, 0x9c, 0xf7, 0x52, 0x9c, 0xf7, 0x52, 0x9c, 0xf7,
  0x52, 0x9c, 0xf7, 0x52, 0x9c, 0xf7, 0x52, 0x9c, 0xf7, 0x52, 0x9c, 0xf7,
  0x52, 0x9c, 0xf7, 0x52, 0x9c, 0xf7, 0x52, 0x9c, 0xf7, 0x52, 0x9c, 0xf7,
  0x52, 0x9c, 0xf7, 0x52, 0x9c, 0xf7, 0x52, 0x9c, 0xf7, 0x52, 0x9c, 0xf7,
  0x52, 0x9c, 0xf7, 0x52, 0x9c, 0xf7, 0x52, 0x9c, 0xf7, 0x52, 0x9c, 0xf7,
  0x52, 0x9c, 0xf7, 0x52, 0x9c, 0xf7, 0x52, 0x9c, 0xf7, 0x52, 0x9c, 0xf7,
  0x52, 0x9c, 0xf7, 0x52, 0x9c, 0xf7, 0x52, 0x9c, 0xf7, 0x52, 0x9c, 0xf7,
  0x52, 0x9c, 0xf7, 0x52, 0x9c, 0xf7, 0x52, 0x9c, 0xf7, 0x52, 0x9c, 0xf7,
  0x52, 0x9c, 0xf7, 0x52, 0x9c, 0xf7, 0x52, 0x9c, 0xf7, 0x52, 0x9c, 0xf7,
  0x52, 0x9c, 0xf7, 0x52, 0x9c, 0xf7, 0x52, 0x9c, 0xf7, 0x52, 0x9c, 0xf7,
  0x52, 0x9c, 0xf7, 0x52, 0x9c, 0xf7, 0x52, 0x9c, 0xf7, 0x52, 0x9c, 0xf7,
  0x52, 0x9c, 0xf7, 0x52, 0x9c, 0xf7, 0x52, 0x9c, 0xf7, 0x52, 0x9c, 0xf7,
  0x52, 0x9c, 0xf7, 0x52, 0x9c, 0xf7, 0x52, 0x9c, 0xf7, 0x52, 0x9c, 0xf7,
  0x52, 0x9c, 0xf7, 0x52, 0x9c, 0xf7, 0x52, 0x9c, 0xf7, 0x52, 0x9c, 0xf7,
  0x52, 0x9c, 0xf7, 0x52, 0x9c, 0xf7, 0x52, 0x9c, 0xf7, 0x52, 0x9c, 0xf7,
  0x52, 0x9c, 0xf7, 0x52, 0x9c, 0xf7, 0x52, 0x9c, 0xf7, 0x52, 0x9c, 0xf7,
  0x52, 0x9c, 0xf7, 0x52, 0x9c, 0xf7, 0x52, 0x9c, 0xf7, 0x52, 0x9c, 0xf7,
  0x52, 0x9c, 0xf7, 0x52, 0x9c, 0xf7, 0x52, 0x9c, 0xf7, 0x52, 0x9c, 0xf7,
  0x52, 0x9c, 0xf7, 0x52, 0x9c, 0xf7, 0x52, 0x9c, 0xf7, 0x52, 0x9c, 0xf7,
  0x52, 0x9c, 0xf7, 0x52, 0x9c, 0xf7, 0x52, 0x9c, 0xf7, 0x52, 0x9c, 0xf7,
  0x52, 0x9c, 0xf7, 0x52, 0x9c, 0xf7, 0x52, 0x9c, 0xf7, 0x52, 0x9c, 0xf7,
  0x52, 0x9c, 0xf7, 0x52, 0x9c, 0xf7, 0x52, 0x9c, 0xf7, 0x52, 0x9c, 0xf7,
  0x52, 0x9c, 0xf7, 0x52, 0x9c, 0xf7, 0x52, 0x9c, 0xf7, 0x52, 0x9c, 0xf7,
  0x52, 0x9c, 0xf7, 0x52, 0x9c, 0xf7, 0x52, 0x9c, 0xf7, 0x52, 0x9c, 0xf7,
  0x52, 0x9c, 0xf7, 0x52, 0x9c, 0xf7, 0x52, 0x9c, 0xf7, 0x52, 0x9c, 0xf7,
  0x52, 0x9c, 0xf7, 0x52, 0x9c, 0xf7, 0x52, 0x9c, 0xf7, 0x52, 0x9c, 0xf7,
  0x52, 0x9c, 0xf7, 0x52, 0x9c, 0xf7, 0x52, 0x9c, 0xf7, 0x52, 0x9c, 0xf7,
  0x52, 0x9c, 0xf7, 0x52, 0x9c, 0xf7, 0x52, 0x9c, 0xf7, 0x52, 0x9c, 0xf7,
  0x52, 0x9c, 0xf7, 0x52, 0x9c, 0xf7, 0x52, 0x9c, 0xf7, 0x52, 0x9c, 0xf7,
  0x52, 0x9c, 0xf7, 0x52, 0x9c, 0xf7, 0x52, 0x9c, 0xf7, 0x52, 0x9c, 0xf7,
  0x52, 0x9c, 0xf7, 0x52, 0x9c, 0xf7, 0x52, 0x9c, 0xf7, 0x52, 0x9c, 0xf7,
  0x52, 0x9c, 0xf7, 0x52, 0x9c, 0xf7, 0x52, 0x9c, 0xf7, 0x52, 0x9c, 0xf7,
  0x52, 0x9c, 0xf7, 0x52, 0x9c, 0xf7, 0x52, 0x9c, 0xf7, 0x52, 0x9c, 0xf7,
  0x52, 0x9c, 0xf7, 0x52, 0x9c, 0xf7, 0x52, 0x9c, 0xf7, 0x52, 0x9c, 0xf7,
  0x52, 0x9c, 0xf7, 0x52, 0x9c, 0xf7, 0x52, 0x9c, 0xf7, 0x52, 0x9c, 0xf7,
  0x52, 0x9c, 0xf7, 0x52, 0x9c, 0xf7, 0x52, 0x9c, 0xf7, 0x52, 0x9c, 0xf7,
  0x52, 0x9c, 0xf7, 0x52, 0x9c, 0xf7, 0x52, 0x9c, 0xf7, 0x52, 0x9c, 0xf7,
  0x52, 0x9c, 0xf7, 0x52, 0x9c, 0xf7, 0x52, 0x9c, 0xf7, 0x52, 0x9c, 0xf7,
  0x52, 0x9c, 0xf7, 0x52, 0x9c, 0xf7, 0x52, 0x9c, 0xf7, 0x52, 0x9c, 0xf7,
  0x52, 0x9c, 0xf7, 0x52, 0x9c, 0xf7, 0x52, 0x9c, 0xf7, 0x52, 0x9c, 0xf7,
  0x52, 0x9c, 0xf7, 0x52, 0x9c, 0xf7, 0x52, 0x9c, 0xf7, 0x52, 0x9c, 0xf7,
  0x52, 0x9c, 0xf7, 0x52, 0x9c, 0xf7, 0x52, 0x9c, 0xf7, 0x52, 0x9c, 0xf7,
  0x52, 0x9c, 0xf7, 0x52, 0x9c, 0xf7, 0x52, 0x9c, 0xf7, 0x52, 0x9c, 0xf7,
  0x52, 0x9c, 0xf7, 0x52, 0x9c, 0xf7, 0x52, 0x9c, 0xf7, 0x52, 0x9c, 0xf7,
  0x52, 0x9c, 0xf7, 0x52, 0x9c, 0xf7, 0x52, 0x9c, 0xf7, 0x52, 0x9c, 0xf7,
  0x52, 0x9c, 0xf7, 0x52, 0x9c, 0xf7, 0x52, 0x9c, 0xf7, 0x52, 0x9c, 0xf7,
  0x52, 0x9c, 0xf7, 0x52, 0x9c, 0xf7, 0x52, 0x9c, 0xf7, 0x52, 0x9c, 0xf7,
  0x52, 0x9c, 0xf7, 0x52, 0x9c, 0xf7, 0x52, 0x9c, 0xf7, 0x52, 0x9c, 0xf7,
  0x52, 0x9c, 0xf7, 0x52, 0x9c, 0xf7, 0x52, 0x9c, 0xf7, 0x52, 0x9c, 0xf7,
  0x52, 0x9c, 0xf7, 0x52, 0x9c, 0xf7, 0x52, 0x9c, 0xf7, 0x52, 0x9c, 0xf7,
  0x52, 0x9c, 0xf7, 0x52, 0x9c, 0xf7, 0x52, 0x9c, 0xf7, 0x52, 0x9c, 0xf7,
  0x52, 0x9c, 0xf7, 0x52, 0x9c, 0xf7, 0x52, 0x9c, 0xf7, 0x52, 0x9c, 0xf7,
  0x52, 0x9c, 0xf7, 0x52, 0x9c, 0xf7, 0x52, 0x9c, 0xf7, 0x52, 0x9c, 0xf7,
  0x52, 0x9c, 0xf7, 0x52, 0x9c, 0xf7, 0x52, 0x9c, 0xf7, 0x52, 0x9c, 0xf7,
  0x52, 0x9c, 0xf7, 0x52, 0x9c, 0xf7, 0x52, 0x9c, 0xf7, 0x52, 0x9c, 0xf7,
  0x52, 0x9c, 0xf7, 0x52, 0x9c, 0xf7, 0x52, 0x9c, 0xf7, 0x52, 0x9c, 0xf7,
  0x52, 0x9c, 0xf7, 0x52, 0x9c, 0xf7, 0x52, 0x9c, 0xf7, 0x52, 0x9c, 0xf7,
  0x52, 0x9c, 0xf7, 0x52, 0x9c, 0xf7, 0x52, 0x9c, 0xf7, 0x52, 0x9c, 0xf7,
  0x52, 0x9c, 0xf7, 0x52, 0x9c, 0xf7, 0x52, 0x9c, 0xf7, 0x52, 0x9c, 0xf7,
  0x52, 0x9c, 0xf7, 0x52, 0x9c, 0xf7, 0x52, 0x9c, 0xf7, 0x52, 0x9c, 0xf7,
  0x52, 0x9c, 0xf7, 0x52, 0x9c, 0xf7, 0x52, 0x9c, 0xf7, 0x52, 0x9c, 0xf7,
  0x52, 0x9c, 0xf7, 0x52, 0x9c, 0xf7, 0x52, 0x9c, 0xf7, 0x52, 0x9c, 0xf7,
  0x52, 0x9c, 0xf7, 0x52, 0x9c, 0xf7, 0x52, 0x9c, 0xf7, 0x52, 0x9c, 0xf7,
  0x52, 0x9c, 0xf7, 0x52, 0x9c, 0xf7, 0x52, 0x9c, 0xf7, 0x52, 0x9c, 0xf7,
  0x52, 0x9c, 0xf7, 0x52, 0x9c, 0xf7, 0x52, 0x9c, 0xf7, 0x52, 0x9c, 0xf7,
  0x52, 0x9c, 0xf7, 0x52, 0x9c, 0xf7, 0x52, 0x9c, 0xf7, 0x52, 0x9c, 0xf7,
  0x52, 0x9c, 0xf7, 0x52, 0x9c, 0xf7, 0x52, 0x9c, 0xf7, 0x52, 0x9c, 0xf7,
  0x52, 0x9c, 0xf7, 0x52, 0x9c, 0xf7, 0x52, 0x9c, 0xf7, 0x52, 0x9c, 0xf7,
  0x52, 0x9c, 0xf7, 0x52, 0x9c, 0xf7, 0x52, 0x9c, 0xf7, 0x52, 0x9c, 0xf7,
  0x52, 0x9c, 0xf7, 0x52, 0x9c, 0xf7, 0x52, 0x9c, 0xf7, 0x52, 0x9c, 0xf7,
  0x52, 0x9c, 0xf7, 0x52, 0x9c, 0xf7, 0x52, 0x9c, 0xf7, 0x52, 0x9c, 0xf7,
  0x52, 0x9c, 0xf7, 0x52, 0x9c, 0xf7, 0x52, 0x9c, 0xf7, 0x52, 0x9c, 0xf7,
  0x52, 0x9c, 0xf7, 0x52, 0x9c, 0xf7, 0x52, 0x9c, 0xf7, 0x52, 0x9c, 0xf7,
  0x52, 0x9c, 0xf7, 0x52, 0x9c, 0xf7, 0x52, 0x9c, 0xf7, 0x52, 0x9c, 0xf7,
  0x52, 0x9c, 0xf7, 0x52, 0x9c, 0xf7, 0x52, 0x9c, 0xf7, 0x52, 0x9c, 0xf7,
  0x52, 0x9c, 0xf7, 0x52, 0x9c, 0xf7, 0x52, 0x9c, 0xf7, 0x52, 0x9c, 0xf7,
  0x52, 0x9c, 0xf7, 0x52, 0x9c, 0xf7, 0x52, 0x9c, 0xf7, 0x52, 0x9c, 0xf7,
  0x52, 0x9c, 0xf7, 0x52, 0x9c, 0xf7, 0x52, 0x9c, 0xf7, 0x52, 0x9c, 0xf7,
  0x52, 0x9c, 0xf7, 0x52, 0x9c, 0xf7, 0x52, 0x9c, 0xf7, 0x52, 0x9c, 0xf7,
  0x52, 0x9c, 0xf7, 0x52, 0x9c, 0xf7, 0x52, 0x9c, 0xf7, 0x52, 0x9c, 0xf7,
  0x52, 0x9c, 0xf7, 0x52, 0x9c, 0xf7, 0x52, 0x9c, 0xf7, 0x52, 0x9c, 0xf7,
  0x52, 0x9c, 0xf7, 0x52, 0x9c, 0xf7, 0x52, 0x9c, 0xf7, 0x52, 0x9c, 0xf7,
  0x52, 0x9c, 0xf7, 0x52, 0x9c, 0xf7, 0x52, 0x9c, 0xf7, 0x52, 0x9c, 0xf7,
  0x52, 0x9c, 0xf7, 0x52, 0x9c, 0xf7, 0x52, 0x9c, 0xf7, 0x52, 0x9c, 0xf7,
  0x52, 0x9c, 0xf7, 0x52, 0x9c, 0xf7, 0x52, 0x9c, 0xf7, 0x52, 0x9c, 0xf7,
  0x52, 0x9c, 0xf7, 0x52, 0x9c, 0xf7, 0x52, 0x9c, 0xf7, 0x52, 0x9c, 0xf7,
  0x52, 0x9c, 0xf7, 0x52, 0x9c, 0xf7, 0x52, 0x9c, 0xf7, 0x52, 0x9c, 0xf7,
  0x52, 0x9c, 0xf7, 0x52, 0x9c, 0xf7, 0x52, 0x9c, 0xf7, 0x52, 0x9c, 0xf7,
  0x52, 0x9c, 0xf7, 0x52, 0x9c, 0xf7, 0x52, 0x9c, 0xf7, 0x52, 0x9c, 0xf7,
  0x52, 0x9c, 0xf7, 0x52, 0x9c, 0xf7, 0x52, 0x9c, 0xf7, 0x52, 0x9c, 0xf7,
  0x52, 0x9c, 0xf7, 0x52, 0x9c, 0xf7, 0x52, 0x9c, 0xf7, 0x52, 0x9c, 0xf7,
  0x52, 0x9c, 0xf7, 0x52, 0x9c, 0xf7, 0x52, 0x9c, 0xf7, 0x52, 0x9c, 0xf7,
  0x52, 0x9c, 0xf7, 0x52, 0x9c, 0xf7, 0x52, 0x9c, 0xf7, 0x52, 0x9c, 0xf7,
  0x52, 0x9c, 0xf7, 0x52, 0x9c, 0xf7, 0x52, 0x9c, 0xf7, 0x52, 0x9c, 0xf7,
  0x52, 0x9c, 0xf7, 0x52, 0x9c, 0xf7, 0x52, 0x9c, 0xf7, 0x52, 0x9c, 0xf7,
  0x52, 0x9c, 0xf7, 0x52, 0x9c, 0xf7, 0x52, 0x9c, 0xf7, 0x52, 0x9c, 0xf7,
  0x52, 0x9c, 0xf7, 0x52, 0x9c, 0xf7, 0x52, 0x9c, 0xf7, 0x52, 0x9c, 0xf7,
  0x52, 0x9c, 0xf7, 0x52, 0x9c, 0xf7, 0x52, 0x9c, 0xf7, 0x52, 0x9c, 0xf7,
  0x52, 0x9c, 0xf7, 0x52, 0x9c, 0xf7, 0x52, 0x9c, 0xf7, 0x52, 0x9c, 0xf7,
  0x52, 0x9c, 0xf7, 0x52, 0x9c, 0xf7, 0x52, 0x9c, 0xf7, 0x52, 0x9c, 0xf7,
  0x52, 0x9c, 0xf7, 0x52, 0x9c, 0xf7, 0x52, 0x9c, 0xf7, 0x52, 0x9c, 0xf7,
  0x52, 0x9c, 0xf7, 0x52, 0x9c, 0xf7, 0x52, 0x9c, 0xf7, 0x52, 0x9c, 0xf7,
  0x52, 0x9c, 0xf7, 0x52, 0x9c, 0xf7, 0x52, 0x9c, 0xf7, 0x52, 0x9c, 0xf7,
  0x52, 0x9c, 0xf7, 0x52, 0x9c, 0xf7, 0x52, 0x9c, 0xf7, 0x52, 0x9c, 0xf7,
  0x52, 0x9c, 0xf7, 0x52, 0x9c, 0xf7, 0x52, 0x9c, 0xf7, 0x52, 0x9c, 0xf7,
  0x52, 0x9c, 0xf7, 0x52, 0x9c, 0xf7, 0x52, 0x9c, 0xf7, 0x52, 0x9c, 0xf7,
  0x52, 0x9c, 0xf7, 0x52, 0x9c, 0xf7, 0x52, 0x9c, 0xf7, 0x52, 0x9c, 0xf7,
  0x52, 0x9c, 0xf7, 0x52, 0x9c, 0xf7, 0x52, 0x9c, 0xf7, 0x52, 0x9c, 0xf7,
  0x52, 0x9c, 0xf7, 0x52, 0x9c, 0xf7, 0x52, 0x9c, 0xf7, 0x52, 0x9c, 0xf7,
  0x52, 0x9c, 0xf7, 0x52, 0x9c, 0xf7, 0x52, 0x9c, 0xf7, 0x52, 0x9c, 0xf7,
  0x52, 0x9c, 0xf7, 0x52, 0x9c, 0xf7, 0x52, 0x9c, 0xf7, 0x52, 0x9c, 0xf7,
  0x52, 0x9c, 0xf7, 0x52, 0x9c, 0xf7, 0x52, 0x9c, 0xf7, 0x52, 0x9c, 0xf7,
  0x52, 0x9c, 0xf7, 0x52, 0x9c, 0xf7, 0x52, 0x9c, 0xf7, 0x52, 0x9c, 0xf7,
  0x52, 0x9c, 0xf7, 0x52, 0x9c, 0xf7, 0x52, 0x9c, 0xf7, 0x52, 0x9c, 0xf7,
  0x52, 0x9c, 0xf7, 0x52, 0x9c, 0xf7, 0x52, 0x9c, 0xf7, 0x52, 0x9c, 0xf7,
  0x52, 0x9c, 0xf7, 0x52, 0x9c, 0xf7, 0x52, 0x9c, 0xf7, 0x52, 0x9c, 0xf7,
  0x52, 0x9c, 0xf7, 0x52, 0x9c, 0xf7, 0x52, 0x9c, 0xf7, 0x52, 0x9c, 0xf7,
  0x52, 0x9c, 0xf7, 0x52, 0x9c, 0xf7, 0x52, 0x9c, 0xf7, 0x52, 0x9c, 0xf7,
  0x52, 0x9c, 0xf7, 0x52, 0x9c, 0xf7, 0x52, 0x9c, 0xf7, 0x52, 0x9c, 0xf7,
  0x52, 0x9c, 0xf7, 0x52, 0x9c, 0xf7, 0x52, 0x9c, 0xf7, 0x52, 0x9c, 0xf7,
  0x52, 0x9c, 0xf7, 0x52, 0x9c, 0xf7, 0x52, 0x9c, 0xf7, 0x52, 0x9c, 0xf7,
  0x52, 0x9c, 0xf7, 0x52, 0x9c, 0xf7, 0x52, 0x9c, 0xf7, 0x52, 0x9c, 0xf7,
  0x52, 0x9c, 0xf7, 0x52, 0x9c, 0xf7, 0x52, 0x9c, 0xf7, 0x52, 0x9c, 0xf7,
  0x52, 0x9c, 0xf7, 0x52, 0x9c, 0xf7, 0x52, 0x9c, 0xf7, 0x52, 0x9c, 0xf7,
  0x52, 0x9c, 0xf7, 0x52, 0x9c, 0xf7, 0x52, 0x9c, 0xf7, 0x52, 0x9c, 0xf7,
  0x52, 0x9c, 0xf7, 0x52, 0x9c, 0xf7, 0x52, 0x9c, 0xf7, 0x52, 0x9c, 0xf7,
  0x52, 0x9c, 0xf7, 0x52, 0x9c, 0xf7, 0x52, 0x9c, 0xf7, 0x52, 0x9c, 0xf7,
  0x52, 0x9c, 0xf7, 0x52, 0x9c, 0xf7, 0x52, 0x9c, 0xf7, 0x52, 0x9c, 0xf7,
  0x52, 0x9c, 0xf7, 0x52, 0x9c, 0xf7, 0x52, 0x9c, 0xf7, 0x52, 0x9c, 0xf7,
  0x52, 0x9c, 0xf7, 0x52, 0x9c, 0xf7, 0x52, 0x9c, 0xf7, 0x52, 0x9c, 0xf7,
  0x52, 0x9c, 0xf7, 0x52, 0x9c, 0xf7, 0x52, 0x9c, 0xf7, 0x52, 0x9c, 0xf7,
  0x52, 0x9c, 0xf7, 0x52, 0x9c, 0xf7, 0x52, 0x9c, 0xf7, 0x52, 0x9c, 0xf7,
  0x52, 0x9c, 0xf7, 0x52, 0x9c, 0xf7, 0x52, 0x9c, 0xf7, 0x52, 0x9c, 0xf7,
  0x52, 0x9c, 0xf7, 0x52, 0x9c, 0xf7, 0x52, 0x9c, 0xf7, 0x52, 0x9c, 0xf7,
  0x52, 0x9c, 0xf7, 0x52, 0x9c, 0xf7, 0x52, 0x9c, 0xf7, 0x52, 0x9c, 0xf7,
  0x52, 0x9c, 0xf7, 0x52, 0x9c, 0xf7, 0x52, 0x9c, 0xf7, 0x52, 0x9c, 0xf7,
  0x52, 0x9c, 0xf7, 0x52, 0x9c, 0xf7, 0x52, 0x9c, 0xf7, 0x52, 0x9c, 0xf7,
  0x52, 0x9c, 0xf7, 0x52, 0x9c, 0xf7, 0x52, 0x9c, 0xf7, 0x52, 0x9c, 0xf7,
  0x52, 0x9c, 0xf7, 0x52, 0x9c, 0xf7, 0x52, 0x9c, 0xf7, 0x52, 0x9c, 0xf7,
  0x52, 0x9c, 0xf7, 0x52, 0x9c, 0xf7, 0x52, 0x9c, 0xf7, 0x52, 0x9c, 0xf7,
  0x52, 0x9c, 0xf7, 0x52, 0x9c, 0xf7, 0x52, 0x9c, 0xf7, 0x52, 0x9c, 0xf7,
  0x52, 0x9c, 0xf7, 0x52, 0x9c, 0xf7, 0x52, 0x9c, 0xf7, 0x52, 0x9c, 0xf7,
  0x52, 0x9c, 0xf7, 0x52, 0x9c, 0xf7, 0x52, 0x9c, 0xf7, 0x52, 0x9c, 0xf7,
  0x52, 0x9c, 0xf7, 0x52, 0x9c, 0xf7, 0x52, 0x9c, 0xf7, 0x52, 0x9c, 0xf7,
  0x52, 0x9c, 0xf7, 0x52, 0x9c, 0xf7, 0x52, 0x9c, 0xf7, 0x52, 0x9c, 0xf7,
  0x52, 0x9c, 0xf7, 0x52, 0x9c, 0xf7, 0x52, 0x9c, 0xf7, 0x52, 0x9c, 0xf7,
  0x52, 0x9c, 0xf7, 0x52, 0x9c, 0xf7, 0x52, 0x9c, 0xf7, 0x52, 0x9c, 0xf7,
  0x52, 0x9c, 0xf7, 0x52, 0x9c, 0xf7, 0x52, 0x9c, 0xf7, 0x52, 0x9c, 0xf7,
  0x52, 0x9c, 0xf7, 0x52, 0x9c, 0xf7, 0x52, 0x9c, 0xf7, 0x52, 0x9c, 0xf7,
  0x52, 0x9c, 0xf7, 0x52, 0x9c, 0xf7, 0x52, 0x9c, 0xf7, 0x52, 0x9c, 0xf7,
  0x52, 0x9c, 0xf7, 0x52, 0x9c, 0xf7, 0x52, 0x9c, 0xf7, 0x52, 0x9c, 0xf7,
  0x52, 0x9c, 0xf7, 0x52, 0x9c, 0xf7, 0x52, 0x9c, 0xf7, 0x52, 0x9c, 0xf7,
  0x52, 0x9c, 0xf7, 0x52, 0x9c, 0xf7, 0x52, 0x9c, 0xf7, 0x52, 0x9c, 0xf7,
  0x52, 0x9c, 0xf7, 0x52, 0x9c, 0xf7, 0x52, 0x9c, 0xf7, 0x52, 0x9c, 0xf7,
  0x52, 0x9c, 0xf7, 0x52, 0x9c, 0xf7, 0x52, 0x9c, 0xf7, 0x52, 0x9c, 0xf7,
  0x52, 0x9c, 0xf7, 0x52, 0x9c, 0xf7, 0x52, 0x9c, 0xf7, 0x52, 0x9c, 0xf7,
  0x52, 0x9c, 0xf7, 0x52, 0x9c, 0xf7, 0x52, 0x9c, 0xf7, 0x52, 0x9c, 0xf7,
  0x52, 0x9c, 0xf7, 0x52, 0x9c, 0xf7, 0x52, 0x9c, 0xf7, 0x52, 0x9c, 0xf7,
  0x52, 0x9c, 0xf7, 0x52, 0x9c, 0xf7, 0x52, 0x9c, 0xf7, 0x52, 0x9c, 0xf7,
  0x52, 0x9c, 0xf7, 0x52, 0x9c, 0xf7, 0x52, 0x9c, 0xf7, 0x52, 0x9c, 0xf7,
  0x52, 0x9c, 0xf7, 0x52, 0x9c, 0xf7, 0x52, 0x9c, 0xf7, 0x52, 0x9c, 0xf7,
  0x52, 0x9c, 0xf7, 0x52, 0x9c, 0xf7, 0x52, 0x9c, 0xf7, 0x52, 0x9c, 0xf7,
  0x52, 0x9c, 0xf7, 0x52, 0x9c, 0xf7, 0x52, 0x9c, 0xf7, 0x52, 0x9c, 0xf7,
  0x52, 0x9c, 0xf7, 0x52, 0x9c, 0xf7, 0x52, 0x9c, 0xf7, 0x52, 0x9c, 0xf7,
  0x52, 0x9c, 0xf7, 0x52, 0x9c, 0xf7, 0x52, 0x9c, 0xf7, 0x52, 0x9c, 0xf7,
  0x52, 0x9c, 0xf7, 0x52, 0x9c, 0xf7, 0x52, 0x9c, 0xf7, 0x52, 0x9c, 0xf7,
  0x52, 0x9c, 0xf7, 0x52, 0x9c, 0xf7, 0x52, 0x9c, 0xf7, 0x52, 0x9c, 0xf7,
  0x52, 0x9c, 0xf7, 0x52, 0x9c, 0xf7, 0x52, 0x9c, 0xf7, 0x52, 0x9c, 0xf7,
  0x52, 0x9c, 0xf7, 0x52, 0x9c, 0xf7, 0x52, 0x9c, 0xf7, 0x52, 0x9c, 0xf7,
  0x52, 0x9c, 0xf7, 0x52, 0x9c, 0xf7, 0x52, 0x9c, 0xf7, 0x52, 0x9c, 0xf7,
  0x52, 0x9c, 0xf7, 0x52, 0x9c, 0xf7, 0x52, 0x9c, 0xf7, 0x52, 0x9c, 0xf7,
  0x52, 0x9c, 0xf7, 0x52, 0x9c, 0xf7, 0x52, 0x9c, 0xf7, 0x52, 0x9c, 0xf7,
  0x52, 0x9c, 0xf7, 0x52, 0x9c, 0xf7, 0x52, 0x9c, 0xf7, 0x52, 0x9c, 0xf7,
  0x52, 0x9c, 0xf7, 0x52, 0x9c, 0xf7, 0x52, 0x9c, 0xf7, 0x52, 0x9c, 0xf7,
  0x52, 0x9c, 0xf7, 0x52, 0x9c, 0xf7, 0x52, 0x9c, 0xf7, 0x52, 0x9c, 0xf7,
  0x52, 0x9c, 0xf7, 0x52, 0x9c, 0xf7, 0x52, 0x9c, 0xf7, 0x52, 0x9c, 0xf7,
  0x52, 0x9c, 0xf7, 0x52, 0x9c, 0xf7, 0x52, 0x9c, 0xf7, 0x52, 0x9c, 0xf7,
  0x52, 0x9c, 0xf7, 0x52, 0x9c, 0xf7, 0x52, 0x9c, 0xf7, 0x52, 0x9c, 0xf7,
  0x52, 0x9c, 0xf7, 0x52, 0x9c, 0xf7, 0x52, 0x9c, 0xf7, 0x52, 0x9c, 0xf7,
  0x52, 0x9c, 0xf7, 0x52, 0x9c, 0xf7, 0x52, 0x9c, 0xf7, 0x52, 0x9c, 0xf7,
  0x52, 0x9c, 0xf7, 0x52, 0x9c, 0xf7, 0x52, 0x9c, 0xf7, 0x52, 0x9c, 0xf7,
  0x52, 0x9c, 0xf7, 0x52, 0x9c, 0xf7, 0x52, 0x9c, 0xf7, 0x52, 0x9c, 0xf7,
  0x52, 0x9c, 0xf7, 0x52, 0x9c, 0xf7, 0x52, 0x9c, 0xf7, 0x52, 0x9c, 0xf7,
  0x52, 0x9c, 0xf7, 0x52, 0x9c, 0xf7, 0x52, 0x9c, 0xf7, 0x52, 0x9c, 0xf7,
  0x52, 0x9c, 0xf7, 0x52, 0x9c, 0xf7, 0x52, 0x9c, 0xf7, 0x52, 0x9c, 0xf7,
  0x52, 0x9c, 0xf7, 0x52, 0x9c, 0xf7, 0x52, 0x9c, 0xf7, 0x52, 0x9c, 0xf7,
  0x52, 0x9c, 0xf7, 0x52, 0x9c, 0xf7, 0x52, 0x9c, 0xf7, 0x52, 0x9c, 0xf7,
  0x52, 0x9c, 0xf7, 0x52, 0x9c, 0xf7, 0x52, 0x9c, 0xf7, 0x52, 0x9c, 0xf7,
  0x52, 0x9c, 0xf7, 0x52, 0x9c, 0xf7, 0x52, 0x9c, 0xf7, 0x52, 0x9c, 0xf7,
  0x52, 0x9c, 0xf7, 0x52, 0x9c, 0xf7, 0x52, 0x9c, 0xf7, 0x52, 0x9c, 0xf7,
  0x52, 0x9c, 0xf7, 0x52, 0x9c, 0xf7, 0x52, 0x9c, 0xf7, 0x52, 0x9c, 0xf7,
  0x52, 0x9c, 0xf7, 0x52, 0x9c, 0xf7, 0x52, 0x9c, 0xf7, 0x52, 0x9c, 0xf7,
  0x52, 0x9c, 0xf7, 0x52, 0x9c, 0xf7, 0x52, 0x9c, 0xf7, 0x52, 0x9c, 0xf7,
  0x52, 0x9c, 0xf7, 0x52, 0x9c, 0xf7, 0x52, 0x9c, 0xf7, 0x52, 0x9c, 0xf7,
  0x52, 0x9c, 0xf7, 0x52, 0x9c, 0xf7, 0x52, 0x9c, 0xf7, 0x52, 0x9c, 0xf7,
  0x52, 0x9c, 0xf7, 0x52, 0x9c, 0xf7, 0x52, 0x9c, 0xf7, 0x52, 0x9c, 0xf7,
  0x52, 0x9c, 0xf7, 0x52, 0x9c, 0xf7, 0x52, 0x9c, 0xf7, 0x52, 0x9c, 0xf7,
  0x52, 0x9c, 0xf7, 0x52, 0x9c, 0xf7, 0x52, 0x9c, 0xf7, 0x52, 0x9c, 0xf7,
  0x52, 0x9c, 0xf7, 0x52, 0x9c, 0xf7, 0x52, 0x9c, 0xf7, 0x52, 0x9c, 0xf7,
  0x52, 0x9c, 0xf7, 0x52, 0x9c, 0xf7, 0x52, 0x9c, 0xf7, 0x52, 0x9c, 0xf7,
  0x52, 0x9c, 0xf7, 0x52, 0x9c, 0xf7, 0x52, 0x9c, 0xf7, 0x52, 0x9c, 0xf7,
  0x52, 0x9c, 0xf7, 0x52, 0x9c, 0xf7, 0x52, 0x9c, 0xf7, 0x52, 0x9c, 0xf7,
  0x52, 0x9c, 0xf7, 0x52, 0x9c, 0xf7, 0x52, 0x9c, 0xf7, 0x52, 0x9c, 0xf7,
  0x52, 0x9c, 0xf7, 0x52, 0x9c, 0xf7, 0x52, 0x9c, 0xf7, 0x52, 0x9c, 0xf7,
  0x52, 0x9c, 0xf7, 0x52, 0x9c, 0xf7, 0x52, 0x9c, 0xf7, 0x52, 0x9c, 0xf7,
  0x52, 0x9c, 0xf7, 0x52, 0x9c, 0xf7, 0x52, 0x9c, 0xf7, 0x52, 0x9c, 0xf7,
  0x52, 0x9c, 0xf7, 0x52, 0x9c, 0xf7, 0x52, 0x9c, 0xf7, 0x52, 0x9c, 0xf7,
  0x52, 0x9c, 0xf7, 0x52, 0x9c, 0xf7, 0x52, 0x9c, 0xf7, 0x52, 0x9c, 0xf7,
  0x52, 0x9c, 0xf7, 0x52, 0x9c, 0xf7, 0x52, 0x9c, 0xf7, 0x52, 0x9c, 0xf7,
  0x52, 0x9c, 0xf7, 0x52, 0x9c, 0xf7, 0x52, 0x9c, 0xf7, 0x52, 0x9c, 0xf7,
  0x52, 0x9c, 0xf7, 0x52, 0x9c, 0xf7, 0x52, 0x9c, 0xf7, 0x52, 0x9c, 0xf7,
  0x52, 0x9c, 0xf7, 0x52, 0x9c, 0xf7, 0x52, 0x9c, 0xf7, 0x52, 0x9c, 0xf7,
  0x52, 0x9c, 0xf7, 0x52, 0x9c, 0xf7, 0x52, 0x9c, 0xf7, 0x52, 0x9c, 0xf7,
  0x52, 0x9c, 0xf7, 0x52, 0x9c, 0xf7, 0x52, 0x9c, 0xf7, 0x52, 0x9c, 0xf7,
  0x52, 0x9c, 0xf7, 0x52, 0x9c, 0xf7, 0x52, 0x9c, 0xf7, 0x52, 0x9c, 0xf7,
  0x52, 0x9c, 0xf7, 0x52, 0x9c, 0xf7, 0x52, 0x9c, 0xf7, 0x52, 0x9c, 0xf7,
  0x52, 0x9c, 0xf7, 0x52, 0x9c, 0xf7, 0x52, 0x9c, 0xf7, 0x52, 0x9c, 0xf7,
  0x52, 0x9c, 0xf7, 0x52, 0x9c, 0xf7, 0x52, 0x9c, 0xf7, 0x52, 0x9c, 0xf7,
  0x52, 0x9c, 0xf7, 0x52, 0x9c, 0xf7, 0x52, 0x9c, 0xf7, 0x52, 0x9c, 0xf7,
  0x52, 0x9c, 0xf7, 0x52, 0x9c, 0xf7, 0x52, 0x9c, 0xf7, 0x52, 0x9c, 0xf7,
  0x52, 0x9c, 0xf7, 0x52, 0x9c, 0xf7, 0x52, 0x9c, 0xf7, 0x52, 0x9c, 0xf7,
  0x52, 0x9c, 0xf7, 0x52, 0x9c, 0xf7, 0x52, 0x9c, 0xf7, 0x52, 0x9c, 0xf7,
  0x52, 0x9c, 0xf7, 0x52, 0x9c, 0xf7, 0x52, 0x9c, 0xf7, 0x52, 0x9c, 0xf7,
  0x52, 0x9c, 0xf7, 0x52, 0x9c, 0xf7, 0x52, 0x9c, 0xf7, 0x52, 0x9c, 0xf7,
  0x52, 0x9c, 0xf7, 0x52, 0x9c, 0xf7, 0x52, 0x9c, 0xf7, 0x52, 0x9c, 0xf7,
  0x52, 0x9c, 0xf7, 0x52, 0x9c, 0xf7, 0x52, 0x9c, 0xf7, 0x52, 0x9c, 0xf7,
  0x52, 0x9c, 0xf7, 0x52, 0x9c, 0xf7, 0x52, 0x9c, 0xf7, 0x52, 0x9c, 0xf7,
  0x52, 0x9c, 0xf7, 0x52, 0x9c, 0xf7, 0x52, 0x9c, 0xf7, 0x52, 0x9c, 0xf7,
  0x52, 0x9c, 0xf7, 0x52, 0x9c, 0xf7, 0x52, 0x9c, 0xf7, 0x52, 0x9c, 0xf7,
  0x52, 0x9c, 0xf7, 0x52, 0x9c, 0xf7, 0x52, 0x9c, 0xf7, 0x52, 0x9c, 0xf7,
  0x52, 0x9c, 0xf7, 0x52, 0x9c, 0xf7, 0x52, 0x9c, 0xf7, 0x52, 0x9c, 0xf7,
  0x52, 0x9c, 0xf7, 0x52, 0x9c, 0xf7, 0x52, 0x9c, 0xf7, 0x52, 0x9c, 0xf7,
  0x52, 0x9c, 0xf7, 0x52, 0x9c, 0xf7, 0x52, 0x9c, 0xf7, 0x52, 0x9c, 0xf7,
  0x52, 0x9c, 0xf7, 0x52, 0x9c, 0xf7, 0x52, 0x9c, 0xf7, 0x52, 0x9c, 0xf7,
  0x52, 0x9c, 0xf7, 0x52, 0x9c, 0xf7, 0x52, 0x9c, 0xf7, 0x52, 0x9c, 0xf7,
  0x52, 0x9c, 0xf7, 0x52, 0x9c, 0xf7, 0x52, 0x9c, 0xf7, 0x52, 0x9c, 0xf7,
  0x52, 0x9c, 0xf7, 0x52, 0x9c, 0xf7, 0x52, 0x9c, 0xf7, 0x52, 0x9c, 0xf7,
  0x52, 0x9c, 0xf7, 0x52, 0x9c, 0xf7, 0x52, 0x9c, 0xf7, 0x52, 0x9c, 0xf7,
  0x52, 0x9c, 0xf7, 0x52, 0x9c, 0xf7, 0x52, 0x9c, 0xf7, 0x52, 0x9c, 0xf7,
  0x52, 0x9c, 0xf7, 0x52, 0x9c, 0xf7, 0x52, 0x9c, 0xf7, 0x52, 0x9c, 0xf7,
  0x52, 0x9c, 0xf7, 0x52, 0x9c, 0xf7, 0x52, 0x9c, 0xf7, 0x52, 0x9c, 0xf7,
  0x52, 0x9c, 0xf7, 0x52, 0x9c, 0xf7, 0x52, 0x9c, 0xf7, 0x52, 0x9c, 0xf7,
  0x52, 0x9c, 0xf7, 0x52, 0x9c, 0xf7, 0x52, 0x9c, 0xf7, 0x52, 0x9c, 0xf7,
  0x52, 0x9c, 0xf7, 0x52, 0x9c, 0xf7, 0x52, 0x9c, 0xf7, 0x52, 0x9c, 0xf7,
  0x52, 0x9c, 0xf7, 0x52, 0x9c, 0xf7, 0x52, 0x9c, 0xf7, 0x52, 0x9c, 0xf7,
  0x52, 0x9c, 0xf7, 0x52, 0x9c, 0xf7, 0x52, 0x9c, 0xf7, 0x52, 0x9c, 0xf7,
  0x52, 0x9c, 0xf7, 0x52, 0x9c, 0xf7, 0x52, 0x9c, 0xf7, 0x52, 0x9c, 0xf7,
  0x52, 0x9c, 0xf7, 0x52, 0x9c, 0xf7, 0x52, 0x9c, 0xf7, 0x52, 0x9c, 0xf7,
  0x52, 0x9c, 0xf7, 0x52, 0x9c, 0xf7, 0x52, 0x9c, 0xf7, 0x52, 0x9c, 0xf7,
  0x52, 0x9c, 0xf7, 0x52, 0x9c, 0xf7, 0x52, 0x9c, 0xf7, 0x52, 0x9c, 0xf7,
  0x52, 0x9c, 0xf7, 0x52, 0x9c, 0xf7, 0x52, 0x9c, 0xf7, 0x52, 0x9c, 0xf7,
  0x52, 0x9c, 0xf7, 0x52, 0x9c, 0xf7, 0x52, 0x9c, 0xf7, 0x52, 0x9c, 0xf7,
  0x52, 0x9c, 0xf7, 0x52, 0x9c, 0xf7, 0x52, 0x9c, 0xf7, 0x52, 0x9c, 0xf7,
  0x52, 0x9c, 0xf7, 0x52, 0x9c, 0xf7, 0x52, 0x9c, 0xf7, 0x52, 0x9c, 0xf7,
  0x52, 0x9c, 0xf7, 0x52, 0x9c, 0xf7, 0x52, 0x9c, 0xf7, 0x52, 0x9c, 0xf7,
  0x52, 0x9c, 0xf7, 0x52, 0x9c, 0xf7, 0x52, 0x9c, 0xf7, 0x52, 0x9c, 0xf7,
  0x52, 0x9c, 0xf7, 0x52, 0x9c, 0xf7, 0x52, 0x9c, 0xf7, 0x52, 0x9c, 0xf7,
  0x52, 0x9c, 0xf7, 0x52, 0x9c, 0xf7, 0x52, 0x9c, 0xf7, 0x52, 0x9c, 0xf7,
  0x52, 0x9c, 0xf7, 0x52, 0x9c, 0xf7, 0x52, 0x9c, 0xf7, 0x52, 0x9c, 0xf7,
  0x52, 0x9c, 0xf7, 0x52, 0x9c, 0xf7, 0x52, 0x9c, 0xf7, 0x52, 0x9c, 0xf7,
  0x52, 0x9c, 0xf7, 0x52, 0x9c, 0xf7, 0x52, 0x9c, 0xf7, 0x52, 0x9c, 0xf7,
  0x52, 0x9c, 0xf7, 0x52, 0x9c, 0xf7, 0x52, 0x9c, 0xf7, 0x52, 0x9c, 0xf7,
  0x52, 0x9c, 0xf7, 0x52, 0x9c, 0xf7, 0x52, 0x9c, 0xf7, 0x52, 0x9c, 0xf7,
  0x52, 0x9c, 0xf7, 0x52, 0x9c, 0xf7, 0x52, 0x9c, 0xf7, 0x52, 0x9c, 0xf7,
  0x52, 0x9c, 0xf7, 0x52, 0x9c, 0xf7, 0x52, 0x9c, 0xf7, 0x52, 0x9c, 0xf7,
  0x52, 0x9c, 0xf7, 0x52, 0x9c, 0xf7, 0x52, 0x9c, 0xf7, 0x52, 0x9c, 0xf7,
  0x52, 0x9c, 0xf7, 0x52, 0x9c, 0xf7, 0x52, 0x9c, 0xf7, 0x52, 0x9c, 0xf7,
  0x52, 0x9c, 0xf7, 0x52, 0x9c, 0xf7, 0x52, 0x9c, 0xf7, 0x52, 0x9c, 0xf7,
  0x52, 0x9c, 0xf7, 0x52, 0x9c, 0xf7, 0x52, 0x9c, 0xf7, 0x52, 0x9c, 0xf7,
  0x52, 0x9c, 0xf7, 0x52, 0x9c, 0xf7, 0x52, 0x9c, 0xf7, 0x52, 0x9c, 0xf7,
  0x52, 0x9c, 0xf7, 0x52, 0x9c, 0xf7, 0x52, 0x9c, 0xf7, 0x52, 0x9c, 0xf7,
  0x52, 0x9c, 0xf7, 0x52, 0x9c, 0xf7, 0x52, 0x9c, 0xf7, 0x52, 0x9c, 0xf7,
  0x52, 0x9c, 0xf7, 0x52, 0x9c, 0xf7, 0x52, 0x9c, 0xf7, 0x52, 0x9c, 0xf7,
  0x52, 0x9c, 0xf7, 0x52, 0x9c, 0xf7, 0x52, 0x9c, 0xf7, 0x52, 0x9c, 0xf7,
  0x52, 0x9c, 0xf7, 0x52, 0x9c, 0xf7, 0x52, 0x9c, 0xf7, 0x52, 0x9c, 0xf7,
  0x52, 0x9c, 0xf7, 0x52, 0x9c, 0xf7, 0x52, 0x9c, 0xf7, 0x52, 0x9c, 0xf7,
  0x52, 0x9c, 0xf7, 0x52, 0x9c, 0xf7, 0x52, 0x9c, 0xf7, 0x52, 0x9c, 0xf7,
  0x52, 0x9c, 0xf7, 0x52, 0x9c, 0xf7, 0x52, 0x9c, 0xf7, 0x52, 0x9c, 0xf7,
  0x52, 0x9c, 0xf7, 0x52, 0x9c, 0xf7, 0x52, 0x9c, 0xf7, 0x52, 0x9c, 0xf7,
  0x52, 0x9c, 0xf7, 0x52, 0x9c, 0xf7, 0x52, 0x9c, 0xf7, 0x52, 0x9c, 0xf7,
  0x52, 0x9c, 0xf7, 0x52, 0x9c, 0xf7, 0x52, 0x9c, 0xf7, 0x52, 0x9c, 0xf7,
  0x52, 0x9c, 0xf7, 0x52, 0x9c, 0xf7, 0x52, 0x9c, 0xf7, 0x52, 0x9c, 0xf7,
  0x52, 0x9c, 0xf7, 0x52, 0x9c, 0xf7, 0x52, 0x9c, 0xf7, 0x52, 0x9c, 0xf7,
  0x52, 0x9c, 0xf7, 0x52, 0x9c, 0xf7, 0x52, 0x9c, 0xf7, 0x52, 0x9c, 0xf7,
  0x52, 0x9c, 0xf7, 0x52, 0x9c, 0xf7, 0x52, 0x9c, 0xf7, 0x52, 0x9c, 0xf7,
  0x52, 0x9c, 0xf7, 0x52, 0x9c, 0xf7, 0x52, 0x9c, 0xf7, 0x52, 0x9c, 0xf7,
  0x52, 0x9c, 0xf7, 0x52, 0x9c, 0xf7, 0x52, 0x9c, 0xf7, 0x52, 0x9c, 0xf7,
  0x52, 0x9c, 0xf7, 0x52, 0x9c, 0xf7, 0x52, 0x9c, 0xf7, 0x52, 0x9c, 0xf7,
  0x52, 0x9c, 0xf7, 0x52, 0x9c, 0xf7, 0x52, 0x9c, 0xf7, 0x52, 0x9c, 0xf7,
  0x52, 0x9c, 0xf7, 0x52, 0x9c, 0xf7, 0x52, 0x9c, 0xf7, 0x52, 0x9c, 0xf7,
  0x52, 0x9c, 0xf7, 0x52, 0x9c, 0xf7, 0x52, 0x9c, 0xf7, 0x52, 0x9c, 0xf7,
  0x52, 0x9c, 0xf7, 0x52, 0x9c, 0xf7, 0x52, 0x9c, 0xf7, 0x52, 0x9c, 0xf7,
  0x52, 0x9c, 0xf7, 0x52, 0x9c, 0xf7, 0x52, 0x9c, 0xf7, 0x52, 0x9c, 0xf7,
  0x52, 0x9c, 0xf7, 0x52, 0x9c, 0xf7, 0x52, 0x9c, 0xf7, 0x52, 0x9c, 0xf7,
  0x52, 0x9c, 0xf7, 0x52, 0x9c, 0xf7, 0x52, 0x9c, 0xf7, 0x52, 0x9c, 0xf7,
  0x52, 0x9c, 0xf7, 0x52, 0x9c, 0xf7, 0x52, 0x9c, 0xf7, 0x52, 0x9c, 0xf7,
  0x52, 0x9c, 0xf7, 0x52, 0x9c, 0xf7, 0x52, 0x9c, 0xf7, 0x52, 0x9c, 0xf7,
  0x52, 0x9c, 0xf7, 0x52, 0x9c, 0xf7, 0x52, 0x9c, 0xf7, 0x52, 0x9c, 0xf7,
  0x52, 0x9c, 0xf7, 0x52, 0x9c, 0xf7, 0x52, 0x9c, 0xf7, 0x52, 0x9c, 0xf7,
  0x52, 0x9c, 0xf7, 0x52, 0x9c, 0xf7, 0x52, 0x9c, 0xf7, 0x52, 0x9c, 0xf7,
  0x52, 0x9c, 0xf7, 0x52, 0x9c, 0xf7, 0x52, 0x9c, 0xf7, 0x52, 0x9c, 0xf7,
  0x52, 0x9c, 0xf7, 0x52, 0x9c, 0xf7, 0x52, 0x9c, 0xf7, 0x52, 0x9c, 0xf7,
  0x52, 0x9c, 0xf7, 0x52, 0x9c, 0xf7, 0x52, 0x9c, 0xf7, 0x52, 0x9c, 0xf7,
  0x52, 0x9c, 0xf7, 0x52, 0x9c, 0xf7, 0x52, 0x9c, 0xf7, 0x52, 0x9c, 0xf7,
  0x52, 0x9c, 0xf7, 0x52, 0x9c, 0xf7, 0x52, 0x9c, 0xf7, 0x52, 0x9c, 0xf7,
  0x52, 0x9c, 0xf7, 0x52, 0x9c, 0xf7, 0x52, 0x9c, 0xf7, 0x52, 0x9c, 0xf7,
  0x52, 0x9c, 0xf7, 0x52, 0x9c, 0xf7, 0x52, 0x9c, 0xf7, 0x52, 0x9c, 0xf7,
  0x52, 0x9c, 0xf7, 0x52, 0x9c, 0xf7, 0x52, 0x9c, 0xf7, 0x52, 0x9c, 0xf7,
  0x52, 0x9c, 0xf7, 0x52, 0x9c, 0xf7, 0x52, 0x9c, 0xf7, 0x52, 0x9c, 0xf7,
  0x52, 0x9c, 0xf7, 0x52, 0x9c, 0xf7, 0x52, 0x9c, 0xf7, 0x52, 0x9c, 0xf7,
  0x52, 0x9c, 0xf7, 0x52, 0x9c, 0xf7, 0x52, 0x9c, 0xf7, 0x52, 0x9c, 0xf7,
  0x52, 0x9c, 0xf7, 0x52, 0x9c, 0xf7, 0x52, 0x9c, 0xf7, 0x52, 0x9c, 0xf7,
  0x52, 0x9c, 0xf7, 0x52, 0x9c, 0xf7, 0x52, 0x9c, 0xf7, 0x52, 0x9c, 0xf7,
  0x52, 0x9c, 0xf7, 0x52, 0x9c, 0xf7, 0x52, 0x9c, 0xf7, 0x52, 0x9c, 0xf7,
  0x52, 0x9c, 0xf7, 0x52, 0x9c, 0xf7, 0x52, 0x9c, 0xf7, 0x52, 0x9c, 0xf7,
  0x52, 0x9c, 0xf7, 0x52, 0x9c, 0xf7, 0x52, 0x9c, 0xf7, 0x52, 0x9c, 0xf7,
  0x52, 0x9c, 0xf7, 0x52, 0x9c, 0xf7, 0x52, 0x9c, 0xf7, 0x52, 0x9c, 0xf7,
  0x52, 0x9c, 0xf7, 0x52, 0x9c, 0xf7, 0x52, 0x9c, 0xf7, 0x52, 0x9c, 0xf7,
  0x52, 0x9c, 0xf7, 0x52, 0x9c, 0xf7, 0x52, 0x9c, 0xf7, 0x52, 0x9c, 0xf7,
  0x52, 0x9c, 0xf7, 0x52, 0x9c, 0xf7, 0x52, 0x9c, 0xf7, 0x52, 0x9c, 0xf7,
  0x52, 0x9c, 0xf7, 0x52, 0x9c, 0xf7, 0x52, 0x9c, 0xf7, 0x52, 0x9c, 0xf7,
  0x52, 0x9c, 0xf7, 0x52, 0x9c, 0xf7, 0x52, 0x9c, 0xf7, 0x52, 0x9c, 0xf7,
  0x52, 0x9c, 0xf7, 0x52, 0x9c, 0xf7, 0x52, 0x9c, 0xf7, 0x52, 0x9c, 0xf7,
  0x52, 0x9c, 0xf7, 0x52, 0x9c, 0xf7, 0x52, 0x9c, 0xf7, 0x52, 0x9c, 0xf7,
  0x52, 0x9c, 0xf7, 0x52, 0x9c, 0xf7, 0x52, 0x9c, 0xf7, 0x52, 0x9c, 0xf7,
  0x52, 0x9c, 0xf7, 0x52, 0x9c, 0xf7, 0x52, 0x9c, 0xf7, 0x52, 0x9c, 0xf7,
  0x52, 0x9c, 0xf7, 0x52, 0x9c, 0xf7, 0x52, 0x9c, 0xf7, 0x52, 0x9c, 0xf7,
  0x52, 0x9c, 0xf7, 0x52, 0x9c, 0xf7, 0x52, 0x9c, 0xf7, 0x52, 0x9c, 0xf7,
  0x52, 0x9c, 0xf7, 0x52, 0x9c, 0xf7, 0x52, 0x9c, 0xf7, 0x52, 0x9c, 0xf7,
  0x52, 0x9c, 0xf7, 0x52, 0x9c, 0xf7, 0x52, 0x9c, 0xf7, 0x52, 0x9c, 0xf7,
  0x52, 0x9c, 0xf7, 0x52, 0x9c, 0xf7, 0x52, 0x9c, 0xf7, 0x52, 0x9c, 0xf7,
  0x52, 0x9c, 0xf7, 0x52, 0x9c, 0xf7, 0x52, 0x9c, 0xf7, 0x52, 0x9c, 0xf7,
  0x52, 0x9c, 0xf7, 0x52, 0x9c, 0xf7, 0x52, 0x9c, 0xf7, 0x52, 0x9c, 0xf7,
  0x52, 0x9c, 0xf7, 0x52, 0x9c, 0xf7, 0x52, 0x9c, 0xf7, 0x52, 0x9c, 0xf7,
  0x52, 0x9c, 0xf7, 0x52, 0x9c, 0xf7, 0x52, 0x9c, 0xf7, 0x52, 0x9c, 0xf7,
  0x52, 0x9c, 0xf7, 0x52, 0x9c, 0xf7, 0x52, 0x9c, 0xf7, 0x52, 0x9c, 0xf7,
  0x52, 0x9c, 0xf7, 0x52, 0x9c, 0xf7, 0x52, 0x9c, 0xf7, 0x52, 0x9c, 0xf7,
  0x52, 0x9c, 0xf7, 0x52, 0x9c, 0xf7, 0x52, 0x9c, 0xf7, 0x52, 0x9c, 0xf7,
  0x52, 0x9c, 0xf7, 0x52, 0x9c, 0xf7, 0x52, 0x9c, 0xf7, 0x52, 0x9c, 0xf7,
  0x52, 0x9c, 0xf7, 0x52, 0x9c, 0xf7, 0x52, 0x9c, 0xf7, 0x52, 0x9c, 0xf7,
  0x52, 0x9c, 0xf7, 0x52, 0x9c, 0xf7, 0x52, 0x9c, 0xf7, 0x52, 0x9c, 0xf7,
  0x52, 0x9c, 0xf7, 0x52, 0x9c, 0xf7, 0x52, 0x9c, 0xf7, 0x52, 0x9c, 0xf7,
  0x52, 0x9c, 0xf7, 0x52, 0x9c, 0xf7, 0x52, 0x9c, 0xf7, 0x52, 0x9c, 0xf7,
  0x52, 0x9c, 0xf7, 0x52, 0x9c, 0xf7, 0x52, 0x9c, 0xf7, 0x52, 0x9c, 0xf7,
  0x52, 0x9c, 0xf7, 0x52, 0x9c, 0xf7, 0x52, 0x9c, 0xf7, 0x52, 0x9c, 0xf7,
  0x52, 0x9c, 0xf7, 0x52, 0x9c, 0xf7, 0x52, 0x9c, 0xf7, 0x52, 0x9c, 0xf7,
  0x52, 0x9c, 0xf7, 0x52, 0x9c, 0xf7, 0x52, 0x9c, 0xf7, 0x52, 0x9c, 0xf7,
  0x52, 0x9c, 0xf7, 0x52, 0x9c, 0xf7, 0x52, 0x9c, 0xf7, 0x52, 0x9c, 0xf7,
  0x52, 0x9c, 0xf7, 0x52, 0x9c, 0xf7, 0x52, 0x9c, 0xf7, 0x52, 0x9c, 0xf7,
  0x52, 0x9c, 0xf7, 0x52, 0x9c, 0xf7, 0x52, 0x9c, 0xf7, 0x52, 0x9c, 0xf7,
  0x52, 0x9c, 0xf7, 0x52, 0x9c, 0xf7, 0x52, 0x9c, 0xf7, 0x52, 0x9c, 0xf7,
  0x52, 0x9c, 0xf7, 0x52, 0x9c, 0xf7, 0x52, 0x9c, 0xf7, 0x52, 0x9c, 0xf7,
  0x52, 0x9c, 0xf7, 0x52, 0x9c, 0xf7, 0x52, 0x9c, 0xf7, 0x52, 0x9c, 0xf7,
  0x52, 0x9c, 0xf7, 0x52, 0x9c, 0xf7, 0x52, 0x9c, 0xf7, 0x52, 0x9c, 0xf7,
  0x52, 0x9c, 0xf7, 0x52, 0x9c, 0xf7, 0x52, 0x9c, 0xf7, 0x52, 0x9c, 0xf7,
  0x52, 0x9c, 0xf7, 0x52, 0x9c, 0xf7, 0x52, 0x9c, 0xf7, 0x52, 0x9c, 0xf7,
  0x52, 0x9c, 0xf7, 0x52, 0x9c, 0xf7, 0x52, 0x9c, 0xf7, 0x52, 0x9c, 0xf7,
  0x52, 0x9c, 0xf7, 0x52, 0x9c, 0xf7, 0x52, 0x9c, 0xf7, 0x52, 0x9c, 0xf7,
  0x52, 0x9c, 0xf7, 0x52, 0x9c, 0xf7, 0x52, 0x9c, 0xf7, 0x52, 0x9c, 0xf7,
  0x52, 0x9c, 0xf7, 0x52, 0x9c, 0xf7, 0x52, 0x9c, 0xf7, 0x52, 0x9c, 0xf7,
  0x52, 0x9c, 0xf7, 0x52, 0x9c, 0xf7, 0x52, 0x9c, 0xf7, 0x52, 0x9c, 0xf7,
  0x52, 0x9c, 0xf7, 0x52, 0x9c, 0xf7, 0x52, 0x9c, 0xf7, 0x52, 0x9c, 0xf7,
  0x52, 0x9c, 0xf7, 0x52, 0x9c, 0xf7, 0x52, 0x9c, 0xf7, 0x52, 0x9c, 0xf7,
  0x52, 0x9c, 0xf7, 0x52, 0x9c, 0xf7, 0x52, 0x9c, 0xf7, 0x52, 0x9c, 0xf7,
  0x52, 0x9c, 0xf7, 0x52, 0x9c, 0xf7, 0x52, 0x9c, 0xf7, 0x52, 0x9c, 0xf7,
  0x52, 0x9c, 0xf7, 0x52, 0x9c, 0xf7, 0x52, 0x9c, 0xf7, 0x52, 0x9c, 0xf7,
  0x52, 0x9c, 0xf7, 0x52, 0x9c, 0xf7, 0x52, 0x9c, 0xf7, 0x52, 0x9c, 0xf7,
  0x52, 0x9c, 0xf7, 0x52, 0x9c, 0xf7, 0x52, 0x9c, 0xf7, 0x52, 0x9c, 0xf7,
  0x52, 0x9c, 0xf7, 0x52, 0x9c, 0xf7, 0x52, 0x9c, 0xf7, 0x52, 0x9c, 0xf7,
  0x52, 0x9c, 0xf7, 0x52, 0x9c, 0xf7, 0x52, 0x9c, 0xf7, 0x52, 0x9c, 0xf7,
  0x52, 0x9c, 0xf7, 0x52, 0x9c, 0xf7, 0x52, 0x9c, 0xf7, 0x52, 0x9c, 0xf7,
  0x52, 0x9c, 0xf7, 0x52, 0x9c, 0xf7, 0x52, 0x9c, 0xf7, 0x52, 0x9c, 0xf7,
  0x52, 0x9c, 0xf7, 0x52, 0x9c, 0xf7, 0x52, 0x9c, 0xf7, 0x52, 0x9c, 0xf7,
  0x52, 0x9c, 0xf7, 0x52, 0x9c, 0xf7, 0x52, 0x9c, 0xf7, 0x52, 0x9c, 0xf7,
  0x52, 0x9c, 0xf7, 0x52, 0x9c, 0xf7, 0x52, 0x9c, 0xf7, 0x52, 0x9c, 0xf7,
  0x52, 0x9c, 0xf7, 0x52, 0x9c, 0xf7, 0x52, 0x9c, 0xf7, 0x52, 0x9c, 0xf7,
  0x52, 0x9c, 0xf7, 0x52, 0x9c, 0xf7, 0x52, 0x9c, 0xf7, 0x52, 0x9c, 0xf7,
  0x52, 0x9c, 0xf7, 0x52, 0x9c, 0xf7, 0x52, 0x9c, 0xf7, 0x52, 0x9c, 0xf7,
  0x52, 0x9c, 0xf7, 0x52, 0x9c, 0xf7, 0x52, 0x9c, 0xf7, 0x52, 0x9c, 0xf7,
  0x52, 0x9c, 0xf7, 0x52, 0x9c, 0xf7, 0x52, 0x9c, 0xf7, 0x52, 0x9c, 0xf7,
  0x52, 0x9c, 0xf7, 0x52, 0x9c, 0xf7, 0x52, 0x9c, 0xf7, 0x52, 0x9c, 0xf7,
  0x52, 0x9c, 0xf7, 0x52, 0x9c, 0xf7, 0x52, 0x9c, 0xf7, 0x52, 0x9c, 0xf7,
  0x52, 0x9c, 0xf7, 0x52, 0x9c, 0xf7, 0x52, 0x9c, 0xf7, 0x52, 0x9c, 0xf7,
  0x52, 0x9c, 0xf7, 0x52, 0x9c, 0xf7, 0x52, 0x9c, 0xf7, 0x52, 0x9c, 0xf7,
  0x52, 0x9c, 0xf7, 0x52, 0x9c, 0xf7, 0x52, 0x9c, 0xf7, 0x52, 0x9c, 0xf7,
  0x52, 0x9c, 0xf7, 0x52, 0x9c, 0xf7, 0x52, 0x9c, 0xf7, 0x52, 0x9c, 0xf7,
  0x52, 0x9c, 0xf7, 0x52, 0x9c, 0xf7, 0x52, 0x9c, 0xf7, 0x52, 0x9c, 0xf7,
  0x52, 0x9c, 0xf7, 0x52, 0x9c, 0xf7, 0x52, 0x9c, 0xf7, 0x52, 0x9c, 0xf7,
  0x52, 0x9c, 0xf7, 0x52, 0x9c, 0xf7, 0x52, 0x9c, 0xf7, 0x52, 0x9c, 0xf7,
  0x52, 0x9c, 0xf7, 0x52, 0x9c, 0xf7, 0x52, 0x9c, 0xf7, 0x52, 0x9c, 0xf7,
  0x52, 0x9c, 0xf7, 0x52, 0x9c, 0xf7, 0x52, 0x9c, 0xf7, 0x52, 0x9c, 0xf7,
  0x52, 0x9c, 0xf7, 0x52, 0x9c, 0xf7, 0x52, 0x9c, 0xf7, 0x52, 0x9c, 0xf7,
  0x52, 0x9c, 0xf7, 0x52, 0x9c, 0xf7, 0x52, 0x9c, 0xf7, 0x52, 0x9c, 0xf7,
  0x52, 0x9c, 0xf7, 0x52, 0x9c, 0xf7, 0x52, 0x9c, 0xf7, 0x52, 0x9c, 0xf7,
  0x52, 0x9c, 0xf7, 0x52, 0x9c, 0xf7, 0x52, 0x9c, 0xf7, 0x52, 0x9c, 0xf7,
  0x52, 0x9c, 0xf7, 0x52, 0x9c, 0xf7, 0x52, 0x9c, 0xf7, 0x52, 0x9c, 0xf7,
  0x52, 0x9c, 0xf7, 0x52, 0x9c, 0xf7, 0x52, 0x9c, 0xf7, 0x52, 0x9c, 0xf7,
  0x52, 0x9c, 0xf7, 0x52, 0x9c, 0xf7, 0x52, 0x9c, 0xf7, 0x52, 0x9c, 0xf7,
  0x52, 0x9c, 0xf7, 0x52, 0x9c, 0xf7, 0x52, 0x9c, 0xf7, 0x52, 0x9c, 0xf7,
  0x52, 0x9c, 0xf7, 0x52, 0x9c, 0xf7, 0x52, 0x9c, 0xf7, 0x52, 0x9c, 0xf7,
  0x52, 0x9c, 0xf7, 0x52, 0x9c, 0xf7, 0x52, 0x9c, 0xf7, 0x52, 0x9c, 0xf7,
  0x52, 0x9c, 0xf7, 0x52, 0x9c, 0xf7, 0x52, 0x9c, 0xf7, 0x52, 0x9c, 0xf7,
  0x52, 0x9c, 0xf7, 0x52, 0x9c, 0xf7, 0x52, 0x9c, 0xf7, 0x52, 0x9c, 0xf7,
  0x52, 0x9c, 0xf7, 0x52, 0x9c, 0xf7, 0x52, 0x9c, 0xf7, 0x52, 0x9c, 0xf7,
  0x52, 0x9c, 0xf7, 0x52, 0x9c, 0xf7, 0x52, 0x9c, 0xf7, 0x52, 0x9c, 0xf7,
  0x52, 0x9c, 0xf7, 0x52, 0x9c, 0xf7, 0x52, 0x9c, 0xf7, 0x52, 0x9c, 0xf7,
  0x52, 0x9c, 0xf7, 0x52, 0x9c, 0xf7, 0x52, 0x9c, 0xf7, 0x52, 0x9c, 0xf7,
  0x52, 0x9c, 0xf7, 0x52, 0x9c, 0xf7, 0x52, 0x9c, 0xf7, 0x52, 0x9c, 0xf7,
  0x52, 0x9c, 0xf7, 0x52, 0x9c, 0xf7, 0x52, 0x9c, 0xf7, 0x52, 0x9c, 0xf7,
  0x52, 0x9c, 0xf7, 0x52, 0x9c, 0xf7, 0x52, 0x9c, 0xf7, 0x52, 0x9c, 0xf7,
  0x52, 0x9c, 0xf7, 0x52, 0x9c, 0xf7, 0x52, 0x9c, 0xf7, 0x52, 0x9c, 0xf7,
  0x52, 0x9c, 0xf7, 0x52, 0x9c, 0xf7, 0x52, 0x9c, 0xf7, 0x52, 0x9c, 0xf7,
  0x52, 0x9c, 0xf7, 0x52, 0x9c, 0xf7, 0x52, 0x9c, 0xf7, 0x52, 0x9c, 0xf7,
  0x52, 0x9c, 0xf7, 0x52, 0x9c, 0xf7, 0x52, 0x9c, 0xf7, 0x52, 0x9c, 0xf7,
  0x52, 0x9c, 0xf7, 0x52, 0x9c, 0xf7, 0x52, 0x9c, 0xf7, 0x52, 0x9c, 0xf7,
  0x52, 0x9c, 0xf7, 0x52, 0x9c, 0xf7, 0x52, 0x9c, 0xf7, 0x52, 0x9c, 0xf7,
  0x52, 0x9c, 0xf7, 0x52, 0x9c, 0xf7, 0x52, 0x9c, 0xf7, 0x52, 0x9c, 0xf7,
  0x52, 0x9c, 0xf7, 0x52, 0x9c, 0xf7, 0x52, 0x9c, 0xf7, 0x52, 0x9c, 0xf7,
  0x52, 0x9c, 0xf7, 0x52, 0x9c, 0xf7, 0x52, 0x9c, 0xf7, 0x52, 0x9c, 0xf7,
  0x52, 0x9c, 0xf7, 0x52, 0x9c, 0xf7, 0x52, 0x9c, 0xf7, 0x52, 0x9c, 0xf7,
  0x52, 0x9c, 0xf7, 0x52, 0x9c, 0xf7, 0x52, 0x9c, 0xf7, 0x52, 0x9c, 0xf7,
  0x52, 0x9c, 0xf7, 0x52, 0x9c, 0xf7, 0x52, 0x9c, 0xf7, 0x52, 0x9c, 0xf7,
  0x52, 0x9c, 0xf7, 0x52, 0x9c, 0xf7, 0x52, 0x9c, 0xf7, 0x52, 0x9c, 0xf7,
  0x52, 0x9c, 0xf7, 0x52, 0x9c, 0xf7, 0x52, 0x9c, 0xf7, 0x52, 0x9c, 0xf7,
  0x52, 0x9c, 0xf7, 0x52, 0x9c, 0xf7, 0x52, 0x9c, 0xf7, 0x52, 0x9c, 0xf7,
  0x52, 0x9c, 0xf7, 0x52, 0x9c, 0xf7, 0x52, 0x9c, 0xf7, 0x52, 0x9c, 0xf7,
  0x52, 0x9c, 0xf7, 0x52, 0x9c, 0xf7, 0x52, 0x9c, 0xf7, 0x52, 0x9c, 0xf7,
  0x52, 0x9c, 0xf7, 0x52, 0x9c, 0xf7, 0x52, 0x9c, 0xf7, 0x52, 0x9c, 0xf7,
  0x52, 0x9c, 0xf7, 0x52, 0x9c, 0xf7, 0x52, 0x9c, 0xf7, 0x52, 0x9c, 0xf7,
  0x52, 0x9c, 0xf7, 0x52, 0x9c, 0xf7, 0x52, 0x9c, 0xf7, 0x52, 0x9c, 0xf7,
  0x52, 0x9c, 0xf7, 0x52, 0x9c, 0xf7, 0x52, 0x9c, 0xf7, 0x52, 0x9c, 0xf7,
  0x52, 0x9c, 0xf7, 0x52, 0x9c, 0xf7, 0x52, 0x9c, 0xf7, 0x52, 0x9c, 0xf7,
  0x52, 0x9c, 0xf7, 0x52, 0x9c, 0xf7, 0x52, 0x9c, 0xf7, 0x52, 0x9c, 0xf7,
  0x52, 0x9c, 0xf7, 0x52, 0x9c, 0xf7, 0x52, 0x9c, 0xf7, 0x52, 0x9c, 0xf7,
  0x52, 0x9c, 0xf7, 0x52, 0x9c, 0xf7, 0x52, 0x9c, 0xf7, 0x52, 0x9c, 0xf7,
  0x52, 0x9c, 0xf7, 0x52, 0x9c, 0xf7, 0x52, 0x9c, 0xf7, 0x52, 0x9c, 0xf7,
  0x52, 0x9c, 0xf7, 0x52, 0x9c, 0xf7, 0x52, 0x9c, 0xf7, 0x52, 0x9c, 0xf7,
  0x52, 0x9c, 0xf7, 0x52, 0x9c, 0xf7, 0x52, 0x9c, 0xf7, 0x52, 0x9c, 0xf7,
  0x52, 0x9c, 0xf7, 0x52, 0x9c, 0xf7, 0x52, 0x9c, 0xf7, 0x52, 0x9c, 0xf7,
  0x52, 0x9c, 0xf7, 0x52, 0x9c, 0xf7, 0x52, 0x9c, 0xf7, 0x52, 0x9c, 0xf7,
  0x52, 0x9c, 0xf7, 0x52, 0x9c, 0xf7, 0x52, 0x9c, 0xf7, 0x52, 0x9c, 0xf7,
  0x52, 0x9c, 0xf7, 0x52, 0x9c, 0xf7, 0x52, 0x9c, 0xf7, 0x52, 0x9c, 0xf7,
  0x52, 0x9c, 0xf7, 0x52, 0x9c, 0xf7, 0x52, 0x9c, 0xf7, 0x52, 0x9c, 0xf7,
  0x52, 0x9c, 0xf7, 0x52, 0x9c, 0xf7, 0x52, 0x9c, 0xf7, 0x52, 0x9c, 0xf7,
  0x52, 0x9c, 0xf7, 0x52, 0x9c, 0xf7, 0x52, 0x9c, 0xf7, 0x52, 0x9c, 0xf7,
  0x52, 0x9c, 0xf7, 0x52, 0x9c, 0xf7, 0x52, 0x9c, 0xf7, 0x52, 0x9c, 0xf7,
  0x52, 0x9c, 0xf7, 0x52, 0x9c, 0xf7, 0x52, 0x9c, 0xf7, 0x52, 0x9c, 0xf7,
  0x52, 0x9c, 0xf7, 0x52, 0x9c, 0xf7, 0x52, 0x9c, 0xf7, 0x52, 0x9c, 0xf7,
  0x52, 0x9c, 0xf7, 0x52, 0x9c, 0xf7, 0x52, 0x9c, 0xf7, 0x52, 0x9c, 0xf7,
  0x52, 0x9c, 0xf7, 0x52, 0x9c, 0xf7, 0x52, 0x9c, 0xf7, 0x52, 0x9c, 0xf7,
  0x52, 0x9c, 0xf7, 0x52, 0x9c, 0xf7, 0x52, 0x9c, 0xf7, 0x52, 0x9c, 0xf7,
  0x52, 0x9c, 0xf7, 0x52, 0x9c, 0xf7, 0x52, 0x9c, 0xf7, 0x52, 0x9c, 0xf7,
  0x52, 0x9c, 0xf7, 0x52, 0x9c, 0xf7, 0x52, 0x9c, 0xf7, 0x52, 0x9c, 0xf7,
  0x52, 0x9c, 0xf7, 0x52, 0x9c, 0xf7, 0x52, 0x9c, 0xf7, 0x52, 0x9c, 0xf7,
  0x52, 0x9c, 0xf7, 0x52, 0x9c, 0xf7, 0x52, 0x9c, 0xf7, 0x52, 0x9c, 0xf7,
  0x52, 0x9c, 0xf7, 0x52, 0x9c, 0xf7, 0x52, 0x9c, 0xf7, 0x52, 0x9c, 0xf7,
  0x52, 0x9c, 0xf7, 0x52, 0x9c, 0xf7, 0x52, 0x9c, 0xf7, 0x52, 0x9c, 0xf7,
  0x52, 0x9c, 0xf7, 0x52, 0x9c, 0xf7, 0x52, 0x9c, 0xf7, 0x52, 0x9c, 0xf7,
  0x52, 0x9c, 0xf7, 0x52, 0x9c, 0xf7, 0x52, 0x9c, 0xf7, 0x52, 0x9c, 0xf7,
  0x52, 0x9c, 0xf7, 0x52, 0x9c, 0xf7, 0x52, 0x9c, 0xf7, 0x52, 0x9c, 0xf7,
  0x52, 0x9c, 0xf7, 0x52, 0x9c, 0xf7, 0x52, 0x9c, 0xf7, 0x52, 0x9c, 0xf7,
  0x52, 0x9c, 0xf7, 0x52, 0x9c, 0xf7, 0x52, 0x9c, 0xf7, 0x52, 0x9c, 0xf7,
  0x52, 0x9c, 0xf7, 0x52, 0x9c, 0xf7, 0x52, 0x9c, 0xf7, 0x52, 0x9c, 0xf7,
  0x52, 0x9c, 0xf7, 0x52, 0x9c, 0xf7, 0x52, 0x9c, 0xf7, 0x52, 0x9c, 0xf7,
  0x52, 0x9c, 0xf7, 0x52, 0x9c, 0xf7, 0x52, 0x9c, 0xf7, 0x52, 0x9c, 0xf7,
  0x52, 0x9c, 0xf7, 0x52, 0x9c, 0xf7, 0x52, 0x9c, 0xf7, 0x52, 0x9c, 0xf7,
  0x52, 0x9c, 0xf7, 0x52, 0x9c, 0xf7, 0x52, 0x9c, 0xf7, 0x52, 0x9c, 0xf7,
  0x52, 0x9c, 0xf7, 0x52, 0x9c, 0xf7, 0x52, 0x9c, 0xf7, 0x52, 0x9c, 0xf7,
  0x52, 0x9c, 0xf7, 0x52, 0x9c, 0xf7, 0x52, 0x9c, 0xf7, 0x52, 0x9c, 0xf7,
  0x52, 0x9c, 0xf7, 0x52, 0x9c, 0xf7, 0x52, 0x9c, 0xf7, 0x52, 0x9c, 0xf7,
  0x52, 0x9c, 0xf7, 0x52, 0x9c, 0xf7, 0x52, 0x9c, 0xf7, 0x52, 0x9c, 0xf7,
  0x52, 0x9c, 0xf7, 0x52, 0x9c, 0xf7, 0x52, 0x9c, 0xf7, 0x52, 0x9c, 0xf7,
  0x52, 0x9c, 0xf7, 0x52, 0x9c, 0xf7, 0x52, 0x9c, 0xf7, 0x52, 0x9c, 0xf7,
  0x52, 0x9c, 0xf7, 0x52, 0x9c, 0xf7, 0x52, 0x9c, 0xf7, 0x52, 0x9c, 0xf7,
  0x52, 0x9c, 0xf7, 0x52, 0x9c, 0xf7, 0x52, 0x9c, 0xf7, 0x52, 0x9c, 0xf7,
  0x52, 0x9c, 0xf7, 0x52, 0x9c, 0xf7, 0x52, 0x9c, 0xf7, 0x52, 0x9c, 0xf7,
  0x52, 0x9c, 0xf7, 0x52, 0x9c, 0xf7, 0x52, 0x9c, 0xf7, 0x52, 0x9c, 0xf7,
  0x52, 0x9c, 0xf7, 0x52, 0x9c, 0xf7, 0x52, 0x9c, 0xf7, 0x52, 0x9c, 0xf7,
  0x52, 0x9c, 0xf7, 0x52, 0x9c, 0xf7, 0x52, 0x9c, 0xf7, 0x52, 0x9c, 0xf7,
  0x52, 0x9c, 0xf7, 0x52, 0x9c, 0xf7, 0x52, 0x9c, 0xf7, 0x52, 0x9c, 0xf7,
  0x52, 0x9c, 0xf7, 0x52, 0x9c, 0xf7, 0x52, 0x9c, 0xf7, 0x52, 0x9c, 0xf7,
  0x52, 0x9c, 0xf7, 0x52, 0x9c, 0xf7, 0x52, 0x9c, 0xf7, 0x52, 0x9c, 0xf7,
  0x52, 0x9c, 0xf7, 0x52, 0x9c, 0xf7, 0x52, 0x9c, 0xf7, 0x52, 0x9c, 0xf7,
  0x52, 0x9c, 0xf7, 0x52, 0x9c, 0xf7, 0x52, 0x9c, 0xf7, 0x52, 0x9c, 0xf7,
  0x52, 0x9c, 0xf7, 0x52, 0x9c, 0xf7, 0x52, 0x9c, 0xf7, 0x52, 0x9c, 0xf7,
  0x52, 0x9c, 0xf7, 0x52, 0x9c, 0xf7, 0x52, 0x9c, 0xf7, 0x52, 0x9c, 0xf7,
  0x52, 0x9c, 0xf7, 0x52, 0x9c, 0xf7, 0x52, 0x9c, 0xf7, 0x52, 0x9c, 0xf7,
  0x52, 0x9c, 0xf7, 0x52, 0x9c, 0xf7, 0x52, 0x9c, 0xf7, 0x52, 0x9c, 0xf7,
  0x52, 0x9c, 0xf7, 0x52, 0x9c, 0xf7, 0x52, 0x9c, 0xf7, 0x52, 0x9c, 0xf7,
  0x52, 0x9c, 0xf7, 0x52, 0x9c, 0xf7, 0x52, 0x9c, 0xf7, 0x52, 0x9c, 0xf7,
  0x52, 0x9c, 0xf7, 0x52, 0x9c, 0xf7, 0x52, 0x9c, 0xf7, 0x52, 0x9c, 0xf7,
  0x52, 0x9c, 0xf7, 0x52, 0x9c, 0xf7, 0x52, 0x9c, 0xf7, 0x52, 0x9c, 0xf7,
  0x52, 0x9c, 0xf7, 0x52, 0x9c, 0xf7, 0x52, 0x9c, 0xf7, 0x52, 0x9c, 0xf7,
  0x52, 0x9c, 0xf7, 0x52, 0x9c, 0xf7, 0x52, 0x9c, 0xf7, 0x52, 0x9c, 0xf7,
  0x52, 0x9c, 0xf7, 0x52, 0x9c, 0xf7, 0x52, 0x9c, 0xf7, 0x52, 0x9c, 0xf7,
  0x52, 0x9c, 0xf7, 0x52, 0x9c, 0xf7, 0x52, 0x9c, 0xf7, 0x52, 0x9c, 0xf7,
  0x52, 0x9c, 0xf7, 0x52, 0x9c, 0xf7, 0x52, 0x9c, 0xf7, 0x52, 0x9c, 0xf7,
  0x52, 0x9c, 0xf7, 0x52, 0x9c, 0xf7, 0x52, 0x9c, 0xf7, 0x52, 0x9c, 0xf7,
  0x52, 0x9c, 0xf7, 0x52, 0x9c, 0xf7, 0x52, 0x9c, 0xf7, 0x52, 0x9c, 0xf7,
  0x52, 0x9c, 0xf7, 0x52, 0x9c, 0xf7, 0x52, 0x9c, 0xf7, 0x52, 0x9c, 0xf7,
  0x52, 0x9c, 0xf7, 0x52, 0x9c, 0xf7, 0x52, 0x9c, 0xf7, 0x52, 0x9c, 0xf7,
  0x52, 0x9c, 0xf7, 0x52, 0x9c, 0xf7, 0x52, 0x9c, 0xf7, 0x52, 0x9c, 0xf7,
  0x52, 0x9c, 0xf7, 0x52, 0x9c, 0xf7, 0x52, 0x9c, 0xf7, 0x52, 0x9c, 0xf7,
  0x52, 0x9c, 0xf7, 0x52, 0x9c, 0xf7, 0x52, 0x9c, 0xf7, 0x52, 0x9c, 0xf7,
  0x52, 0x9c, 0xf7, 0x52, 0x9c, 0xf7, 0x52, 0x9c, 0xf7, 0x52, 0x9c, 0xf7,
  0x52, 0x9c, 0xf7, 0x52, 0x9c, 0xf7, 0x52, 0x9c, 0xf7, 0x52, 0x9c, 0xf7,
  0x52, 0x9c, 0xf7, 0x52, 0x9c, 0xf7, 0x52, 0x9c, 0xf7, 0x52, 0x9c, 0xf7,
  0x52, 0x9c, 0xf7, 0x52, 0x9c, 0xf7, 0x52, 0x9c, 0xf7, 0x52, 0x9c, 0xf7,
  0x52, 0x9c, 0xf7, 0x52, 0x9c, 0xf7, 0x52, 0x9c, 0xf7, 0x52, 0x9c, 0xf7,
  0x52, 0x9c, 0xf7, 0x52, 0x9c, 0xf7, 0x52, 0x9c, 0xf7, 0x52, 0x9c, 0xf7,
  0x52, 0x9c, 0xf7, 0x52, 0x9c, 0xf7, 0x52, 0x9c, 0xf7, 0x52, 0x9c, 0xf7,
  0x52, 0x9c, 0xf7, 0x52, 0x9c, 0xf7, 0x52, 0x9c, 0xf7, 0x52, 0x9c, 0xf7,
  0x52, 0x9c, 0xf7, 0x52, 0x9c, 0xf7, 0x52, 0x9c, 0xf7, 0x52, 0x9c, 0xf7,
  0x52, 0x9c, 0xf7, 0x52, 0x9c, 0xf7, 0x52, 0x9c, 0xf7, 0x52, 0x9c, 0xf7,
  0x52, 0x9c, 0xf7, 0x52, 0x9c, 0xf7, 0x52, 0x9c, 0xf7, 0x52, 0x9c, 0xf7,
  0x52, 0x9c, 0xf7, 0x52, 0x9c, 0xf7, 0x52, 0x9c, 0xf7, 0x52, 0x9c, 0xf7,
  0x52, 0x9c, 0xf7, 0x52, 0x9c, 0xf7, 0x52, 0x9c, 0xf7, 0x52, 0x9c, 0xf7,
  0x52, 0x9c, 0xf7, 0x52, 0x9c, 0xf7, 0x52, 0x9c, 0xf7, 0x52, 0x9c, 0xf7,
  0x52, 0x9c, 0xf7, 0x52, 0x9c, 0xf7, 0x52, 0x9c, 0xf7, 0x52, 0x9c, 0xf7,
  0x52, 0x9c, 0xf7, 0x52, 0x9c, 0xf7, 0x52, 0x9c, 0xf7, 0x52, 0x9c, 0xf7,
  0x52, 0x9c, 0xf7, 0x52, 0x9c, 0xf7, 0x52, 0x9c, 0xf7, 0x52, 0x9c, 0xf7,
  0x52, 0x9c, 0xf7, 0x52, 0x9c, 0xf7, 0x52, 0x9c, 0xf7, 0x52, 0x9c, 0xf7,
  0x52, 0x9c, 0xf7, 0x52, 0x9c, 0xf7, 0x52, 0x9c, 0xf7, 0x52, 0x9c, 0xf7,
  0x52, 0x9c, 0xf7, 0x52, 0x9c, 0xf7, 0x52, 0x9c, 0xf7, 0x52, 0x9c, 0xf7,
  0x52, 0x9c, 0xf7, 0x52, 0x9c, 0xf7, 0x52, 0x9c, 0xf7, 0x52, 0x9c, 0xf7,
  0x52, 0x9c, 0xf7, 0x52, 0x9c, 0xf7, 0x52, 0x9c, 0xf7, 0x52, 0x9c, 0xf7,
  0x52, 0x9c, 0xf7, 0x52, 0x9c, 0xf7, 0x52, 0x9c, 0xf7, 0x52, 0x9c, 0xf7,
  0x52, 0x9c, 0xf7, 0x52, 0x9c, 0xf7, 0x52, 0x9c, 0xf7, 0x52, 0x9c, 0xf7,
  0x52, 0x9c, 0xf7, 0x52, 0x9c, 0xf7, 0x52, 0x9c, 0xf7, 0x52, 0x9c, 0xf7,
  0x52, 0x9c, 0xf7, 0x52, 0x9c, 0xf7, 0x52, 0x9c, 0xf7, 0x52, 0x9c, 0xf7,
  0x52, 0x9c, 0xf7, 0x52, 0x9c, 0xf7, 0x52, 0x9c, 0xf7, 0x52, 0x9c, 0xf7,
  0x52, 0x9c, 0xf7, 0x52, 0x9c, 0xf7, 0x52, 0x9c, 0xf7, 0x52, 0x9c, 0xf7,
  0x52, 0x9c, 0xf7, 0x52, 0x9c, 0xf7, 0x52, 0x9c, 0xf7, 0x52, 0x9c, 0xf7,
  0x52, 0x9c, 0xf7, 0x52, 0x9c, 0xf7, 0x52, 0x9c, 0xf7, 0x52, 0x9c, 0xf7,
  0x52, 0x9c, 0xf7, 0x52, 0x9c, 0xf7, 0x52, 0x9c, 0xf7, 0x52, 0x9c, 0xf7,
  0x52, 0x9c, 0xf7, 0x52, 0x9c, 0xf7, 0x52, 0x9c, 0xf7, 0x52, 0x9c, 0xf7,
  0x52, 0x9c, 0xf7, 0x52, 0x9c, 0xf7, 0x52, 0x9c, 0xf7, 0x52, 0x9c, 0xf7,
  0x52, 0x9c, 0xf7, 0x52, 0x9c, 0xf7, 0x52, 0x9c, 0xf7, 0x52, 0x9c, 0xf7,
  0x52, 0x9c, 0xf7, 0x52, 0x9c, 0xf7, 0x52, 0x9c, 0xf7, 0x52, 0x9c, 0xf7,
  0x52, 0x9c, 0xf7, 0x52, 0x9c, 0xf7, 0x52, 0x9c, 0xf7, 0x52, 0x9c, 0xf7,
  0x52, 0x9c, 0xf7, 0x52, 0x9c, 0xf7, 0x52, 0x9c, 0xf7, 0x52, 0x9c, 0xf7,
  0x52, 0x9c, 0xf7, 0x52, 0x9c, 0xf7, 0x52, 0x9c, 0xf7, 0x52, 0x9c, 0xf7,
  0x52, 0x9c, 0xf7, 0x52, 0x9c, 0xf7, 0x52, 0x9c, 0xf7, 0x52, 0x9c, 0xf7,
  0x52, 0x9c, 0xf7, 0x52, 0x9c, 0xf7, 0x52, 0x9c, 0xf7, 0x52, 0x9c, 0xf7,
  0x52, 0x9c, 0xf7, 0x52, 0x9c, 0xf7, 0x52, 0x9c, 0xf7, 0x52, 0x9c, 0xf7,
  0x52, 0x9c, 0xf7, 0x52, 0x9c, 0xf7, 0x52, 0x9c, 0xf7, 0x52, 0x9c, 0xf7,
  0x52, 0x9c, 0xf7, 0x52, 0x9c, 0xf7, 0x52, 0x9c, 0xf7, 0x52, 0x9c, 0xf7,
  0x52, 0x9c, 0xf7, 0x52, 0x9c, 0xf7, 0x52, 0x9c, 0xf7, 0x52, 0x9c, 0xf7,
  0x52, 0x9c, 0xf7, 0x52, 0x9c, 0xf7, 0x52, 0x9c, 0xf7, 0x52, 0x9c, 0xf7,
  0x52, 0x9c, 0xf7, 0x52, 0x9c, 0xf7, 0x52, 0x9c, 0xf7, 0x52, 0x9c, 0xf7,
  0x52, 0x9c, 0xf7, 0x52, 0x9c, 0xf7, 0x52, 0x9c, 0xf7, 0x52, 0x9c, 0xf7,
  0x52, 0x9c, 0xf7, 0x52, 0x9c, 0xf7, 0x52, 0x9c, 0xf7, 0x52, 0x9c, 0xf7,
  0x52, 0x9c, 0xf7, 0x52, 0x9c, 0xf7, 0x52, 0x9c, 0xf7, 0x52, 0x9c, 0xf7,
  0x52, 0x9c, 0xf7, 0x52, 0x9c, 0xf7, 0x52, 0x9c, 0xf7, 0x52, 0x9c, 0xf7,
  0x52, 0x9c, 0xf7, 0x52, 0x9c, 0xf7, 0x52, 0x9c, 0xf7, 0x52, 0x9c, 0xf7,
  0x52, 0x9c, 0xf7, 0x52, 0x9c, 0xf7, 0x52, 0x9c, 0xf7, 0x52, 0x9c, 0xf7,
  0x52, 0x9c, 0xf7, 0x52, 0x9c, 0xf7, 0x52, 0x9c, 0xf7, 0x52, 0x9c, 0xf7,
  0x52, 0x9c, 0xf7, 0x52, 0x9c, 0xf7, 0x52, 0x9c, 0xf7, 0x52, 0x9c, 0xf7,
  0x52, 0x9c, 0xf7, 0x52, 0x9c, 0xf7, 0x52, 0x9c, 0xf7, 0x52, 0x9c, 0xf7,
  0x52, 0x9c, 0xf7, 0x52, 0x9c, 0xf7, 0x52, 0x9c, 0xf7, 0x52, 0x9c, 0xf7,
  0x52, 0x9c, 0xf7, 0x52, 0x9c, 0xf7, 0x52, 0x9c, 0xf7, 0x52, 0x9c, 0xf7,
  0x52, 0x9c, 0xf7, 0x52, 0x9c, 0xf7, 0x52, 0x9c, 0xf7, 0x52, 0x9c, 0xf7,
  0x52, 0x9c, 0xf7, 0x52, 0x9c, 0xf7, 0x52, 0x9c, 0xf7, 0x52, 0x9c, 0xf7,
  0x52, 0x9c, 0xf7, 0x52, 0x9c, 0xf7, 0x52, 0x9c, 0xf7, 0x52, 0x9c, 0xf7,
  0x52, 0x9c, 0xf7, 0x52, 0x9c, 0xf7, 0x52, 0x9c, 0xf7, 0x52, 0x9c, 0xf7,
  0x52, 0x9c, 0xf7, 0x52, 0x9c, 0xf7, 0x52, 0x9c, 0xf7, 0x52, 0x9c, 0xf7,
  0x52, 0x9c, 0xf7, 0x52, 0x9c, 0xf7, 0x52, 0x9c, 0xf7, 0x52, 0x9c, 0xf7,
  0x52, 0x9c, 0xf7, 0x52, 0x9c, 0xf7, 0x52, 0x9c, 0xf7, 0x52, 0x9c, 0xf7,
  0x52, 0x9c, 0xf7, 0x52, 0x9c, 0xf7, 0x52, 0x9c, 0xf7, 0x52, 0x9c, 0xf7,
  0x52, 0x9c, 0xf7, 0x52, 0x9c, 0xf7, 0x52, 0x9c, 0xf7, 0x52, 0x9c, 0xf7,
  0x52, 0x9c, 0xf7, 0x52, 0x9c, 0xf7, 0x52, 0x9c, 0xf7, 0x52, 0x9c, 0xf7,
  0x52, 0x9c, 0xf7, 0x52, 0x9c, 0xf7, 0x52, 0x9c, 0xf7, 0x52, 0x9c, 0xf7,
  0x52, 0x9c, 0xf7, 0x52, 0x9c, 0xf7, 0x52, 0x9c, 0xf7, 0x52, 0x9c, 0xf7,
  0x52, 0x9c, 0xf7, 0x52, 0x9c, 0xf7, 0x52, 0x9c, 0xf7, 0x52, 0x9c, 0xf7,
  0x52, 0x9c, 0xf7, 0x52, 0x9c, 0xf7, 0x52, 0x9c, 0xf7, 0x52, 0x9c, 0xf7,
  0x52, 0x9c, 0xf7, 0x52, 0x9c, 0xf7, 0x52, 0x9c, 0xf7, 0x52, 0x9c, 0xf7,
  0x52, 0x9c, 0xf7, 0x52, 0x9c, 0xf7, 0x52, 0x9c, 0xf7, 0x52, 0x9c, 0xf7,
  0x52, 0x9c, 0xf7, 0x52, 0x9c, 0xf7, 0x52, 0x9c, 0xf7, 0x52, 0x9c, 0xf7,
  0x52, 0x9c, 0xf7, 0x52, 0x9c, 0xf7, 0x52, 0x9c, 0xf7, 0x52, 0x9c, 0xf7,
  0x52, 0x9c, 0xf7, 0x52, 0x9c, 0xf7, 0x52, 0x9c, 0xf7, 0x52, 0x9c, 0xf7,
  0x52, 0x9c, 0xf7, 0x52, 0x9c, 0xf7, 0x52, 0x9c, 0xf7, 0x52, 0x9c, 0xf7,
  0x52, 0x9c, 0xf7, 0x52, 0x9c, 0xf7, 0x52, 0x9c, 0xf7, 0x52, 0x9c, 0xf7,
  0x52, 0x9c, 0xf7, 0x52, 0x9c, 0xf7, 0x52, 0x9c, 0xf7, 0x52, 0x9c, 0xf7,
  0x52, 0x9c, 0xf7, 0x52, 0x9c, 0xf7, 0x52, 0x9c, 0xf7, 0x52, 0x9c, 0xf7,
  0x52, 0x9c, 0xf7, 0x52, 0x9c, 0xf7, 0x52, 0x9c, 0xf7, 0x52, 0x9c, 0xf7,
  0x52, 0x9c, 0xf7, 0x52, 0x9c, 0xf7, 0x52, 0x9c, 0xf7, 0x52, 0x9c, 0xf7,
  0x52, 0x9c, 0xf7, 0x52, 0x9c, 0xf7, 0x52, 0x9c, 0xf7, 0x52, 0x9c, 0xf7,
  0x52, 0x9c, 0xf7, 0x52, 0x9c, 0xf7, 0x52, 0x9c, 0xf7, 0x52, 0x9c, 0xf7,
  0x52, 0x9c, 0xf7, 0x52, 0x9c, 0xf7, 0x52, 0x9c, 0xf7, 0x52, 0x9c, 0xf7,
  0x52, 0x9c, 0xf7, 0x52, 0x9c, 0xf7, 0x52, 0x9c, 0xf7, 0x52, 0x9c, 0xf7,
  0x52, 0x9c, 0xf7, 0x52, 0x9c, 0xf7, 0x52, 0x9c, 0xf7, 0x52, 0x9c, 0xf7,
  0x52, 0x9c, 0xf7, 0x52, 0x9c, 0xf7, 0x52, 0x9c, 0xf7, 0x52, 0x9c, 0xf7,
  0x52, 0x9c, 0xf7, 0x52, 0x9c, 0xf7, 0x52, 0x9c, 0xf7, 0x52, 0x9c, 0xf7,
  0x52, 0x9c, 0xf7, 0x52, 0x9c, 0xf7, 0x52, 0x9c, 0xf7, 0x52, 0x9c, 0xf7,
  0x52, 0x9c, 0xf7, 0x52, 0x9c, 0xf7, 0x52, 0x9c, 0xf7, 0x52, 0x9c, 0xf7,
  0x52, 0x9c, 0xf7, 0x52, 0x9c, 0xf7, 0x52, 0x9c, 0xf7, 0x52, 0x9c, 0xf7,
  0x52, 0x9c, 0xf7, 0x52, 0x9c, 0xf7, 0x52, 0x9c, 0xf7, 0x52, 0x9c, 0xf7,
  0x52, 0x9c, 0xf7, 0x52, 0x9c, 0xf7, 0x52, 0x9c, 0xf7, 0x52, 0x9c, 0xf7,
  0x52, 0x9c, 0xf7, 0x52, 0x9c, 0xf7, 0x52, 0x9c, 0xf7, 0x52, 0x9c, 0xf7,
  0x52, 0x9c, 0xf7, 0x52, 0x9c, 0xf7, 0x52, 0x9c, 0xf7, 0x52, 0x9c, 0xf7,
  0x52, 0x9c, 0xf7, 0x52, 0x9c, 0xf7, 0x52, 0x9c, 0xf7, 0x52, 0x9c, 0xf7,
  0x52, 0x9c, 0xf7, 0x52, 0x9c, 0xf7, 0x52, 0x9c, 0xf7, 0x52, 0x9c, 0xf7,
  0x52, 0x9c, 0xf7, 0x52, 0x9c, 0xf7, 0x52, 0x9c, 0xf7, 0x52, 0x9c, 0xf7,
  0x52, 0x9c, 0xf7, 0x52, 0x9c, 0xf7, 0x52, 0x9c, 0xf7, 0x52, 0x9c, 0xf7,
  0x52, 0x9c, 0xf7, 0x52, 0x9c, 0xf7, 0x52, 0x9c, 0xf7, 0x52, 0x9c, 0xf7,
  0x52, 0x9c, 0xf7, 0x52, 0x9c, 0xf7, 0x52, 0x9c, 0xf7, 0x52, 0x9c, 0xf7,
  0x52, 0x9c, 0xf7, 0x52, 0x9c, 0xf7, 0x52, 0x9c, 0xf7, 0x52, 0x9c, 0xf7,
  0x52, 0x9c, 0xf7, 0x52, 0x9c, 0xf7, 0x52, 0x9c, 0xf7, 0x52, 0x9c, 0xf7,
  0x52, 0x9c, 0xf7, 0x52, 0x9c, 0xf7, 0x52, 0x9c, 0xf7, 0x52, 0x9c, 0xf7,
  0x52, 0x9c, 0xf7, 0x52, 0x9c, 0xf7, 0x52, 0x9c, 0xf7, 0x52, 0x9c, 0xf7,
  0x52, 0x9c, 0xf7, 0x52, 0x9c, 0xf7, 0x52, 0x9c, 0xf7, 0x52, 0x9c, 0xf7,
  0x52, 0x9c, 0xf7, 0x52, 0x9c, 0xf7, 0x52, 0x9c, 0xf7, 0x52, 0x9c, 0xf7,
  0x52, 0x9c, 0xf7, 0x52, 0x9c, 0xf7, 0x52, 0x9c, 0xf7, 0x52, 0x9c, 0xf7,
  0x52, 0x9c, 0xf7, 0x52, 0x9c, 0xf7, 0x52, 0x9c, 0xf7, 0x52, 0x9c, 0xf7,
  0x52, 0x9c, 0xf7, 0x52, 0x9c, 0xf7, 0x52, 0x9c, 0xf7, 0x52, 0x9c, 0xf7,
  0x52, 0x9c, 0xf7, 0x52, 0x9c, 0xf7, 0x52, 0x9c, 0xf7, 0x52, 0x9c, 0xf7,
  0x52, 0x9c, 0xf7, 0x52, 0x9c, 0xf7, 0x52, 0x9c, 0xf7, 0x52, 0x9c, 0xf7,
  0x52, 0x9c, 0xf7, 0x52, 0x9c, 0xf7, 0x52, 0x9c, 0xf7, 0x52, 0x9c, 0xf7,
  0x52, 0x9c, 0xf7, 0x52, 0x9c, 0xf7, 0x52, 0x9c, 0xf7, 0x52, 0x9c, 0xf7,
  0x52, 0x9c, 0xf7, 0x52, 0x9c, 0xf7, 0x52, 0x9c, 0xf7, 0x52, 0x9c, 0xf7,
  0x52, 0x9c, 0xf7, 0x52, 0x9c, 0xf7, 0x52, 0x9c, 0xf7, 0x52, 0x9c, 0xf7,
  0x52, 0x9c, 0xf7, 0x52, 0x9c, 0xf7, 0x52, 0x9c, 0xf7, 0x52, 0x9c, 0xf7,
  0x52, 0x9c, 0xf7, 0x52, 0x9c, 0xf7, 0x52, 0x9c, 0xf7, 0x52, 0x9c, 0xf7,
  0x52, 0x9c, 0xf7, 0x52, 0x9c, 0xf7, 0x52, 0x9c, 0xf7, 0x52, 0x9c, 0xf7,
  0x52, 0x9c, 0xf7, 0x52, 0x9c, 0xf7, 0x52, 0x9c, 0xf7, 0x52, 0x9c, 0xf7,
  0x52, 0x9c, 0xf7, 0x52, 0x9c, 0xf7, 0x52, 0x9c, 0xf7, 0x52, 0x9c, 0xf7,
  0x52, 0x9c, 0xf7, 0x52, 0x9c, 0xf7, 0x52, 0x9c, 0xf7, 0x52, 0x9c, 0xf7,
  0x52, 0x9c, 0xf7, 0x52, 0x9c, 0xf7, 0x52, 0x9c, 0xf7, 0x52, 0x9c, 0xf7,
  0x52, 0x9c, 0xf7, 0x52, 0x9c, 0xf7, 0x52, 0x9c, 0xf7, 0x52, 0x9c, 0xf7,
  0x52, 0x9c, 0xf7, 0x52, 0x9c, 0xf7, 0x52, 0x9c, 0xf7, 0x52, 0x9c, 0xf7,
  0x52, 0x9c, 0xf7, 0x52, 0x9c, 0xf7, 0x52, 0x9c, 0xf7, 0x52, 0x9c, 0xf7,
  0x52, 0x9c, 0xf7, 0x52, 0x9c, 0xf7, 0x52, 0x9c, 0xf7, 0x52, 0x9c, 0xf7,
  0x52, 0x9c, 0xf7, 0x52, 0x9c, 0xf7, 0x52, 0x9c, 0xf7, 0x52, 0x9c, 0xf7,
  0x52, 0x9c, 0xf7, 0x52, 0x9c, 0xf7, 0x52, 0x9c, 0xf7, 0x52, 0x9c, 0xf7,
  0x52, 0x9c, 0xf7, 0x52, 0x9c, 0xf7, 0x52, 0x9c, 0xf7, 0x52, 0x9c, 0xf7,
  0x52, 0x9c, 0xf7, 0x52, 0x9c, 0xf7, 0x52, 0x9c, 0xf7, 0x52, 0x9c, 0xf7,
  0x52, 0x9c, 0xf7, 0x52, 0x9c, 0xf7, 0x52, 0x9c, 0xf7, 0x52, 0x9c, 0xf7,
  0x52, 0x9c, 0xf7, 0x52, 0x9c, 0xf7, 0x52, 0x9c, 0xf7, 0x52, 0x9c, 0xf7,
  0x52, 0x9c, 0xf7, 0x52, 0x9c, 0xf7, 0x52, 0x9c, 0xf7, 0x52, 0x9c, 0xf7,
  0x52, 0x9c, 0xf7, 0x52, 0x9c, 0xf7, 0x52, 0x9c, 0xf7, 0x52, 0x9c, 0xf7,
  0x52, 0x9c, 0xf7, 0x52, 0x9c, 0xf7, 0x52, 0x9c, 0xf7, 0x52, 0x9c, 0xf7,
  0x52, 0x9c, 0xf7, 0x52, 0x9c, 0xf7, 0x52, 0x9c, 0xf7, 0x52, 0x9c, 0xf7,
  0x52, 0x9c, 0xf7, 0x52, 0x9c, 0xf7, 0x52, 0x9c, 0xf7, 0x52, 0x9c, 0xf7,
  0x52, 0x9c, 0xf7, 0x52, 0x9c, 0xf7, 0x52, 0x9c, 0xf7, 0x52, 0x9c, 0xf7,
  0x52, 0x9c, 0xf7, 0x52, 0x9c, 0xf7, 0x52, 0x9c, 0xf7, 0x52, 0x9c, 0xf7,
  0x52, 0x9c, 0xf7, 0x52, 0x9c, 0xf7, 0x52, 0x9c, 0xf7, 0x52, 0x9c, 0xf7,
  0x52, 0x9c, 0xf7, 0x52, 0x9c, 0xf7, 0x52, 0x9c, 0xf7, 0x52, 0x9c, 0xf7,
  0x52, 0x9c, 0xf7, 0x52, 0x9c, 0xf7, 0x52, 0x9c, 0xf7, 0x52, 0x9c, 0xf7,
  0x52, 0x9c, 0xf7, 0x52, 0x9c, 0xf7, 0x52, 0x9c, 0xf7, 0x52, 0x9c, 0xf7,
  0x52, 0x9c, 0xf7, 0x52, 0x9c, 0xf7, 0x52, 0x9c, 0xf7, 0x52, 0x9c, 0xf7,
  0x52, 0x9c, 0xf7, 0x52, 0x9c, 0xf7, 0x52, 0x9c, 0xf7, 0x52, 0x9c, 0xf7,
  0x52, 0x9c, 0xf7, 0x52, 0x9c, 0xf7, 0x52, 0x9c, 0xf7, 0x52, 0x9c, 0xf7,
  0x52, 0x9c, 0xf7, 0x52, 0x9c, 0xf7, 0x52, 0x9c, 0xf7, 0x52, 0x9c, 0xf7,
  0x52, 0x9c, 0xf7, 0x52, 0x9c, 0xf7, 0x52, 0x9c, 0xf7, 0x52, 0x9c, 0xf7,
  0x52, 0x9c, 0xf7, 0x52, 0x9c, 0xf7, 0x52, 0x9c, 0xf7, 0x52, 0x9c, 0xf7,
  0x52, 0x9c, 0xf7, 0x52, 0x9c, 0xf7, 0x52, 0x9c, 0xf7, 0x52, 0x9c, 0xf7,
  0x52, 0x9c, 0xf7, 0x52, 0x9c, 0xf7, 0x52, 0x9c, 0xf7, 0x52, 0x9c, 0xf7,
  0x52, 0x9c, 0xf7, 0x52, 0x9c, 0xf7, 0x52, 0x9c, 0xf7, 0x52, 0x9c, 0xf7,
  0x52, 0x9c, 0xf7, 0x52, 0x9c, 0xf7, 0x52, 0x9c, 0xf7, 0x52, 0x9c, 0xf7,
  0x52, 0x9c, 0xf7, 0x52, 0x9c, 0xf7, 0x52, 0x9c, 0xf7, 0x52, 0x9c, 0xf7,
  0x52, 0x9c, 0xf7, 0x52, 0x9c, 0xf7, 0x52, 0x9c, 0xf7, 0x52, 0x9c, 0xf7,
  0x52, 0x9c, 0xf7, 0x52, 0x9c, 0xf7, 0x52, 0x9c, 0xf7, 0x52, 0x9c, 0xf7,
  0x52, 0x9c, 0xf7, 0x52, 0x9c, 0xf7, 0x52, 0x9c, 0xf7, 0x52, 0x9c, 0xf7,
  0x52, 0x9c, 0xf7, 0x52, 0x9c, 0xf7, 0x52, 0x9c, 0xf7, 0x52, 0x9c, 0xf7,
  0x52, 0x9c, 0xf7, 0x52, 0x9c, 0xf7, 0x52, 0x9c, 0xf7, 0x52, 0x9c, 0xf7,
  0x52, 0x9c, 0xf7, 0x52, 0x9c, 0xf7, 0x52, 0x9c, 0xf7, 0x52, 0x9c, 0xf7,
  0x52, 0x9c, 0xf7, 0x52, 0x9c, 0xf7, 0x52, 0x9c, 0xf7, 0x52, 0x9c, 0xf7,
  0x52, 0x9c, 0xf7, 0x52, 0x9c, 0xf7, 0x52, 0x9c, 0xf7, 0x52, 0x9c, 0xf7,
  0x52, 0x9c, 0xf7, 0x52, 0x9c, 0xf7, 0x52, 0x9c, 0xf7, 0x52, 0x9c, 0xf7,
  0x52, 0x9c, 0xf7, 0x52, 0x9c, 0xf7, 0x52, 0x9c, 0xf7, 0x52, 0x9c, 0xf7,
  0x52, 0x9c, 0xf7, 0x52, 0x9c, 0xf7, 0x52, 0x9c, 0xf7, 0x52, 0x9c, 0xf7,
  0x52, 0x9c, 0xf7, 0x52, 0x9c, 0xf7, 0x52, 0x9c, 0xf7, 0x52, 0x9c, 0xf7,
  0x52, 0x9c, 0xf7, 0x52, 0x9c, 0xf7, 0x52, 0x9c, 0xf7, 0x52, 0x9c, 0xf7,
  0x52, 0x9c, 0xf7, 0x52, 0x9c, 0xf7, 0x52, 0x9c, 0xf7, 0x52, 0x9c, 0xf7,
  0x52, 0x9c, 0xf7, 0x52, 0x9c, 0xf7, 0x52, 0x9c, 0xf7, 0x52, 0x9c, 0xf7,
  0x52, 0x9c, 0xf7, 0x52, 0x9c, 0xf7, 0x52, 0x9c, 0xf7, 0x52, 0x9c, 0xf7,
  0x52, 0x9c, 0xf7, 0x52, 0x9c, 0xf7, 0x52, 0x9c, 0xf7, 0x52, 0x9c, 0xf7,
  0x52, 0x9c, 0xf7, 0x52, 0x9c, 0xf7, 0x52, 0x9c, 0xf7, 0x52, 0x9c, 0xf7,
  0x52, 0x9c, 0xf7, 0x52, 0x9c, 0xf7, 0x52, 0x9c, 0xf7, 0x52, 0x9c, 0xf7,
  0x52, 0x9c, 0xf7, 0x52, 0x9c, 0xf7, 0x52, 0x9c, 0xf7, 0x52, 0x9c, 0xf7,
  0x52, 0x9c, 0xf7, 0x52, 0x9c, 0xf7, 0x52, 0x9c, 0xf7, 0x52, 0x9c, 0xf7,
  0x52, 0x9c, 0xf7, 0x52, 0x9c, 0xf7, 0x52, 0x9c, 0xf7, 0x52, 0x9c, 0xf7,
  0x52, 0x9c, 0xf7, 0x52, 0x9c, 0xf7, 0x52, 0x9c, 0xf7, 0x52, 0x9c, 0xf7,
  0x52, 0x9c, 0xf7, 0x52, 0x9c, 0xf7, 0x52, 0x9c, 0xf7, 0x52, 0x9c, 0xf7,
  0x52, 0x9c, 0xf7, 0x52, 0x9c, 0xf7, 0x52, 0x9c, 0xf7, 0x52, 0x9c, 0xf7,
  0x52, 0x9c, 0xf7, 0x52, 0x9c, 0xf7, 0x52, 0x9c, 0xf7, 0x52, 0x9c, 0xf7,
  0x52, 0x9c, 0xf7, 0x52, 0x9c, 0xf7, 0x52, 0x9c, 0xf7, 0x52, 0x9c, 0xf7,
  0x52, 0x9c, 0xf7, 0x52, 0x9c, 0xf7, 0x52, 0x9c, 0xf7, 0x52, 0x9c, 0xf7,
  0x52, 0x9c, 0xf7, 0x52, 0x9c, 0xf7, 0x52, 0x9c, 0xf7, 0x52, 0x9c, 0xf7,
  0x52, 0x9c, 0xf7, 0x52, 0x9c, 0xf7, 0x52, 0x9c, 0xf7, 0x52, 0x9c, 0xf7,
  0x52, 0x9c, 0xf7, 0x52, 0x9c, 0xf7, 0x52, 0x9c, 0xf7, 0x52, 0x9c, 0xf7,
  0x52, 0x9c, 0xf7, 0x52, 0x9c, 0xf7, 0x52, 0x9c, 0xf7, 0x52, 0x9c, 0xf7,
  0x52, 0x9c, 0xf7, 0x52, 0x9c, 0xf7, 0x52, 0x9c, 0xf7, 0x52, 0x9c, 0xf7,
  0x52, 0x9c, 0xf7, 0x52, 0x9c, 0xf7, 0x52, 0x9c, 0xf7, 0x52, 0x9c, 0xf7,
  0x52, 0x9c, 0xf7, 0x52, 0x9c, 0xf7, 0x52, 0x9c, 0xf7, 0x52, 0x9c, 0xf7,
  0x52, 0x9c, 0xf7, 0x52, 0x9c, 0xf7, 0x52, 0x9c, 0xf7, 0x52, 0x9c, 0xf7,
  0x52, 0x9c, 0xf7, 0x52, 0x9c, 0xf7, 0x52, 0x9c, 0xf7, 0x52, 0x9c, 0xf7,
  0x52, 0x9c, 0xf7, 0x52, 0x9c, 0xf7, 0x52, 0x9c, 0xf7, 0x52, 0x9c, 0xf7,
  0x52, 0x9c, 0xf7, 0x52, 0x9c, 0xf7, 0x52, 0x9c, 0xf7, 0x52, 0x9c, 0xf7,
  0x52, 0x9c, 0xf7, 0x52, 0x9c, 0xf7, 0x52, 0x9c, 0xf7, 0x52, 0x9c, 0xf7,
  0x52, 0x9c, 0xf7, 0x52, 0x9c, 0xf7, 0x52, 0x9c, 0xf7, 0x52, 0x9c, 0xf7,
  0x52, 0x9c, 0xf7, 0x52, 0x9c, 0xf7, 0x52, 0x9c, 0xf7, 0x52, 0x9c, 0xf7,
  0x52, 0x9c, 0xf7, 0x52, 0x9c, 0xf7, 0x52, 0x9c, 0xf7, 0x52, 0x9c, 0xf7,
  0x52, 0x9c, 0xf7, 0x52, 0x9c, 0xf7, 0x52, 0x9c, 0xf7, 0x52, 0x9c, 0xf7,
  0x52, 0x9c, 0xf7, 0x52, 0x9c, 0xf7, 0x52, 0x9c, 0xf7, 0x52, 0x9c, 0xf7,
  0x52, 0x9c, 0xf7, 0x52, 0x9c, 0xf7, 0x52, 0x9c, 0xf7, 0x52, 0x9c, 0xf7,
  0x52, 0x9c, 0xf7, 0x52, 0x9c, 0xf7, 0x52, 0x9c, 0xf7, 0x52, 0x9c, 0xf7,
  0x52, 0x9c, 0xf7, 0x52, 0x9c, 0xf7, 0x52, 0x9c, 0xf7, 0x52, 0x9c, 0xf7,
  0x52, 0x9c, 0xf7, 0x52, 0x9c, 0xf7, 0x52, 0x9c, 0xf7, 0x52, 0x9c, 0xf7,
  0x52, 0x9c, 0xf7, 0x52, 0x9c, 0xf7, 0x52, 0x9c, 0xf7, 0x52, 0x9c, 0xf7,
  0x52, 0x9c, 0xf7, 0x52, 0x9c, 0xf7, 0x52, 0x9c, 0xf7, 0x52, 0x9c, 0xf7,
  0x52, 0x9c, 0xf7, 0x52, 0x9c, 0xf7, 0x52, 0x9c, 0xf7, 0x52, 0x9c, 0xf7,
  0x52, 0x9c, 0xf7, 0x52, 0x9c, 0xf7, 0x52, 0x9c, 0xf7, 0x52, 0x9c, 0xf7,
  0x52, 0x9c, 0xf7, 0x52, 0x9c, 0xf7, 0x52, 0x9c, 0xf7, 0x52, 0x9c, 0xf7,
  0x52, 0x9c, 0xf7, 0x52, 0x9c, 0xf7, 0x52, 0x9c, 0xf7, 0x52, 0x9c, 0xf7,
  0x52, 0x9c, 0xf7, 0x52, 0x9c, 0xf7, 0x52, 0x9c, 0xf7, 0x52, 0x9c, 0xf7,
  0x52, 0x9c, 0xf7, 0x52, 0x9c, 0xf7, 0x52, 0x9c, 0xf7, 0x52, 0x9c, 0xf7,
  0x52, 0x9c, 0xf7, 0x52, 0x9c, 0xf7, 0x52, 0x9c, 0xf7, 0x52, 0x9c, 0xf7,
  0x52, 0x9c, 0xf7, 0x52, 0x9c, 0xf7, 0x52, 0x9c, 0xf7, 0x52, 0x9c, 0xf7,
  0x52, 0x9c, 0xf7, 0x52, 0x9c, 0xf7, 0x52, 0x9c, 0xf7, 0x52, 0x9c, 0xf7,
  0x52, 0x9c, 0xf7, 0x52, 0x9c, 0xf7, 0x52, 0x9c, 0xf7, 0x52, 0x9c, 0xf7,
  0x52, 0x9c, 0xf7, 0x52, 0x9c, 0xf7, 0x52, 0x9c, 0xf7, 0x52, 0x9c, 0xf7,
  0x52, 0x9c, 0xf7, 0x52, 0x9c, 0xf7, 0x52, 0x9c, 0xf7, 0x52, 0x9c, 0xf7,
  0x52, 0x9c, 0xf7, 0x52, 0x9c, 0xf7, 0x52, 0x9c, 0xf7, 0x52, 0x9c, 0xf7,
  0x52, 0x9c, 0xf7, 0x52, 0x9c, 0xf7, 0x52, 0x9c, 0xf7, 0x52, 0x9c, 0xf7,
  0x52, 0x9c, 0xf7, 0x52, 0x9c, 0xf7, 0x52, 0x9c, 0xf7, 0x52, 0x9c, 0xf7,
  0x52, 0x9c, 0xf7, 0x52, 0x9c, 0xf7, 0x52, 0x9c, 0xf7, 0x52, 0x9c, 0xf7,
  0x52, 0x9c, 0xf7, 0x52, 0x9c, 0xf7, 0x52, 0x9c, 0xf7, 0x52, 0x9c, 0xf7,
  0x52, 0x9c, 0xf7, 0x52, 0x9c, 0xf7, 0x52, 0x9c, 0xf7, 0x52, 0x9c, 0xf7,
  0x52, 0x9c, 0xf7, 0x52, 0x9c, 0xf7, 0x52, 0x9c, 0xf7, 0x52, 0x9c, 0xf7,
  0x52, 0x9c, 0xf7, 0x52, 0x9c, 0xf7, 0x52, 0x9c, 0xf7, 0x52, 0x9c, 0xf7,
  0x52, 0x9c, 0xf7, 0x52, 0x9c, 0xf7, 0x52, 0x9c, 0xf7, 0x52, 0x9c, 0xf7,
  0x52, 0x9c, 0xf7, 0x52, 0x9c, 0xf7, 0x52, 0x9c, 0xf7, 0x52, 0x9c, 0xf7,
  0x52, 0x9c, 0xf7, 0x52, 0x9c, 0xf7, 0x52, 0x9c, 0xf7, 0x52, 0x9c, 0xf7,
  0x52, 0x9c, 0xf7, 0x52, 0x9c, 0xf7, 0x52, 0x9c, 0xf7, 0x52, 0x9c, 0xf7,
  0x52, 0x9c, 0xf7, 0x52, 0x9c, 0xf7, 0x52, 0x9c, 0xf7, 0x52, 0x9c, 0xf7,
  0x52, 0x9c, 0xf7, 0x52, 0x9c, 0xf7, 0x52, 0x9c, 0xf7, 0x52, 0x9c, 0xf7,
  0x52, 0x9c, 0xf7, 0x52, 0x9c, 0xf7, 0x52, 0x9c, 0xf7, 0x52, 0x9c, 0xf7,
  0x52, 0x9c, 0xf7, 0x52, 0x9c, 0xf7, 0x52, 0x9c, 0xf7, 0x52, 0x9c, 0xf7,
  0x52, 0x9c, 0xf7, 0x52, 0x9c, 0xf7, 0x52, 0x9c, 0xf7, 0x52, 0x9c, 0xf7,
  0x52, 0x9c, 0xf7, 0x52, 0x9c, 0xf7, 0x52, 0x9c, 0xf7, 0x52, 0x9c, 0xf7,
  0x52, 0x9c, 0xf7, 0x52, 0x9c, 0xf7, 0x52, 0x9c, 0xf7, 0x52, 0x9c, 0xf7,
  0x52, 0x9c, 0xf7, 0x52, 0x9c, 0xf7, 0x52, 0x9c, 0xf7, 0x52, 0x9c, 0xf7,
  0x52, 0x9c, 0xf7, 0x52, 0x9c, 0xf7, 0x52, 0x9c, 0xf7, 0x52, 0x9c, 0xf7,
  0x52, 0x9c, 0xf7, 0x52, 0x9c, 0xf7, 0x52, 0x9c, 0xf7, 0x52, 0x9c, 0xf7,
  0x52, 0x9c, 0xf7, 0x52, 0x9c, 0xf7, 0x52, 0x9c, 0xf7, 0x52, 0x9c, 0xf7,
  0x52, 0x9c, 0xf7, 0x52, 0x9c, 0xf7, 0x52, 0x9c, 0xf7, 0x52, 0x9c, 0xf7,
  0x52, 0x9c, 0xf7, 0x52, 0x9c, 0xf7, 0x52, 0x9c, 0xf7, 0x52, 0x9c, 0xf7,
  0x52, 0x9c, 0xf7, 0x52, 0x9c, 0xf7, 0x52, 0x9c, 0xf7, 0x52, 0x9c, 0xf7,
  0x52, 0x9c, 0xf7, 0x52, 0x9c, 0xf7, 0x52, 0x9c, 0xf7, 0x52, 0x9c, 0xf7,
  0x52, 0x9c, 0xf7, 0x52, 0x9c, 0xf7, 0x52, 0x9c, 0xf7, 0x52, 0x9c, 0xf7,
  0x52, 0x9c, 0xf7, 0x52, 0x9c, 0xf7, 0x52, 0x9c, 0xf7, 0x52, 0x9c, 0xf7,
  0x52, 0x9c, 0xf7, 0x52, 0x9c, 0xf7, 0x52, 0x9c, 0xf7, 0x52, 0x9c, 0xf7,
  0x52, 0x9c, 0xf7, 0x52, 0x9c, 0xf7, 0x52, 0x9c, 0xf7, 0x52, 0x9c, 0xf7,
  0x52, 0x9c, 0xf7, 0x52, 0x9c, 0xf7, 0x52, 0x9c, 0xf7, 0x52, 0x9c, 0xf7,
  0x52, 0x9c, 0xf7, 0x52, 0x9c, 0xf7, 0x52, 0x9c, 0xf7, 0x52, 0x9c, 0xf7,
  0x52, 0x9c, 0xf7, 0x52, 0x9c, 0xf7, 0x52, 0x9c, 0xf7, 0x52, 0x9c, 0xf7,
  0x52, 0x9c, 0xf7, 0x52, 0x9c, 0xf7, 0x52, 0x9c, 0xf7, 0x52, 0x9c, 0xf7,
  0x52, 0x9c, 0xf7, 0x52, 0x9c, 0xf7, 0x52, 0x9c, 0xf7, 0x52, 0x9c, 0xf7,
  0x52, 0x9c, 0xf7, 0x52, 0x9c, 0xf7, 0x52, 0x9c, 0xf7, 0x52, 0x9c, 0xf7,
  0x52, 0x9c, 0xf7, 0x52, 0x9c, 0xf7, 0x52, 0x9c, 0xf7, 0x52, 0x9c, 0xf7,
  0x52, 0x9c, 0xf7, 0x52, 0x9c, 0xf7, 0x52, 0x9c, 0xf7, 0x52, 0x9c, 0xf7,
  0x52, 0x9c, 0xf7, 0x52, 0x9c, 0xf7, 0x52, 0x9c, 0xf7, 0x52, 0x9c, 0xf7,
  0x52, 0x9c, 0xf7, 0x52, 0x9c, 0xf7, 0x52, 0x9c, 0xf7, 0x52, 0x9c, 0xf7,
  0x52, 0x9c, 0xf7, 0x52, 0x9c, 0xf7, 0x52, 0x9c, 0xf7, 0x52, 0x9c, 0xf7,
  0x52, 0x9c, 0xf7, 0x52, 0x9c, 0xf7, 0x52, 0x9c, 0xf7, 0x52, 0x9c, 0xf7,
  0x52, 0x9c, 0xf7, 0x52, 0x9c, 0xf7, 0x52, 0x9c, 0xf7, 0x52, 0x9c, 0xf7,
  0x52, 0x9c, 0xf7, 0x52, 0x9c, 0xf7, 0x52, 0x9c, 0xf7, 0x52, 0x9c, 0xf7,
  0x52, 0x9c, 0xf7, 0x52, 0x9c, 0xf7, 0x52, 0x9c, 0xf7, 0x52, 0x9c, 0xf7,
  0x52, 0x9c, 0xf7, 0x52, 0x9c, 0xf7, 0x52, 0x9c, 0xf7, 0x52, 0x9c, 0xf7,
  0x52, 0x9c, 0xf7, 0x52, 0x9c, 0xf7, 0x52, 0x9c, 0xf7, 0x52, 0x9c, 0xf7,
  0x52, 0x9c, 0xf7, 0x52, 0x9c, 0xf7, 0x52, 0x9c, 0xf7, 0x52, 0x9c, 0xf7,
  0x52, 0x9c, 0xf7, 0x52, 0x9c, 0xf7, 0x52, 0x9c, 0xf7, 0x52, 0x9c, 0xf7,
  0x52, 0x9c, 0xf7, 0x52, 0x9c, 0xf7, 0x52, 0x9c, 0xf7, 0x52, 0x9c, 0xf7,
  0x52, 0x9c, 0xf7, 0x52, 0x9c, 0xf7, 0x52, 0x9c, 0xf7, 0x52, 0x9c, 0xf7,
  0x52, 0x9c, 0xf7, 0x52, 0x9c, 0xf7, 0x52, 0x9c, 0xf7, 0x52, 0x9c, 0xf7,
  0x52, 0x9c, 0xf7, 0x52, 0x9c, 0xf7, 0x52, 0x9c, 0xf7, 0x52, 0x9c, 0xf7,
  0x52, 0x9c, 0xf7, 0x52, 0x9c, 0xf7, 0x52, 0x9c, 0xf7, 0x52, 0x9c, 0xf7,
  0x52, 0x9c, 0xf7, 0x52, 0x9c, 0xf7, 0x52, 0x9c, 0xf7, 0x52, 0x9c, 0xf7,
  0x52, 0x9c, 0xf7, 0x52, 0x9c, 0xf7, 0x52, 0x9c, 0xf7, 0x52, 0x9c, 0xf7,
  0x52, 0x9c, 0xf7, 0x52, 0x9c, 0xf7, 0x52, 0x9c, 0xf7, 0x52, 0x9c, 0xf7,
  0x52, 0x9c, 0xf7, 0x52, 0x9c, 0xf7, 0x52, 0x9c, 0xf7, 0x52, 0x9c, 0xf7,
  0x52, 0x9c, 0xf7, 0x52, 0x9c, 0xf7, 0x52, 0x9c, 0xf7, 0x52, 0x9c, 0xf7,
  0x52, 0x9c, 0xf7, 0x52, 0x9c, 0xf7, 0x52, 0x9c, 0xf7, 0x52, 0x9c, 0xf7,
  0x52, 0x9c, 0xf7, 0x52, 0x9c, 0xf7, 0x52, 0x9c, 0xf7, 0x52, 0x9c, 0xf7,
  0x52, 0x9c, 0xf7, 0x52, 0x9c, 0xf7, 0x52, 0x9c, 0xf7, 0x52, 0x9c, 0xf7,
  0x52, 0x9c, 0xf7, 0x52, 0x9c, 0xf7, 0x52, 0x9c, 0xf7, 0x52, 0x9c, 0xf7,
  0x52, 0x9c, 0xf7, 0x52, 0x9c, 0xf7, 0x52, 0x9c, 0xf7, 0x52, 0x9c, 0xf7,
  0x52, 0x9c, 0xf7, 0x52, 0x9c, 0xf7, 0x52, 0x9c, 0xf7, 0x52, 0x9c, 0xf7,
  0x52, 0x9c, 0xf7, 0x52, 0x9c, 0xf7, 0x52, 0x9c, 0xf7, 0x52, 0x9c, 0xf7,
  0x52, 0x9c, 0xf7, 0x52, 0x9c, 0xf7, 0x52, 0x9c, 0xf7, 0x52, 0x9c, 0xf7,
  0x52, 0x9c, 0xf7, 0x52, 0x9c, 0xf7, 0x52, 0x9c, 0xf7, 0x52, 0x9c, 0xf7,
  0x52, 0x9c, 0xf7, 0x52, 0x9c, 0xf7, 0x52, 0x9c, 0xf7, 0x52, 0x9c, 0xf7,
  0x52, 0x9c, 0xf7, 0x52, 0x9c, 0xf7, 0x52, 0x9c, 0xf7, 0x52, 0x9c, 0xf7,
  0x52, 0x9c, 0xf7, 0x52, 0x9c, 0xf7, 0x52, 0x9c, 0xf7, 0x52, 0x9c, 0xf7,
  0x52, 0x9c, 0xf7, 0x52, 0x9c, 0xf7, 0x52, 0x9c, 0xf7, 0x52, 0x9c, 0xf7,
  0x52, 0x9c, 0xf7, 0x52, 0x9c, 0xf7, 0x52, 0x9c, 0xf7, 0x52, 0x9c, 0xf7,
  0x52, 0x9c, 0xf7, 0x52, 0x9c, 0xf7, 0x52, 0x9c, 0xf7, 0x52, 0x9c, 0xf7,
  0x52, 0x9c, 0xf7, 0x52, 0x9c, 0xf7, 0x52, 0x9c, 0xf7, 0x52, 0x9c, 0xf7,
  0x52, 0x9c, 0xf7, 0x52, 0x9c, 0xf7, 0x52, 0x9c, 0xf7, 0x52, 0x9c, 0xf7,
  0x52, 0x9c, 0xf7, 0x52, 0x9c, 0xf7, 0x52, 0x9c, 0xf7, 0x52, 0x9c, 0xf7,
  0x52, 0x9c, 0xf7, 0x52, 0x9c, 0xf7, 0x52, 0x9c, 0xf7, 0x52, 0x9c, 0xf7,
  0x52, 0x9c, 0xf7, 0x52, 0x9c, 0xf7, 0x52, 0x9c, 0xf7, 0x52, 0x9c, 0xf7,
  0x52, 0x9c, 0xf7, 0x52, 0x9c, 0xf7, 0x52, 0x9c, 0xf7, 0x52, 0x9c, 0xf7,
  0x52, 0x9c, 0xf7, 0x52, 0x9c, 0xf7, 0x52, 0x9c, 0xf7, 0x52, 0x9c, 0xf7,
  0x52, 0x9c, 0xf7, 0x52, 0x9c, 0xf7, 0x52, 0x9c, 0xf7, 0x52, 0x9c, 0xf7,
  0x52, 0x9c, 0xf7, 0x52, 0x9c, 0xf7, 0x52, 0x9c, 0xf7, 0x52, 0x9c, 0xf7,
  0x52, 0x9c, 0xf7, 0x52, 0x9c, 0xf7, 0x52, 0x9c, 0xf7, 0x52, 0x9c, 0xf7,
  0x52, 0x9c, 0xf7, 0x52, 0x9c, 0xf7, 0x52, 0x9c, 0xf7, 0x52, 0x9c, 0xf7,
  0x52, 0x9c, 0xf7, 0x52, 0x9c, 0xf7, 0x52, 0x9c, 0xf7, 0x52, 0x9c, 0xf7,
  0x52, 0x9c, 0xf7, 0x52, 0x9c, 0xf7, 0x52, 0x9c, 0xf7, 0x52, 0x9c, 0xf7,
  0x52, 0x9c, 0xf7, 0x52, 0x9c, 0xf7, 0x52, 0x9c, 0xf7, 0x52, 0x9c, 0xf7,
  0x52, 0x9c, 0xf7, 0x52, 0x9c, 0xf7, 0x52, 0x9c, 0xf7, 0x52, 0x9c, 0xf7,
  0x52, 0x9c, 0xf7, 0x52, 0x9c, 0xf7, 0x52, 0x9c, 0xf7, 0x52, 0x9c, 0xf7,
  0x52, 0x9c, 0xf7, 0x52, 0x9c, 0xf7, 0x52, 0x9c, 0xf7, 0x52, 0x9c, 0xf7,
  0x52, 0x9c, 0xf7, 0x52, 0x9c, 0xf7, 0x52, 0x9c, 0xf7, 0x52, 0x9c, 0xf7,
  0x52, 0x9c, 0xf7, 0x52, 0x9c, 0xf7, 0x52, 0x9c, 0xf7, 0x52, 0x9c, 0xf7,
  0x52, 0x9c, 0xf7, 0x52, 0x9c, 0xf7, 0x52, 0x9c, 0xf7, 0x52, 0x9c, 0xf7,
  0x52, 0x9c, 0xf7, 0x52, 0x9c, 0xf7, 0x52, 0x9c, 0xf7, 0x52, 0x9c, 0xf7,
  0x52, 0x9c, 0xf7, 0x52, 0x9c, 0xf7, 0x52, 0x9c, 0xf7, 0x52, 0x9c, 0xf7,
  0x52, 0x9c, 0xf7, 0x52, 0x9c, 0xf7, 0x52, 0x9c, 0xf7, 0x52, 0x9c, 0xf7,
  0x52, 0x9c, 0xf7, 0x52, 0x9c, 0xf7, 0x52, 0x9c, 0xf7, 0x52, 0x9c, 0xf7,
  0x52, 0x9c, 0xf7, 0x52, 0x9c, 0xf7, 0x52, 0x9c, 0xf7, 0x52, 0x9c, 0xf7,
  0x52, 0x9c, 0xf7, 0x52, 0x9c, 0xf7, 0x52, 0x9c, 0xf7, 0x52, 0x9c, 0xf7,
  0x52, 0x9c, 0xf7, 0x52, 0x9c, 0xf7, 0x52, 0x9c, 0xf7, 0x52, 0x9c, 0xf7,
  0x52, 0x9c, 0xf7, 0x52, 0x9c, 0xf7, 0x52, 0x9c, 0xf7, 0x52, 0x9c, 0xf7,
  0x52, 0x9c, 0xf7, 0x52, 0x9c, 0xf7, 0x52, 0x9c, 0xf7, 0x52, 0x9c, 0xf7,
  0x52, 0x9c, 0xf7, 0x52, 0x9c, 0xf7, 0x52, 0x9c, 0xf7, 0x52, 0x9c, 0xf7,
  0x52, 0x9c, 0xf7, 0x52, 0x9c, 0xf7, 0x52, 0x9c, 0xf7, 0x52, 0x9c, 0xf7,
  0x52, 0x9c, 0xf7, 0x52, 0x9c, 0xf7, 0x52, 0x9c, 0xf7, 0x52, 0x9c, 0xf7,
  0x52, 0x9c, 0xf7, 0x52, 0x9c, 0xf7, 0x52, 0x9c, 0xf7, 0x52, 0x9c, 0xf7,
  0x52, 0x9c, 0xf7, 0x52, 0x9c, 0xf7, 0x52, 0x9c, 0xf7, 0x52, 0x9c, 0xf7,
  0x52, 0x9c, 0xf7, 0x52, 0x9c, 0xf7, 0x52, 0x9c, 0xf7, 0x52, 0x9c, 0xf7,
  0x52, 0x9c, 0xf7, 0x52, 0x9c, 0xf7, 0x52, 0x9c, 0xf7, 0x52, 0x9c, 0xf7,
  0x52, 0x9c, 0xf7, 0x52, 0x9c, 0xf7, 0x52, 0x9c, 0xf7, 0x52, 0x9c, 0xf7,
  0x52, 0x9c, 0xf7, 0x52, 0x9c, 0xf7, 0x52, 0x9c, 0xf7, 0x52, 0x9c, 0xf7,
  0x52, 0x9c, 0xf7, 0x52, 0x9c, 0xf7, 0x52, 0x9c, 0xf7, 0x52, 0x9c, 0xf7,
  0x52, 0x9c, 0xf7, 0x52, 0x9c, 0xf7, 0x52, 0x9c, 0xf7, 0x52, 0x9c, 0xf7,
  0x52, 0x9c, 0xf7, 0x52, 0x9c, 0xf7, 0x52, 0x9c, 0xf7, 0x52, 0x9c, 0xf7,
  0x52, 0x9c, 0xf7, 0x52, 0x9c, 0xf7, 0x52, 0x9c, 0xf7, 0x52, 0x9c, 0xf7,
  0x52, 0x9c, 0xf7, 0x52, 0x9c, 0xf7, 0x52, 0x9c, 0xf7, 0x52, 0x9c, 0xf7,
  0x52, 0x9c, 0xf7, 0x52, 0x9c, 0xf7, 0x52, 0x9c, 0xf7, 0x52, 0x9c, 0xf7,
  0x52, 0x9c, 0xf7, 0x52, 0x9c, 0xf7, 0x52, 0x9c, 0xf7, 0x52, 0x9c, 0xf7,
  0x52, 0x9c, 0xf7, 0x52, 0x9c, 0xf7, 0x52, 0x9c, 0xf7, 0x52, 0x9c, 0xf7,
  0x52, 0x9c, 0xf7, 0x52, 0x9c, 0xf7, 0x52, 0x9c, 0xf7, 0x52, 0x9c, 0xf7,
  0x52, 0x9c, 0xf7, 0x52, 0x9c, 0xf7, 0x52, 0x9c, 0xf7, 0x52, 0x9c, 0xf7,
  0x52, 0x9c, 0xf7, 0x52, 0x9c, 0xf7, 0x52, 0x9c, 0xf7, 0x52, 0x9c, 0xf7,
  0x52, 0x9c, 0xf7, 0x52, 0x9c, 0xf7, 0x52, 0x9c, 0xf7, 0x52, 0x9c, 0xf7,
  0x52, 0x9c, 0xf7, 0x52, 0x9c, 0xf7, 0x52, 0x9c, 0xf7, 0x52, 0x9c, 0xf7,
  0x52, 0x9c, 0xf7, 0x52, 0x9c, 0xf7, 0x52, 0x9c, 0xf7, 0x52, 0x9c, 0xf7,
  0x52, 0x9c, 0xf7, 0x52, 0x9c, 0xf7, 0x52, 0x9c, 0xf7, 0x52, 0x9c, 0xf7,
  0x52, 0x9c, 0xf7, 0x52, 0x9c, 0xf7, 0x52, 0x9c, 0xf7, 0x52, 0x9c, 0xf7,
  0x52, 0x9c, 0xf7, 0x52, 0x9c, 0xf7, 0x52, 0x9c, 0xf7, 0x52, 0x9c, 0xf7,
  0x52, 0x9c, 0xf7, 0x52, 0x9c, 0xf7, 0x52, 0x9c, 0xf7, 0x52, 0x9c, 0xf7,
  0x52, 0x9c, 0xf7, 0x52, 0x9c, 0xf7, 0x52, 0x9c, 0xf7, 0x52, 0x9c, 0xf7,
  0x52, 0x9c, 0xf7, 0x52, 0x9c, 0xf7, 0x52, 0x9c, 0xf7, 0x52, 0x9c, 0xf7,
  0x52, 0x9c, 0xf7, 0x52, 0x9c, 0xf7, 0x52, 0x9c, 0xf7, 0x52, 0x9c, 0xf7,
  0x52, 0x9c, 0xf7, 0x52, 0x9c, 0xf7, 0x52, 0x9c, 0xf7, 0x52, 0x9c, 0xf7,
  0x52, 0x9c, 0xf7, 0x52, 0x9c, 0xf7, 0x52, 0x9c, 0xf7, 0x52, 0x9c, 0xf7,
  0x52, 0x9c, 0xf7, 0x52, 0x9c, 0xf7, 0x52, 0x9c, 0xf7, 0x52, 0x9c, 0xf7,
  0x52, 0x9c, 0xf7, 0x52, 0x9c, 0xf7, 0x52, 0x9c, 0xf7, 0x52, 0x9c, 0xf7,
  0x52, 0x9c, 0xf7, 0x52, 0x9c, 0xf7, 0x52, 0x9c, 0xf7, 0x52, 0x9c, 0xf7,
  0x52, 0x9c, 0xf7, 0x52, 0x9c, 0xf7, 0x52, 0x9c, 0xf7, 0x52, 0x9c, 0xf7,
  0x52, 0x9c, 0xf7, 0x52, 0x9c, 0xf7, 0x52, 0x9c, 0xf7, 0x52, 0x9c, 0xf7,
  0x52, 0x9c, 0xf7, 0x52, 0x9c, 0xf7, 0x52, 0x9c, 0xf7, 0x52, 0x9c, 0xf7,
  0x52, 0x9c, 0xf7, 0x52, 0x9c, 0xf7, 0x52, 0x9c, 0xf7, 0x52, 0x9c, 0xf7,
  0x52, 0x9c, 0xf7, 0x52, 0x9c, 0xf7, 0x52, 0x9c, 0xf7, 0x52, 0x9c, 0xf7,
  0x52, 0x9c, 0xf7, 0x52, 0x9c, 0xf7, 0x52, 0x9c, 0xf7, 0x52, 0x9c, 0xf7,
  0x52, 0x9c, 0xf7, 0x52, 0x9c, 0xf7, 0x52, 0x9c, 0xf7, 0x52, 0x9c, 0xf7,
  0x52, 0x9c, 0xf7, 0x52, 0x9c, 0xf7, 0x52, 0x9c, 0xf7, 0x52, 0x9c, 0xf7,
  0x52, 0x9c, 0xf7, 0x52, 0x9c, 0xf7, 0x52, 0x9c, 0xf7, 0x52, 0x9c, 0xf7,
  0x52, 0x9c, 0xf7, 0x52, 0x9c, 0xf7, 0x52, 0x9c, 0xf7, 0x52, 0x9c, 0xf7,
  0x52, 0x9c, 0xf7, 0x52, 0x9c, 0xf7, 0x52, 0x9c, 0xf7, 0x52, 0x9c, 0xf7,
  0x52, 0x9c, 0xf7, 0x52, 0x9c, 0xf7, 0x52, 0x9c, 0xf7, 0x52, 0x9c, 0xf7,
  0x52, 0x9c, 0xf7, 0x52, 0x9c, 0xf7, 0x52, 0x9c, 0xf7, 0x52, 0x9c, 0xf7,
  0x52, 0x9c, 0xf7, 0x52, 0x9c, 0xf7, 0x52, 0x9c, 0xf7, 0x52, 0x9c, 0xf7,
  0x52, 0x9c, 0xf7, 0x52, 0x9c, 0xf7, 0x52, 0x9c, 0xf7, 0x52, 0x9c, 0xf7,
  0x52, 0x9c, 0xf7, 0x52, 0x9c, 0xf7, 0x52, 0x9c, 0xf7, 0x52, 0x9c, 0xf7,
  0x52, 0x9c, 0xf7, 0x52, 0x9c, 0xf7, 0x52, 0x9c, 0xf7, 0x52, 0x9c, 0xf7,
  0x52, 0x9c, 0xf7, 0x52, 0x9c, 0xf7, 0x52, 0x9c, 0xf7, 0x52, 0x9c, 0xf7,
  0x52, 0x9c, 0xf7, 0x52, 0x9c, 0xf7, 0x52, 0x9c, 0xf7, 0x52, 0x9c, 0xf7,
  0x52, 0x9c, 0xf7, 0x52, 0x9c, 0xf7, 0x52, 0x9c, 0xf7, 0x52, 0x9c, 0xf7,
  0x52, 0x9c, 0xf7, 0x52, 0x9c, 0xf7, 0x52, 0x9c, 0xf7, 0x52, 0x9c, 0xf7,
  0x52, 0x9c, 0xf7, 0x52, 0x9c, 0xf7, 0x52, 0x9c, 0xf7, 0x52, 0x9c, 0xf7,
  0x52, 0x9c, 0xf7, 0x52, 0x9c, 0xf7, 0x52, 0x9c, 0xf7, 0x52, 0x9c, 0xf7,
  0x52, 0x9c, 0xf7, 0x52, 0x9c, 0xf7, 0x52, 0x9c, 0xf7, 0x52, 0x9c, 0xf7,
  0x52, 0x9c, 0xf7, 0x52, 0x9c, 0xf7, 0x52, 0x9c, 0xf7, 0x52, 0x9c, 0xf7,
  0x52, 0x9c, 0xf7, 0x52, 0x9c, 0xf7, 0x52, 0x9c, 0xf7, 0x52, 0x9c, 0xf7,
  0x52, 0x9c, 0xf7, 0x52, 0x9c, 0xf7, 0x52, 0x9c, 0xf7, 0x52, 0x9c, 0xf7,
  0x52, 0x9c, 0xf7, 0x52, 0x9c, 0xf7, 0x52, 0x9c, 0xf7, 0x52, 0x9c, 0xf7,
  0x52, 0x9c, 0xf7, 0x52, 0x9c, 0xf7, 0x52, 0x9c, 0xf7, 0x52, 0x9c, 0xf7,
  0x52, 0x9c, 0xf7, 0x52, 0x9c, 0xf7, 0x52, 0x9c, 0xf7, 0x52, 0x9c, 0xf7,
  0x52, 0x9c, 0xf7, 0x52, 0x9c, 0xf7, 0x52, 0x9c, 0xf7, 0x52, 0x9c, 0xf7,
  0x52, 0x9c, 0xf7, 0x52, 0x9c, 0xf7, 0x52, 0x9c, 0xf7, 0x52, 0x9c, 0xf7,
  0x52, 0x9c, 0xf7, 0x52, 0x9c, 0xf7, 0x52, 0x9c, 0xf7, 0x52, 0x9c, 0xf7,
  0x52, 0x9c, 0xf7, 0x52, 0x9c, 0xf7, 0x52, 0x9c, 0xf7, 0x52, 0x9c, 0xf7,
  0x52, 0x9c, 0xf7, 0x52, 0x9c, 0xf7, 0x52, 0x9c, 0xf7, 0x52, 0x9c, 0xf7,
  0x52, 0x9c, 0xf7, 0x52, 0x9c, 0xf7, 0x52, 0x9c, 0xf7, 0x52, 0x9c, 0xf7,
  0x52, 0x9c, 0xf7, 0x52, 0x9c, 0xf7, 0x52, 0x9c, 0xf7, 0x52, 0x9c, 0xf7,
  0x52, 0x9c, 0xf7, 0x52, 0x9c, 0xf7, 0x52, 0x9c, 0xf7, 0x52, 0x9c, 0xf7,
  0x52, 0x9c, 0xf7, 0x52, 0x9c, 0xf7, 0x52, 0x9c, 0xf7, 0x52, 0x9c, 0xf7,
  0x52, 0x9c, 0xf7, 0x52, 0x9c, 0xf7, 0x52, 0x9c, 0xf7, 0x52, 0x9c, 0xf7,
  0x52, 0x9c, 0xf7, 0x52, 0x9c, 0xf7, 0x52, 0x9c, 0xf7, 0x52, 0x9c, 0xf7,
  0x52, 0x9c, 0xf7, 0x52, 0x9c, 0xf7, 0x52, 0x9c, 0xf7, 0x52, 0x9c, 0xf7,
  0x52, 0x9c, 0xf7, 0x52, 0x9c, 0xf7, 0x52, 0x9c, 0xf7, 0x52, 0x9c, 0xf7,
  0x52, 0x9c, 0xf7, 0x52, 0x9c, 0xf7, 0x52, 0x9c, 0xf7, 0x52, 0x9c, 0xf7,
  0x52, 0x9c, 0xf7, 0x52, 0x9c, 0xf7, 0x52, 0x9c, 0xf7, 0x52, 0x9c, 0xf7,
  0x52, 0x9c, 0xf7, 0x52, 0x9c, 0xf7, 0x52, 0x9c, 0xf7, 0x52, 0x9c, 0xf7,
  0x52, 0x9c, 0xf7, 0x52, 0x9c, 0xf7, 0x52, 0x9c, 0xf7, 0x52, 0x9c, 0xf7,
  0x52, 0x9c, 0xf7, 0x52, 0x9c, 0xf7, 0x52, 0x9c, 0xf7, 0x52, 0x9c, 0xf7,
  0x52, 0x9c, 0xf7, 0x52, 0x9c, 0xf7, 0x52, 0x9c, 0xf7, 0x52, 0x9c, 0xf7,
  0x52, 0x9c, 0xf7, 0x52, 0x9c, 0xf7, 0x52, 0x9c, 0xf7, 0x52, 0x9c, 0xf7,
  0x52, 0x9c, 0xf7, 0x52, 0x9c, 0xf7, 0x52, 0x9c, 0xf7, 0x52, 0x9c, 0xf7,
  0x52, 0x9c, 0xf7, 0x52, 0x9c, 0xf7, 0x52, 0x9c, 0xf7, 0x52, 0x9c, 0xf7,
  0x52, 0x9c, 0xf7, 0x52, 0x9c, 0xf7, 0x52, 0x9c, 0xf7, 0x52, 0x9c, 0xf7,
  0x52, 0x9c, 0xf7, 0x52, 0x9c, 0xf7, 0x52, 0x9c, 0xf7, 0x52, 0x9c, 0xf7,
  0x52, 0x9c, 0xf7, 0x52, 0x9c, 0xf7, 0x52, 0x9c, 0xf7, 0x52, 0x9c, 0xf7,
  0x52, 0x9c, 0xf7, 0x52, 0x9c, 0xf7, 0x52, 0x9c, 0xf7, 0x52, 0x9c, 0xf7,
  0x52, 0x9c, 0xf7, 0x52, 0x9c, 0xf7, 0x52, 0x9c, 0xf7, 0x52, 0x9c, 0xf7,
  0x52, 0x9c, 0xf7, 0x52, 0x9c, 0xf7, 0x52, 0x9c, 0xf7, 0x52, 0x9c, 0xf7,
  0x52, 0x9c, 0xf7, 0x52, 0x9c, 0xf7, 0x52, 0x9c, 0xf7, 0x52, 0x9c, 0xf7,
  0x52, 0x9c, 0xf7, 0x52, 0x9c, 0xf7, 0x52, 0x9c, 0xf7, 0x52, 0x9c, 0xf7,
  0x52, 0x9c, 0xf7, 0x52, 0x9c, 0xf7, 0x52, 0x9c, 0xf7, 0x52, 0x9c, 0xf7,
  0x52, 0x9c, 0xf7, 0x52, 0x9c, 0xf7, 0x52, 0x9c, 0xf7, 0x52, 0x9c, 0xf7,
  0x52, 0x9c, 0xf7, 0x52, 0x9c, 0xf7, 0x52, 0x9c, 0xf7, 0x52, 0x9c, 0xf7,
  0x52, 0x9c, 0xf7, 0x52, 0x9c, 0xf7, 0x52, 0x9c, 0xf7, 0x52, 0x9c, 0xf7,
  0x52, 0x9c, 0xf7, 0x52, 0x9c, 0xf7, 0x52, 0x9c, 0xf7, 0x52, 0x9c, 0xf7,
  0x52, 0x9c, 0xf7, 0x52, 0x9c, 0xf7, 0x52, 0x9c, 0xf7, 0x52, 0x9c, 0xf7,
  0x52, 0x9c, 0xf7, 0x52, 0x9c, 0xf7, 0x52, 0x9c, 0xf7, 0x52, 0x9c, 0xf7,
  0x52, 0x9c, 0xf7, 0x52, 0x9c, 0xf7, 0x52, 0x9c, 0xf7, 0x52, 0x9c, 0xf7,
  0x52, 0x9c, 0xf7, 0x52, 0x9c, 0xf7, 0x52, 0x9c, 0xf7, 0x52, 0x9c, 0xf7,
  0x52, 0x9c, 0xf7, 0x52, 0x9c, 0xf7, 0x52, 0x9c, 0xf7, 0x52, 0x9c, 0xf7,
  0x52, 0x9c, 0xf7, 0x52, 0x9c, 0xf7, 0x52, 0x9c, 0xf7, 0x52, 0x9c, 0xf7,
  0x52, 0x9c, 0xf7, 0x52, 0x9c, 0xf7, 0x52, 0x9c, 0xf7, 0x52, 0x9c, 0xf7,
  0x52, 0x9c, 0xf7, 0x52, 0x9c, 0xf7, 0x52, 0x9c, 0xf7, 0x52, 0x9c, 0xf7,
  0x52, 0x9c, 0xf7, 0x52, 0x9c, 0xf7, 0x52, 0x9c, 0xf7, 0x52, 0x9c, 0xf7,
  0x52, 0x9c, 0xf7, 0x52, 0x9c, 0xf7, 0x52, 0x9c, 0xf7, 0x52, 0x9c, 0xf7,
  0x52, 0x9c, 0xf7, 0x52, 0x9c, 0xf7, 0x52, 0x9c, 0xf7, 0x52, 0x9c, 0xf7,
  0x52, 0x9c, 0xf7, 0x52, 0x9c, 0xf7, 0x52, 0x9c, 0xf7, 0x52, 0x9c, 0xf7,
  0x52, 0x9c, 0xf7, 0x52, 0x9c, 0xf7, 0x52, 0x9c, 0xf7, 0x52, 0x9c, 0xf7,
  0x52, 0x9c, 0xf7, 0x52, 0x9c, 0xf7, 0x52, 0x9c, 0xf7, 0x52, 0x9c, 0xf7,
  0x52, 0x9c, 0xf7, 0x52, 0x9c, 0xf7, 0x52, 0x9c, 0xf7, 0x52, 0x9c, 0xf7,
  0x52, 0x9c, 0xf7, 0x52, 0x9c, 0xf7, 0x52, 0x9c, 0xf7, 0x52, 0x9c, 0xf7,
  0x52, 0x9c, 0xf7, 0x52, 0x9c, 0xf7, 0x52, 0x9c, 0xf7, 0x52, 0x9c, 0xf7,
  0x52, 0x9c, 0xf7, 0x52, 0x9c, 0xf7, 0x52, 0x9c, 0xf7, 0x52, 0x9c, 0xf7,
  0x52, 0x9c, 0xf7, 0x52, 0x9c, 0xf7, 0x52, 0x9c, 0xf7, 0x52, 0x9c, 0xf7,
  0x52, 0x9c, 0xf7, 0x52, 0x9c, 0xf7, 0x52, 0x9c, 0xf7, 0x52, 0x9c, 0xf7,
  0x52, 0x9c, 0xf7, 0x52, 0x9c, 0xf7, 0x52, 0x9c, 0xf7, 0x52, 0x9c, 0xf7,
  0x52, 0x9c, 0xf7, 0x52, 0x9c, 0xf7, 0x52, 0x9c, 0xf7, 0x52, 0x9c, 0xf7,
  0x52, 0x9c, 0xf7, 0x52, 0x9c, 0xf7, 0x52, 0x9c, 0xf7, 0x52, 0x9c, 0xf7,
  0x52, 0x9c, 0xf7, 0x52, 0x9c, 0xf7, 0x52, 0x9c, 0xf7, 0x52, 0x9c, 0xf7,
  0x52, 0x9c, 0xf7, 0x52, 0x9c, 0xf7, 0x52, 0x9c, 0xf7, 0x52, 0x9c, 0xf7,
  0x52, 0x9c, 0xf7, 0x52, 0x9c, 0xf7, 0x52, 0x9c, 0xf7, 0x52, 0x9c, 0xf7,
  0x52, 0x9c, 0xf7, 0x52, 0x9c, 0xf7, 0x52, 0x9c, 0xf7, 0x52, 0x9c, 0xf7,
  0x52, 0x9c, 0xf7, 0x52, 0x9c, 0xf7, 0x52, 0x9c, 0xf7, 0x52, 0x9c, 0xf7,
  0x52, 0x9c, 0xf7, 0x52, 0x9c, 0xf7, 0x52, 0x9c, 0xf7, 0x52, 0x9c, 0xf7,
  0x52, 0x9c, 0xf7, 0x52, 0x9c, 0xf7, 0x52, 0x9c, 0xf7, 0x52, 0x9c, 0xf7,
  0x52, 0x9c, 0xf7, 0x52, 0x9c, 0xf7, 0x52, 0x9c, 0xf7, 0x52, 0x9c, 0xf7,
  0x52, 0x9c, 0xf7, 0x52, 0x9c, 0xf7, 0x52, 0x9c, 0xf7, 0x52, 0x9c, 0xf7,
  0x52, 0x9c, 0xf7, 0x52, 0x9c, 0xf7, 0x52, 0x9c, 0xf7, 0x52, 0x9c, 0xf7,
  0x52, 0x9c, 0xf7, 0x52, 0x9c, 0xf7, 0x52, 0x9c, 0xf7, 0x52, 0x9c, 0xf7,
  0x52, 0x9c, 0xf7, 0x52, 0x9c, 0xf7, 0x52, 0x9c, 0xf7, 0x52, 0x9c, 0xf7,
  0x52, 0x9c, 0xf7, 0x52, 0x9c, 0xf7, 0x52, 0x9c, 0xf7, 0x52, 0x9c, 0xf7,
  0x52, 0x9c, 0xf7, 0x52, 0x9c, 0xf7, 0x52, 0x9c, 0xf7, 0x52, 0x9c, 0xf7,
  0x52, 0x9c, 0xf7, 0x52, 0x9c, 0xf7, 0x52, 0x9c, 0xf7, 0x52, 0x9c, 0xf7,
  0x52, 0x9c, 0xf7, 0x52, 0x9c, 0xf7, 0x52, 0x9c, 0xf7, 0x52, 0x9c, 0xf7,
  0x52, 0x9c, 0xf7, 0x52, 0x9c, 0xf7, 0x52, 0x9c, 0xf7, 0x52, 0x9c, 0xf7,
  0x52, 0x9c, 0xf7, 0x52, 0x9c, 0xf7, 0x52, 0x9c, 0xf7, 0x52, 0x9c, 0xf7,
  0x52, 0x9c, 0xf7, 0x52, 0x9c, 0xf7, 0x52, 0x9c, 0xf7, 0x52, 0x9c, 0xf7,
  0x52, 0x9c, 0xf7, 0x52, 0x9c, 0xf7, 0x52, 0x9c, 0xf7, 0x52, 0x9c, 0xf7,
  0x52, 0x9c, 0xf7, 0x52, 0x9c, 0xf7, 0x52, 0x9c, 0xf7, 0x52, 0x9c, 0xf7,
  0x52, 0x9c, 0xf7, 0x52, 0x9c, 0xf7, 0x52, 0x9c, 0xf7, 0x52, 0x9c, 0xf7,
  0x52, 0x9c, 0xf7, 0x52, 0x9c, 0xf7, 0x52, 0x9c, 0xf7, 0x52, 0x9c, 0xf7,
  0x52, 0x9c, 0xf7, 0x52, 0x9c, 0xf7, 0x52, 0x9c, 0xf7, 0x52, 0x9c, 0xf7,
  0x52, 0x9c, 0xf7, 0x52, 0x9c, 0xf7, 0x52, 0x9c, 0xf7, 0x52, 0x9c, 0xf7,
  0x52, 0x9c, 0xf7, 0x52, 0x9c, 0xf7, 0x52, 0x9c, 0xf7, 0x52, 0x9c, 0xf7,
  0x52, 0x9c, 0xf7, 0x52, 0x9c, 0xf7, 0x52, 0x9c, 0xf7, 0x52, 0x9c, 0xf7,
  0x52, 0x9c, 0xf7, 0x52, 0x9c, 0xf7, 0x52, 0x9c, 0xf7, 0x52, 0x9c, 0xf7,
  0x52, 0x9c, 0xf7, 0x52, 0x9c, 0xf7, 0x52, 0x9c, 0xf7, 0x52, 0x9c, 0xf7,
  0x52, 0x9c, 0xf7, 0x52, 0x9c, 0xf7, 0x52, 0x9c, 0xf7, 0x52, 0x9c, 0xf7,
  0x52, 0x9c, 0xf7, 0x52, 0x9c, 0xf7, 0x52, 0x9c, 0xf7, 0x52, 0x9c, 0xf7,
  0x52, 0x9c, 0xf7, 0x52, 0x9c, 0xf7, 0x52, 0x9c, 0xf7, 0x52, 0x9c, 0xf7,
  0x52, 0x9c, 0xf7, 0x52, 0x9c, 0xf7, 0x52, 0x9c, 0xf7, 0x52, 0x9c, 0xf7,
  0x52, 0x9c, 0xf7, 0x52, 0x9c, 0xf7, 0x52, 0x9c, 0xf7, 0x52, 0x9c, 0xf7,
  0x52, 0x9c, 0xf7, 0x52, 0x9c, 0xf7, 0x52, 0x9c, 0xf7, 0x52, 0x9c, 0xf7,
  0x52, 0x9c, 0xf7, 0x52, 0x9c, 0xf7, 0x52, 0x9c, 0xf7, 0x52, 0x9c, 0xf7,
  0x52, 0x9c, 0xf7, 0x52, 0x9c, 0xf7, 0x52, 0x9c, 0xf7, 0x52, 0x9c, 0xf7,
  0x52, 0x9c, 0xf7, 0x52, 0x9c, 0xf7, 0x52, 0x9c, 0xf7, 0x52, 0x9c, 0xf7,
  0x52, 0x9c, 0xf7, 0x52, 0x9c, 0xf7, 0x52, 0x9c, 0xf7, 0x52, 0x9c, 0xf7,
  0x52, 0x9c, 0xf7, 0x52, 0x9c, 0xf7, 0x52, 0x9c, 0xf7, 0x52, 0x9c, 0xf7,
  0x52, 0x9c, 0xf7, 0x52, 0x9c, 0xf7, 0x52, 0x9c, 0xf7, 0x52, 0x9c, 0xf7,
  0x52, 0x9c, 0xf7, 0x52, 0x9c, 0xf7, 0x52, 0x9c, 0xf7, 0x52, 0x9c, 0xf7,
  0x52, 0x9c, 0xf7, 0x52, 0x9c, 0xf7, 0x52, 0x9c, 0xf7, 0x52, 0x9c, 0xf7,
  0x52, 0x9c, 0xf7, 0x52, 0x9c, 0xf7, 0x52, 0x9c, 0xf7, 0x52, 0x9c, 0xf7,
  0x52, 0x9c, 0xf7, 0x52, 0x9c, 0xf7, 0x52, 0x9c, 0xf7, 0x52, 0x9c, 0xf7,
  0x52, 0x9c, 0xf7, 0x52, 0x9c, 0xf7, 0x52, 0x9c, 0xf7, 0x52, 0x9c, 0xf7,
  0x52, 0x9c, 0xf7, 0x52, 0x9c, 0xf7, 0x52, 0x9c, 0xf7, 0x52, 0x9c, 0xf7,
  0x52, 0x9c, 0xf7, 0x52, 0x9c, 0xf7, 0x52, 0x9c, 0xf7, 0x52, 0x9c, 0xf7,
  0x52, 0x9c, 0xf7, 0x52, 0x9c, 0xf7, 0x52, 0x9c, 0xf7, 0x52, 0x9c, 0xf7,
  0x52, 0x9c, 0xf7, 0x52, 0x9c, 0xf7, 0x52, 0x9c, 0xf7, 0x52, 0x9c, 0xf7,
  0x52, 0x9c, 0xf7, 0x52, 0x9c, 0xf7, 0x52, 0x9c, 0xf7, 0x52, 0x9c, 0xf7,
  0x52, 0x9c, 0xf7, 0x52, 0x9c, 0xf7, 0x52, 0x9c, 0xf7, 0x52, 0x9c, 0xf7,
  0x52, 0x9c, 0xf7, 0x52, 0x9c, 0xf7, 0x52, 0x9c, 0xf7, 0x52, 0x9c, 0xf7,
  0x52, 0x9c, 0xf7, 0x52, 0x9c, 0xf7, 0x52, 0x9c, 0xf7, 0x52, 0x9c, 0xf7,
  0x52, 0x9c, 0xf7, 0x52, 0x9c, 0xf7, 0x52, 0x9c, 0xf7, 0x52, 0x9c, 0xf7,
  0x52, 0x9c, 0xf7, 0x52, 0x9c, 0xf7, 0x52, 0x9c, 0xf7, 0x52, 0x9c, 0xf7,
  0x52, 0x9c, 0xf7, 0x52, 0x9c, 0xf7, 0x52, 0x9c, 0xf7, 0x52, 0x9c, 0xf7,
  0x52, 0x9c, 0xf7, 0x52, 0x9c, 0xf7, 0x52, 0x9c, 0xf7, 0x52, 0x9c, 0xf7,
  0x52, 0x9c, 0xf7, 0x52, 0x9c, 0xf7, 0x52, 0x9c, 0xf7, 0x52, 0x9c, 0xf7,
  0x52, 0x9c, 0xf7, 0x52, 0x9c, 0xf7, 0x52, 0x9c, 0xf7, 0x52, 0x9c, 0xf7,
  0x52, 0x9c, 0xf7, 0x52, 0x9c, 0xf7, 0x52, 0x9c, 0xf7, 0x52, 0x9c, 0xf7,
  0x52, 0x9c, 0xf7, 0x52, 0x9c, 0xf7, 0x52, 0x9c, 0xf7, 0x52, 0x9c, 0xf7,
  0x52, 0x9c, 0xf7, 0x52, 0x9c, 0xf7, 0x52, 0x9c, 0xf7, 0x52, 0x9c, 0xf7,
  0x52, 0x9c, 0xf7, 0x52, 0x9c, 0xf7, 0x52, 0x9c, 0xf7, 0x52, 0x9c, 0xf7,
  0x52, 0x9c, 0xf7, 0x52, 0x9c, 0xf7, 0x52, 0x9c, 0xf7, 0x52, 0x9c, 0xf7,
  0x52, 0x9c, 0xf7, 0x52, 0x9c, 0xf7, 0x52, 0x9c, 0xf7, 0x52, 0x9c, 0xf7,
  0x52, 0x9c, 0xf7, 0x52, 0x9c, 0xf7, 0x52, 0x9c, 0xf7, 0x52, 0x9c, 0xf7,
  0x52, 0x9c, 0xf7, 0x52, 0x9c, 0xf7, 0x52, 0x9c, 0xf7, 0x52, 0x9c, 0xf7,
  0x52, 0x9c, 0xf7, 0x52, 0x9c, 0xf7, 0x52, 0x9c, 0xf7, 0x52, 0x9c, 0xf7,
  0x52, 0x9c, 0xf7, 0x52, 0x9c, 0xf7, 0x52, 0x9c, 0xf7, 0x52, 0x9c, 0xf7,
  0x52, 0x9c, 0xf7, 0x52, 0x9c, 0xf7, 0x52, 0x9c, 0xf7, 0x52, 0x9c, 0xf7,
  0x52, 0x9c, 0xf7, 0x52, 0x9c, 0xf7, 0x52, 0x9c, 0xf7, 0x52, 0x9c, 0xf7,
  0x52, 0x9c, 0xf7, 0x52, 0x9c, 0xf7, 0x52, 0x9c, 0xf7, 0x52, 0x9c, 0xf7,
  0x52, 0x9c, 0xf7, 0x52, 0x9c, 0xf7, 0x52, 0x9c, 0xf7, 0x52, 0x9c, 0xf7,
  0x52, 0x9c, 0xf7, 0x52, 0x9c, 0xf7, 0x52, 0x9c, 0xf7, 0x52, 0x9c, 0xf7,
  0x52, 0x9c, 0xf7, 0x52, 0x9c, 0xf7, 0x52, 0x9c, 0xf7, 0x52, 0x9c, 0xf7,
  0x52, 0x9c, 0xf7, 0x52, 0x9c, 0xf7, 0x52, 0x9c, 0xf7, 0x52, 0x9c, 0xf7,
  0x52, 0x9c, 0xf7, 0x52, 0x9c, 0xf7, 0x52, 0x9c, 0xf7, 0x52, 0x9c, 0xf7,
  0x52, 0x9c, 0xf7, 0x52, 0x9c, 0xf7, 0x52, 0x9c, 0xf7, 0x52, 0x9c, 0xf7,
  0x52, 0x9c, 0xf7, 0x52, 0x9c, 0xf7, 0x52, 0x9c, 0xf7, 0x52, 0x9c, 0xf7,
  0x52, 0x9c, 0xf7, 0x52, 0x9c, 0xf7, 0x52, 0x9c, 0xf7, 0x52, 0x9c, 0xf7,
  0x52, 0x9c, 0xf7, 0x52, 0x9c, 0xf7, 0x52, 0x9c, 0xf7, 0x52, 0x9c, 0xf7,
  0x52, 0x9c, 0xf7, 0x52, 0x9c, 0xf7, 0x52, 0x9c, 0xf7, 0x52, 0x9c, 0xf7,
  0x52, 0x9c, 0xf7, 0x52, 0x9c, 0xf7, 0x52, 0x9c, 0xf7, 0x52, 0x9c, 0xf7,
  0x52, 0x9c, 0xf7, 0x52, 0x9c, 0xf7, 0x52, 0x9c, 0xf7, 0x52, 0x9c, 0xf7,
  0x52, 0x9c, 0xf7, 0x52, 0x9c, 0xf7, 0x52, 0x9c, 0xf7, 0x52, 0x9c, 0xf7,
  0x52, 0x9c, 0xf7, 0x52, 0x9c, 0xf7, 0x52, 0x9c, 0xf7, 0x52, 0x9c, 0xf7,
  0x52, 0x9c, 0xf7, 0x52, 0x9c, 0xf7, 0x52, 0x9c, 0xf7, 0x52, 0x9c, 0xf7,
  0x52, 0x9c, 0xf7, 0x52, 0x9c, 0xf7, 0x52, 0x9c, 0xf7, 0x52, 0x9c, 0xf7,
  0x52, 0x9c, 0xf7, 0x52, 0x9c, 0xf7, 0x52, 0x9c, 0xf7, 0x52, 0x9c, 0xf7,
  0x52, 0x9c, 0xf7, 0x52, 0x9c, 0xf7, 0x52, 0x9c, 0xf7, 0x52, 0x9c, 0xf7,
  0x52, 0x9c, 0xf7, 0x52, 0x9c, 0xf7, 0x52, 0x9c, 0xf7, 0x52, 0x9c, 0xf7,
  0x52, 0x9c, 0xf7, 0x52, 0x9c, 0xf7, 0x52, 0x9c, 0xf7, 0x52, 0x9c, 0xf7,
  0x52, 0x9c, 0xf7, 0x52, 0x9c, 0xf7, 0x52, 0x9c, 0xf7, 0x52, 0x9c, 0xf7,
  0x52, 0x9c, 0xf7, 0x52, 0x9c, 0xf7, 0x52, 0x9c, 0xf7, 0x52, 0x9c, 0xf7,
  0x52, 0x9c, 0xf7, 0x52, 0x9c, 0xf7, 0x52, 0x9c, 0xf7, 0x52, 0x9c, 0xf7,
  0x52, 0x9c, 0xf7, 0x52, 0x9c, 0xf7, 0x52, 0x9c, 0xf7, 0x52, 0x9c, 0xf7,
  0x52, 0x9c, 0xf7, 0x52, 0x9c, 0xf7, 0x52, 0x9c, 0xf7, 0x52, 0x9c, 0xf7,
  0x52, 0x9c, 0xf7, 0x52, 0x9c, 0xf7, 0x52, 0x9c, 0xf7, 0x52, 0x9c, 0xf7,
  0x52, 0x9c, 0xf7, 0x52, 0x9c, 0xf7, 0x52, 0x9c, 0xf7, 0x52, 0x9c, 0xf7,
  0x52, 0x9c, 0xf7, 0x52, 0x9c, 0xf7, 0x52, 0x9c, 0xf7, 0x52, 0x9c, 0xf7,
  0x52, 0x9c, 0xf7, 0x52, 0x9c, 0xf7, 0x52, 0x9c, 0xf7, 0x52, 0x9c, 0xf7,
  0x52, 0x9c, 0xf7, 0x52, 0x9c, 0xf7, 0x52, 0x9c, 0xf7, 0x52, 0x9c, 0xf7,
  0x52, 0x9c, 0xf7, 0x52, 0x9c, 0xf7, 0x52, 0x9c, 0xf7, 0x52, 0x9c, 0xf7,
  0x52, 0x9c, 0xf7, 0x52, 0x9c, 0xf7, 0x52, 0x9c, 0xf7, 0x52, 0x9c, 0xf7,
  0x52, 0x9c, 0xf7, 0x52, 0x9c, 0xf7, 0x52, 0x9c, 0xf7, 0x52, 0x9c, 0xf7,
  0x52, 0x9c, 0xf7, 0x52, 0x9c, 0xf7, 0x52, 0x9c, 0xf7, 0x52, 0x9c, 0xf7,
  0x52, 0x9c, 0xf7, 0x52, 0x9c, 0xf7, 0x52, 0x9c, 0xf7, 0x52, 0x9c, 0xf7,
  0x52, 0x9c, 0xf7, 0x52, 0x9c, 0xf7, 0x52, 0x9c, 0xf7, 0x52, 0x9c, 0xf7,
  0x52, 0x9c, 0xf7, 0x52, 0x9c, 0xf7, 0x52, 0x9c, 0xf7, 0x52, 0x9c, 0xf7,
  0x52, 0x9c, 0xf7, 0x52, 0x9c, 0xf7, 0x52, 0x9c, 0xf7, 0x52, 0x9c, 0xf7,
  0x52, 0x9c, 0xf7, 0x52, 0x9c, 0xf7, 0x52, 0x9c, 0xf7, 0x52, 0x9c, 0xf7,
  0x52, 0x9c, 0xf7, 0x52, 0x9c, 0xf7, 0x52, 0x9c, 0xf7, 0x52, 0x9c, 0xf7,
  0x52, 0x9c, 0xf7, 0x52, 0x9c, 0xf7, 0x52, 0x9c, 0xf7, 0x52, 0x9c, 0xf7,
  0x52, 0x9c, 0xf7, 0x52, 0x9c, 0xf7, 0x52, 0x9c, 0xf7, 0x52, 0x9c, 0xf7,
  0x52, 0x9c, 0xf7, 0x52, 0x9c, 0xf7, 0x52, 0x9c, 0xf7, 0x52, 0x9c, 0xf7,
  0x52, 0x9c, 0xf7, 0x52, 0x9c, 0xf7, 0x52, 0x9c, 0xf7, 0x52, 0x9c, 0xf7,
  0x52, 0x9c, 0xf7, 0x52, 0x9c, 0xf7, 0x52, 0x9c, 0xf7, 0x52, 0x9c, 0xf7,
  0x52, 0x9c, 0xf7, 0x52, 0x9c, 0xf7, 0x52, 0x9c, 0xf7, 0x52, 0x9c, 0xf7,
  0x52, 0x9c, 0xf7, 0x52, 0x9c, 0xf7, 0x52, 0x9c, 0xf7, 0x52, 0x9c, 0xf7,
  0x52, 0x9c, 0xf7, 0x52, 0x9c, 0xf7, 0x52, 0x9c, 0xf7, 0x52, 0x9c, 0xf7,
  0x52, 0x9c, 0xf7, 0x52, 0x9c, 0xf7, 0x52, 0x9c, 0xf7, 0x52, 0x9c, 0xf7,
  0x52, 0x9c, 0xf7, 0x52, 0x9c, 0xf7, 0x52, 0x9c, 0xf7, 0x52, 0x9c, 0xf7,
  0x52, 0x9c, 0xf7, 0x52, 0x9c, 0xf7, 0x52, 0x9c, 0xf7, 0x52, 0x9c, 0xf7,
  0x52, 0x9c, 0xf7, 0x52, 0x9c, 0xf7, 0x52, 0x9c, 0xf7, 0x52, 0x9c, 0xf7,
  0x52, 0x9c, 0xf7, 0x52, 0x9c, 0xf7, 0x52, 0x9c, 0xf7, 0x52, 0x9c, 0xf7,
  0x52, 0x9c, 0xf7, 0x52, 0x9c, 0xf7, 0x52, 0x9c, 0xf7, 0x52, 0x9c, 0xf7,
  0x52, 0x9c, 0xf7, 0x52, 0x9c, 0xf7, 0x52, 0x9c, 0xf7, 0x52, 0x9c, 0xf7,
  0x52, 0x9c, 0xf7, 0x52, 0x9c, 0xf7, 0x52, 0x9c, 0xf7, 0x52, 0x9c, 0xf7,
  0x52, 0x9c, 0xf7, 0x52, 0x9c, 0xf7, 0x52, 0x9c, 0xf7, 0x52, 0x9c, 0xf7,
  0x52, 0x9c, 0xf7, 0x52, 0x9c, 0xf7, 0x52, 0x9c, 0xf7, 0x52, 0x9c, 0xf7,
  0x52, 0x9c, 0xf7, 0x52, 0x9c, 0xf7, 0x52, 0x9c, 0xf7, 0x52, 0x9c, 0xf7,
  0x52, 0x9c, 0xf7, 0x52, 0x9c, 0xf7, 0x52, 0x9c, 0xf7, 0x52, 0x9c, 0xf7,
  0x52, 0x9c, 0xf7, 0x52, 0x9c, 0xf7, 0x52, 0x9c, 0xf7, 0x52, 0x9c, 0xf7,
  0x52, 0x9c, 0xf7, 0x52, 0x9c, 0xf7, 0x52, 0x9c, 0xf7, 0x52, 0x9c, 0xf7,
  0x52, 0x9c, 0xf7, 0x52, 0x9c, 0xf7, 0x52, 0x9c, 0xf7, 0x52, 0x9c, 0xf7,
  0x52, 0x9c, 0xf7, 0x52, 0x9c, 0xf7, 0x52, 0x9c, 0xf7, 0x52, 0x9c, 0xf7,
  0x52, 0x9c, 0xf7, 0x52, 0x9c, 0xf7, 0x52, 0x9c, 0xf7, 0x52, 0x9c, 0xf7,
  0x52, 0x9c, 0xf7, 0x52, 0x9c, 0xf7, 0x52, 0x9c, 0xf7, 0x52, 0x9c, 0xf7,
  0x52, 0x9c, 0xf7, 0x52, 0x9c, 0xf7, 0x52, 0x9c, 0xf7, 0x52, 0x9c, 0xf7,
  0x52, 0x9c, 0xf7, 0x52, 0x9c, 0xf7, 0x52, 0x9c, 0xf7, 0x52, 0x9c, 0xf7,
  0x52, 0x9c, 0xf7, 0x52, 0x9c, 0xf7, 0x52, 0x9c, 0xf7, 0x52, 0x9c, 0xf7,
  0x52, 0x9c, 0xf7, 0x52, 0x9c, 0xf7, 0x52, 0x9c, 0xf7, 0x52, 0x9c, 0xf7,
  0x52, 0x9c, 0xf7, 0x52, 0x9c, 0xf7, 0x52, 0x9c, 0xf7, 0x52, 0x9c, 0xf7,
  0x52, 0x9c, 0xf7, 0x52, 0x9c, 0xf7, 0x52, 0x9c, 0xf7, 0x52, 0x9c, 0xf7,
  0x52, 0x9c, 0xf7, 0x52, 0x9c, 0xf7, 0x52, 0x9c, 0xf7, 0x52, 0x9c, 0xf7,
  0x52, 0x9c, 0xf7, 0x52, 0x9c, 0xf7, 0x52, 0x9c, 0xf7, 0x52, 0x9c, 0xf7,
  0x52, 0x9c, 0xf7, 0x52, 0x9c, 0xf7, 0x52, 0x9c, 0xf7, 0x52, 0x9c, 0xf7,
  0x52, 0x9c, 0xf7, 0x52, 0x9c, 0xf7, 0x52, 0x9c, 0xf7, 0x52, 0x9c, 0xf7,
  0x52, 0x9c, 0xf7, 0x52, 0x9c, 0xf7, 0x52, 0x9c, 0xf7, 0x52, 0x9c, 0xf7,
  0x52, 0x9c, 0xf7, 0x52, 0x9c, 0xf7, 0x52, 0x9c, 0xf7, 0x52, 0x9c, 0xf7,
  0x52, 0x9c, 0xf7, 0x52, 0x9c, 0xf7, 0x52, 0x9c, 0xf7, 0x52, 0x9c, 0xf7,
  0x52, 0x9c, 0xf7, 0x52, 0x9c, 0xf7, 0x52, 0x9c, 0xf7, 0x52, 0x9c, 0xf7,
  0x52, 0x9c, 0xf7, 0x52, 0x9c, 0xf7, 0x52, 0x9c, 0xf7, 0x52, 0x9c, 0xf7,
  0x52, 0x9c, 0xf7, 0x52, 0x9c, 0xf7, 0x52, 0x9c, 0xf7, 0x52, 0x9c, 0xf7,
  0x52, 0x9c, 0xf7, 0x52, 0x9c, 0xf7, 0x52, 0x9c, 0xf7, 0x52, 0x9c, 0xf7,
  0x52, 0x9c, 0xf7, 0x52, 0x9c, 0xf7, 0x52, 0x9c, 0xf7, 0x52, 0x9c, 0xf7,
  0x52, 0x9c, 0xf7, 0x52, 0x9c, 0xf7, 0x52, 0x9c, 0xf7, 0x52, 0x9c, 0xf7,
  0x52, 0x9c, 0xf7, 0x52, 0x9c, 0xf7, 0x52, 0x9c, 0xf7, 0x52, 0x9c, 0xf7,
  0x52, 0x9c, 0xf7, 0x52, 0x9c, 0xf7, 0x52, 0x9c, 0xf7, 0x52, 0x9c, 0xf7,
  0x52, 0x9c, 0xf7, 0x52, 0x9c, 0xf7, 0x52, 0x9c, 0xf7, 0x52, 0x9c, 0xf7,
  0x52, 0x9c, 0xf7, 0x52, 0x9c, 0xf7, 0x52, 0x9c, 0xf7, 0x52, 0x9c, 0xf7,
  0x52, 0x9c, 0xf7, 0x52, 0x9c, 0xf7, 0x52, 0x9c, 0xf7, 0x52, 0x9c, 0xf7,
  0x52, 0x9c, 0xf7, 0x52, 0x9c, 0xf7, 0x52, 0x9c, 0xf7, 0x52, 0x9c, 0xf7,
  0x52, 0x9c, 0xf7, 0x52, 0x9c, 0xf7, 0x52, 0x9c, 0xf7, 0x52, 0x9c, 0xf7,
  0x52, 0x9c, 0xf7, 0x52, 0x9c, 0xf7, 0x52, 0x9c, 0xf7, 0x52, 0x9c, 0xf7,
  0x52, 0x9c, 0xf7, 0x52, 0x9c, 0xf7, 0x52, 0x9c, 0xf7, 0x52, 0x9c, 0xf7,
  0x52, 0x9c, 0xf7, 0x52, 0x9c, 0xf7, 0x52, 0x9c, 0xf7, 0x52, 0x9c, 0xf7,
  0x52, 0x9c, 0xf7, 0x52, 0x9c, 0xf7, 0x52, 0x9c, 0xf7, 0x52, 0x9c, 0xf7,
  0x52, 0x9c, 0xf7, 0x52, 0x9c, 0xf7, 0x52, 0x9c, 0xf7, 0x52, 0x9c, 0xf7,
  0x52, 0x9c, 0xf7, 0x52, 0x9c, 0xf7, 0x52, 0x9c, 0xf7, 0x52, 0x9c, 0xf7,
  0x52, 0x9c, 0xf7, 0x52, 0x9c, 0xf7, 0x52, 0x9c, 0xf7, 0x52, 0x9c, 0xf7,
  0x52, 0x9c, 0xf7, 0x52, 0x9c, 0xf7, 0x52, 0x9c, 0xf7, 0x52, 0x9c, 0xf7,
  0x52, 0x9c, 0xf7, 0x52, 0x9c, 0xf7, 0x52, 0x9c, 0xf7, 0x52, 0x9c, 0xf7,
  0x52, 0x9c, 0xf7, 0x52, 0x9c, 0xf7, 0x52, 0x9c, 0xf7, 0x52, 0x9c, 0xf7,
  0x52, 0x9c, 0xf7, 0x52, 0x9c, 0xf7, 0x52, 0x9c, 0xf7, 0x52, 0x9c, 0xf7,
  0x52, 0x9c, 0xf7, 0x52, 0x9c, 0xf7, 0x52, 0x9c, 0xf7, 0x52, 0x9c, 0xf7,
  0x52, 0x9c, 0xf7, 0x52, 0x9c, 0xf7, 0x52, 0x9c, 0xf7, 0x52, 0x9c, 0xf7,
  0x52, 0x9c, 0xf7, 0x52, 0x9c, 0xf7, 0x52, 0x9c, 0xf7, 0x52, 0x9c, 0xf7,
  0x52, 0x9c, 0xf7, 0x52, 0x9c, 0xf7, 0x52, 0x9c, 0xf7, 0x52, 0x9c, 0xf7,
  0x52, 0x9c, 0xf7, 0x52, 0x9c, 0xf7, 0x52, 0x9c, 0xf7, 0x52, 0x9c, 0xf7,
  0x52, 0x9c, 0xf7, 0x52, 0x9c, 0xf7, 0x52, 0x9c, 0xf7, 0x52, 0x9c, 0xf7,
  0x52, 0x9c, 0xf7, 0x52, 0x9c, 0xf7, 0x52, 0x9c, 0xf7, 0x52, 0x9c, 0xf7,
  0x52, 0x9c, 0xf7, 0x52, 0x9c, 0xf7, 0x52, 0x9c, 0xf7, 0x52, 0x9c, 0xf7,
  0x52, 0x9c, 0xf7, 0x52, 0x9c, 0xf7, 0x52, 0x9c, 0xf7, 0x52, 0x9c, 0xf7,
  0x52, 0x9c, 0xf7, 0x52, 0x9c, 0xf7, 0x52, 0x9c, 0xf7, 0x52, 0x9c, 0xf7,
  0x52, 0x9c, 0xf7, 0x52, 0x9c, 0xf7, 0x52, 0x9c, 0xf7, 0x52, 0x9c, 0xf7,
  0x52, 0x9c, 0xf7, 0x52, 0x9c, 0xf7, 0x52, 0x9c, 0xf7, 0x52, 0x9c, 0xf7,
  0x52, 0x9c, 0xf7, 0x52, 0x9c, 0xf7, 0x52, 0x9c, 0xf7, 0x52, 0x9c, 0xf7,
  0x52, 0x9c, 0xf7, 0x52, 0x9c, 0xf7, 0x52, 0x9c, 0xf7, 0x52, 0x9c, 0xf7,
  0x52, 0x9c, 0xf7, 0x52, 0x9c, 0xf7, 0x52, 0x9c, 0xf7, 0x52, 0x9c, 0xf7,
  0x52, 0x9c, 0xf7, 0x52, 0x9c, 0xf7, 0x52, 0x9c, 0xf7, 0x52, 0x9c, 0xf7,
  0x52, 0x9c, 0xf7, 0x52, 0x9c, 0xf7, 0x52, 0x9c, 0xf7, 0x52, 0x9c, 0xf7,
  0x52, 0x9c, 0xf7, 0x52, 0x9c, 0xf7, 0x52, 0x9c, 0xf7, 0x52, 0x9c, 0xf7,
  0x52, 0x9c, 0xf7, 0x52, 0x9c, 0xf7, 0x52, 0x9c, 0xf7, 0x52, 0x9c, 0xf7,
  0x52, 0x9c, 0xf7, 0x52, 0x9c, 0xf7, 0x52, 0x9c, 0xf7, 0x52, 0x9c, 0xf7,
  0x52, 0x9c, 0xf7, 0x52, 0x9c, 0xf7, 0x52, 0x9c, 0xf7, 0x52, 0x9c, 0xf7,
  0x52, 0x9c, 0xf7, 0x52, 0x9c, 0xf7, 0x52, 0x9c, 0xf7, 0x52, 0x9c, 0xf7,
  0x52, 0x9c, 0xf7, 0x52, 0x9c, 0xf7, 0x52, 0x9c, 0xf7, 0x52, 0x9c, 0xf7,
  0x52, 0x9c, 0xf7, 0x52, 0x9c, 0xf7, 0x10, 0x39, 0x42, 0x10, 0x39, 0x42,
  0x10, 0x39, 0x42, 0x52, 0x9c, 0xf7, 0x52, 0x9c, 0xf7, 0x52, 0x9c, 0xf7,
  0x52, 0x9c, 0xf7, 0x52, 0x9c, 0xf7, 0x52, 0x9c, 0xf7, 0x52, 0x9c, 0xf7,
  0x52, 0x9c, 0xf7, 0x52, 0x9c, 0xf7, 0x52, 0x9c, 0xf7, 0x52, 0x9c, 0xf7,
  0x52, 0x9c, 0xf7, 0x52, 0x9c, 0xf7, 0x52, 0x9c, 0xf7, 0x52, 0x9c, 0xf7,
  0x52, 0x9c, 0xf7, 0x52, 0x9c, 0xf7, 0x52, 0x9c, 0xf7, 0x52, 0x9c, 0xf7,
  0x52, 0x9c, 0xf7, 0x52, 0x9c, 0xf7, 0x52, 0x9c, 0xf7, 0x52, 0x9c, 0xf7,
  0x52, 0x9c, 0xf7, 0x52, 0x9c, 0xf7, 0x52, 0x9c, 0xf7, 0x52, 0x9c, 0xf7,
  0x52, 0x9c, 0xf7, 0x52, 0x9c, 0xf7, 0x52, 0x9c, 0xf7, 0x52, 0x9c, 0xf7,
  0x52, 0x9c, 0xf7, 0x52, 0x9c, 0xf7, 0x52, 0x9c, 0xf7, 0x52, 0x9c, 0xf7,
  0x52, 0x9c, 0xf7, 0x52, 0x9c, 0xf7, 0x52, 0x9c, 0xf7, 0x52, 0x9c, 0xf7,
  0x52, 0x9c, 0xf7, 0x52, 0x9c, 0xf7, 0x52, 0x9c, 0xf7, 0x52, 0x9c, 0xf7,
  0x52, 0x9c, 0xf7, 0x52, 0x9c, 0xf7, 0x52, 0x9c, 0xf7, 0x52, 0x9c, 0xf7,
  0x52, 0x9c, 0xf7, 0x52, 0x9c, 0xf7, 0x52, 0x9c, 0xf7, 0x52, 0x9c, 0xf7,
  0x52, 0x9c, 0xf7, 0x52, 0x9c, 0xf7, 0x52, 0x9c, 0xf7, 0x52, 0x9c, 0xf7,
  0x52, 0x9c, 0xf7, 0x52, 0x9c, 0xf7, 0x52, 0x9c, 0xf7, 0x52, 0x9c, 0xf7,
  0x52, 0x9c, 0xf7, 0x52, 0x9c, 0xf7, 0x52, 0x9c, 0xf7, 0x52, 0x9c, 0xf7,
  0x52, 0x9c, 0xf7, 0x52, 0x9c, 0xf7, 0x52, 0x9c, 0xf7, 0x52, 0x9c, 0xf7,
  0x52, 0x9c, 0xf7, 0x52, 0x9c, 0xf7, 0x52, 0x9c, 0xf7, 0x52, 0x9c, 0xf7,
  0x52, 0x9c, 0xf7, 0x52, 0x9c, 0xf7, 0x52, 0x9c, 0xf7, 0x52, 0x9c, 0xf7,
  0x52, 0x9c, 0xf7, 0x52, 0x9c, 0xf7, 0x52, 0x9c, 0xf7, 0x52, 0x9c, 0xf7,
  0x52, 0x9c, 0xf7, 0x52, 0x9c, 0xf7, 0x52, 0x9c, 0xf7, 0x52, 0x9c, 0xf7,
  0x52, 0x9c, 0xf7, 0x52, 0x9c, 0xf7, 0x52, 0x9c, 0xf7, 0x52, 0x9c, 0xf7,
  0x52, 0x9c, 0xf7, 0x52, 0x9c, 0xf7, 0x52, 0x9c, 0xf7, 0x52, 0x9c, 0xf7,
  0x52, 0x9c, 0xf7, 0x52, 0x9c, 0xf7, 0x52, 0x9c, 0xf7, 0x52, 0x9c, 0xf7,
  0x52, 0x9c, 0xf7, 0x52, 0x9c, 0xf7, 0x52, 0x9c, 0xf7, 0x52, 0x9c, 0xf7,
  0x52, 0x9c, 0xf7, 0x52, 0x9c, 0xf7, 0x52, 0x9c, 0xf7, 0x52, 0x9c, 0xf7,
  0x52, 0x9c, 0xf7, 0x52, 0x9c, 0xf7, 0x52, 0x9c, 0xf7, 0x52, 0x9c, 0xf7,
  0x52, 0x9c, 0xf7, 0x52, 0x9c, 0xf7, 0x52, 0x9c, 0xf7, 0x52, 0x9c, 0xf7,
  0x52, 0x9c, 0xf7, 0x52, 0x9c, 0xf7, 0x52, 0x9c, 0xf7, 0x52, 0x9c, 0xf7,
  0x52, 0x9c, 0xf7, 0x52, 0x9c, 0xf7, 0x52, 0x9c, 0xf7, 0x52, 0x9c, 0xf7,
  0x52, 0x9c, 0xf7, 0x52, 0x9c, 0xf7, 0x52, 0x9c, 0xf7, 0x52, 0x9c, 0xf7,
  0x52, 0x9c, 0xf7, 0x52, 0x9c, 0xf7, 0x52, 0x9c, 0xf7, 0x52, 0x9c, 0xf7,
  0x52, 0x9c, 0xf7, 0x52, 0x9c, 0xf7, 0x52, 0x9c, 0xf7, 0x52, 0x9c, 0xf7,
  0x52, 0x9c, 0xf7, 0x52, 0x9c, 0xf7, 0x52, 0x9c, 0xf7, 0x52, 0x9c, 0xf7,
  0x52, 0x9c, 0xf7, 0x52, 0x9c, 0xf7, 0x52, 0x9c, 0xf7, 0x52, 0x9c, 0xf7,
  0x52, 0x9c, 0xf7, 0x52, 0x9c, 0xf7, 0x52, 0x9c, 0xf7, 0x52, 0x9c, 0xf7,
  0x52, 0x9c, 0xf7, 0x52, 0x9c, 0xf7, 0x52, 0x9c, 0xf7, 0x52, 0x9c, 0xf7,
  0x52, 0x9c, 0xf7, 0x52, 0x9c, 0xf7, 0x52, 0x9c, 0xf7, 0x52, 0x9c, 0xf7,
  0x52, 0x9c, 0xf7, 0x52, 0x9c, 0xf7, 0x52, 0x9c, 0xf7, 0x52, 0x9c, 0xf7,
  0x52, 0x9c, 0xf7, 0x52, 0x9c, 0xf7, 0x52, 0x9c, 0xf7, 0x52, 0x9c, 0xf7,
  0x52, 0x9c, 0xf7, 0x52, 0x9c, 0xf7, 0x52, 0x9c, 0xf7, 0x52, 0x9c, 0xf7,
  0x52, 0x9c, 0xf7, 0x52, 0x9c, 0xf7, 0x52, 0x9c, 0xf7, 0x52, 0x9c, 0xf7,
  0x52, 0x9c, 0xf7, 0x52, 0x9c, 0xf7, 0x52, 0x9c, 0xf7, 0x52, 0x9c, 0xf7,
  0x52, 0x9c, 0xf7, 0x52, 0x9c, 0xf7, 0x52, 0x9c, 0xf7, 0x52, 0x9c, 0xf7,
  0x52, 0x9c, 0xf7, 0x52, 0x9c, 0xf7, 0x52, 0x9c, 0xf7, 0x52, 0x9c, 0xf7,
  0x52, 0x9c, 0xf7, 0x52, 0x9c, 0xf7, 0x52, 0x9c, 0xf7, 0x52, 0x9c, 0xf7,
  0x52, 0x9c, 0xf7, 0x52, 0x9c, 0xf7, 0x52, 0x9c, 0xf7, 0x52, 0x9c, 0xf7,
  0x52, 0x9c, 0xf7, 0x52, 0x9c, 0xf7, 0x52, 0x9c, 0xf7, 0x52, 0x9c, 0xf7,
  0x52, 0x9c, 0xf7, 0x52, 0x9c, 0xf7, 0x52, 0x9c, 0xf7, 0x52, 0x9c, 0xf7,
  0x52, 0x9c, 0xf7, 0x52, 0x9c, 0xf7, 0x52, 0x9c, 0xf7, 0x52, 0x9c, 0xf7,
  0x52, 0x9c, 0xf7, 0x52, 0x9c, 0xf7, 0x52, 0x9c, 0xf7, 0x52, 0x9c, 0xf7,
  0x52, 0x9c, 0xf7, 0x52, 0x9c, 0xf7, 0x52, 0x9c, 0xf7, 0x52, 0x9c, 0xf7,
  0x52, 0x9c, 0xf7, 0x52, 0x9c, 0xf7, 0x52, 0x9c, 0xf7, 0x52, 0x9c, 0xf7,
  0x52, 0x9c, 0xf7, 0x52, 0x9c, 0xf7, 0x52, 0x9c, 0xf7, 0x52, 0x9c, 0xf7,
  0x52, 0x9c, 0xf7, 0x52, 0x9c, 0xf7, 0x52, 0x9c, 0xf7, 0x52, 0x9c, 0xf7,
  0x52, 0x9c, 0xf7, 0x52, 0x9c, 0xf7, 0x52, 0x9c, 0xf7, 0x52, 0x9c, 0xf7,
  0x52, 0x9c, 0xf7, 0x52, 0x9c, 0xf7, 0x52, 0x9c, 0xf7, 0x52, 0x9c, 0xf7,
  0x52, 0x9c, 0xf7, 0x52, 0x9c, 0xf7, 0x52, 0x9c, 0xf7, 0x52, 0x9c, 0xf7,
  0x52, 0x9c, 0xf7, 0x52, 0x9c, 0xf7, 0x52, 0x9c, 0xf7, 0x52, 0x9c, 0xf7,
  0x52, 0x9c, 0xf7, 0x52, 0x9c, 0xf7, 0x52, 0x9c, 0xf7, 0x52, 0x9c, 0xf7,
  0x52, 0x9c, 0xf7, 0x52, 0x9c, 0xf7, 0x52, 0x9c, 0xf7, 0x52, 0x9c, 0xf7,
  0x52, 0x9c, 0xf7, 0x52, 0x9c, 0xf7, 0x52, 0x9c, 0xf7, 0x52, 0x9c, 0xf7,
  0x52, 0x9c, 0xf7, 0x52, 0x9c, 0xf7, 0x52, 0x9c, 0xf7, 0x52, 0x9c, 0xf7,
  0x52, 0x9c, 0xf7, 0x10, 0x39, 0x42, 0x39, 0x63, 0x63, 0x39, 0x63, 0x63,
  0x10, 0x39, 0x42, 0x10, 0x39, 0x42, 0x10, 0x39, 0x42, 0x52, 0x9c, 0xf7,
  0x52, 0x9c, 0xf7, 0x52, 0x9c, 0xf7, 0x52, 0x9c, 0xf7, 0x52, 0x9c, 0xf7,
  0x52, 0x9c, 0xf7, 0x52, 0x9c, 0xf7, 0x52, 0x9c, 0xf7, 0x52, 0x9c, 0xf7,
  0x52, 0x9c, 0xf7, 0x52, 0x9c, 0xf7, 0x52, 0x9c, 0xf7, 0x52, 0x9c, 0xf7,
  0x52, 0x9c, 0xf7, 0x52, 0x9c, 0xf7, 0x52, 0x9c, 0xf7, 0x52, 0x9c, 0xf7,
  0x52, 0x9c, 0xf7, 0x52, 0x9c, 0xf7, 0x52, 0x9c, 0xf7, 0x52, 0x9c, 0xf7,
  0x52, 0x9c, 0xf7, 0x52, 0x9c, 0xf7, 0x52, 0x9c, 0xf7, 0x52, 0x9c, 0xf7,
  0x52, 0x9c, 0xf7, 0x52, 0x9c, 0xf7, 0x52, 0x9c, 0xf7, 0x52, 0x9c, 0xf7,
  0x52, 0x9c, 0xf7, 0x52, 0x9c, 0xf7, 0x52, 0x9c, 0xf7, 0x52, 0x9c, 0xf7,
  0x52, 0x9c, 0xf7, 0x52, 0x9c, 0xf7, 0x52, 0x9c, 0xf7, 0x52, 0x9c, 0xf7,
  0x52, 0x9c, 0xf7, 0x52, 0x9c, 0xf7, 0x52, 0x9c, 0xf7, 0x52, 0x9c, 0xf7,
  0x52, 0x9c, 0xf7, 0x52, 0x9c, 0xf7, 0x52, 0x9c, 0xf7, 0x52, 0x9c, 0xf7,
  0x52, 0x9c, 0xf7, 0x52, 0x9c, 0xf7, 0x52, 0x9c, 0xf7, 0x52, 0x9c, 0xf7,
  0x52, 0x9c, 0xf7, 0x52, 0x9c, 0xf7, 0x52, 0x9c, 0xf7, 0x52, 0x9c, 0xf7,
  0x52, 0x9c, 0xf7, 0x52, 0x9c, 0xf7, 0x52, 0x9c, 0xf7, 0x52, 0x9c, 0xf7,
  0x52, 0x9c, 0xf7, 0x52, 0x9c, 0xf7, 0x52, 0x9c, 0xf7, 0x52, 0x9c, 0xf7,
  0x52, 0x9c, 0xf7, 0x52, 0x9c, 0xf7, 0x52, 0x9c, 0xf7, 0x52, 0x9c, 0xf7,
  0x52, 0x9c, 0xf7, 0x52, 0x9c, 0xf7, 0x52, 0x9c, 0xf7, 0x52, 0x9c, 0xf7,
  0x52, 0x9c, 0xf7, 0x52, 0x9c, 0xf7, 0x52, 0x9c, 0xf7, 0x52, 0x9c, 0xf7,
  0x52, 0x9c, 0xf7, 0x52, 0x9c, 0xf7, 0x52, 0x9c, 0xf7, 0x52, 0x9c, 0xf7,
  0x52, 0x9c, 0xf7, 0x52, 0x9c, 0xf7, 0x52, 0x9c, 0xf7, 0x52, 0x9c, 0xf7,
  0x52, 0x9c, 0xf7, 0x52, 0x9c, 0xf7, 0x52, 0x9c, 0xf7, 0x52, 0x9c, 0xf7,
  0x52, 0x9c, 0xf7, 0x52, 0x9c, 0xf7, 0x52, 0x9c, 0xf7, 0x52, 0x9c, 0xf7,
  0x52, 0x9c, 0xf7, 0x52, 0x9c, 0xf7, 0x52, 0x9c, 0xf7, 0x52, 0x9c, 0xf7,
  0x52, 0x9c, 0xf7, 0x52, 0x9c, 0xf7, 0x52, 0x9c, 0xf7, 0x52, 0x9c, 0xf7,
  0x52, 0x9c, 0xf7, 0x52, 0x9c, 0xf7, 0x52, 0x9c, 0xf7, 0x52, 0x9c, 0xf7,
  0x52, 0x9c, 0xf7, 0x52, 0x9c, 0xf7, 0x52, 0x9c, 0xf7, 0x52, 0x9c, 0xf7,
  0x52, 0x9c, 0xf7, 0x52, 0x9c, 0xf7, 0x52, 0x9c, 0xf7, 0x52, 0x9c, 0xf7,
  0x52, 0x9c, 0xf7, 0x52, 0x9c, 0xf7, 0x52, 0x9c, 0xf7, 0x52, 0x9c, 0xf7,
  0x52, 0x9c, 0xf7, 0x52, 0x9c, 0xf7, 0x52, 0x9c, 0xf7, 0x52, 0x9c, 0xf7,
  0x52, 0x9c, 0xf7, 0x52, 0x9c, 0xf7, 0x52, 0x9c, 0xf7, 0x52, 0x9c, 0xf7,
  0x52, 0x9c, 0xf7, 0x52, 0x9c, 0xf7, 0x52, 0x9c, 0xf7, 0x52, 0x9c, 0xf7,
  0x52, 0x9c, 0xf7, 0x52, 0x9c, 0xf7, 0x52, 0x9c, 0xf7, 0x52, 0x9c, 0xf7,
  0x52, 0x9c, 0xf7, 0x52, 0x9c, 0xf7, 0x52, 0x9c, 0xf7, 0x52, 0x9c, 0xf7,
  0x52, 0x9c, 0xf7, 0x52, 0x9c, 0xf7, 0x52, 0x9c, 0xf7, 0x52, 0x9c, 0xf7,
  0x52, 0x9c, 0xf7, 0x52, 0x9c, 0xf7, 0x52, 0x9c, 0xf7, 0x52, 0x9c, 0xf7,
  0x52, 0x9c, 0xf7, 0x52, 0x9c, 0xf7, 0x52, 0x9c, 0xf7, 0x52, 0x9c, 0xf7,
  0x52, 0x9c, 0xf7, 0x52, 0x9c, 0xf7, 0x52, 0x9c, 0xf7, 0x52, 0x9c, 0xf7,
  0x52, 0x9c, 0xf7, 0x52, 0x9c, 0xf7, 0x52, 0x9c, 0xf7, 0x52, 0x9c, 0xf7,
  0x52, 0x9c, 0xf7, 0x52, 0x9c, 0xf7, 0x52, 0x9c, 0xf7, 0x52, 0x9c, 0xf7,
  0x52, 0x9c, 0xf7, 0x52, 0x9c, 0xf7, 0x52, 0x9c, 0xf7, 0x52, 0x9c, 0xf7,
  0x52, 0x9c, 0xf7, 0x52, 0x9c, 0xf7, 0x52, 0x9c, 0xf7, 0x52, 0x9c, 0xf7,
  0x52, 0x9c, 0xf7, 0x52, 0x9c, 0xf7, 0x52, 0x9c, 0xf7, 0x52, 0x9c, 0xf7,
  0x52, 0x9c, 0xf7, 0x52, 0x9c, 0xf7, 0x52, 0x9c, 0xf7, 0x52, 0x9c, 0xf7,
  0x52, 0x9c, 0xf7, 0x52, 0x9c, 0xf7, 0x52, 0x9c, 0xf7, 0x52, 0x9c, 0xf7,
  0x52, 0x9c, 0xf7, 0x52, 0x9c, 0xf7, 0x52, 0x9c, 0xf7, 0x52, 0x9c, 0xf7,
  0x52, 0x9c, 0xf7, 0x52, 0x9c, 0xf7, 0x52, 0x9c, 0xf7, 0x52, 0x9c, 0xf7,
  0x52, 0x9c, 0xf7, 0x52, 0x9c, 0xf7, 0x52, 0x9c, 0xf7, 0x52, 0x9c, 0xf7,
  0x52, 0x9c, 0xf7, 0x52, 0x9c, 0xf7, 0x52, 0x9c, 0xf7, 0x52, 0x9c, 0xf7,
  0x52, 0x9c, 0xf7, 0x52, 0x9c, 0xf7, 0x52, 0x9c, 0xf7, 0x52, 0x9c, 0xf7,
  0x52, 0x9c, 0xf7, 0x52, 0x9c, 0xf7, 0x52, 0x9c, 0xf7, 0x52, 0x9c, 0xf7,
  0x52, 0x9c, 0xf7, 0x52, 0x9c, 0xf7, 0x52, 0x9c, 0xf7, 0x52, 0x9c, 0xf7,
  0x52, 0x9c, 0xf7, 0x52, 0x9c, 0xf7, 0x52, 0x9c, 0xf7, 0x52, 0x9c, 0xf7,
  0x52, 0x9c, 0xf7, 0x52, 0x9c, 0xf7, 0x52, 0x9c, 0xf7, 0x52, 0x9c, 0xf7,
  0x52, 0x9c, 0xf7, 0x52, 0x9c, 0xf7, 0x52, 0x9c, 0xf7, 0x52, 0x9c, 0xf7,
  0x52, 0x9c, 0xf7, 0x52, 0x9c, 0xf7, 0x52, 0x9c, 0xf7, 0x52, 0x9c, 0xf7,
  0x52, 0x9c, 0xf7, 0x52, 0x9c, 0xf7, 0x52, 0x9c, 0xf7, 0x52, 0x9c, 0xf7,
  0x52, 0x9c, 0xf7, 0x52, 0x9c, 0xf7, 0x52, 0x9c, 0xf7, 0x52, 0x9c, 0xf7,
  0x52, 0x9c, 0xf7, 0x52, 0x9c, 0xf7, 0x52, 0x9c, 0xf7, 0x52, 0x9c, 0xf7,
  0x52, 0x9c, 0xf7, 0x52, 0x9c, 0xf7, 0x52, 0x9c, 0xf7, 0x52, 0x9c, 0xf7,
  0x52, 0x9c, 0xf7, 0x52, 0x9c, 0xf7, 0x52, 0x9c, 0xf7, 0x52, 0x9c, 0xf7,
  0x52, 0x9c, 0xf7, 0x10, 0x39, 0x42, 0x10, 0x39, 0x42, 0x10, 0x39, 0x42,
  0x52, 0x9c, 0xf7, 0x52, 0x9c, 0xf7, 0x52, 0x9c, 0xf7, 0x52, 0x9c, 0xf7,
  0x10, 0x39, 0x42, 0x73, 0x8c, 0x8c, 0x73, 0x8c, 0x8c, 0x10, 0x39, 0x42,
  0x10, 0x39, 0x42, 0x10, 0x39, 0x42, 0x10, 0x39, 0x42, 0x10, 0x39, 0x42,
  0x52, 0x9c, 0xf7, 0x52, 0x9c, 0xf7, 0x52, 0x9c, 0xf7, 0x52, 0x9c, 0xf7,
  0x52, 0x9c, 0xf7, 0x52, 0x9c, 0xf7, 0x52, 0x9c, 0xf7, 0x52, 0x9c, 0xf7,
  0x52, 0x9c, 0xf7, 0x52, 0x9c, 0xf7, 0x52, 0x9c, 0xf7, 0x52, 0x9c, 0xf7,
  0x52, 0x9c, 0xf7, 0x52, 0x9c, 0xf7, 0x52, 0x9c, 0xf7, 0x52, 0x9c, 0xf7,
  0x52, 0x9c, 0xf7, 0x52, 0x9c, 0xf7, 0x52, 0x9c, 0xf7, 0x52, 0x9c, 0xf7,
  0x52, 0x9c, 0xf7, 0x52, 0x9c, 0xf7, 0x52, 0x9c, 0xf7, 0x52, 0x9c, 0xf7,
  0x52, 0x9c, 0xf7, 0x52, 0x9c, 0xf7, 0x52, 0x9c, 0xf7, 0x52, 0x9c, 0xf7,
  0x52, 0x9c, 0xf7, 0x52, 0x9c, 0xf7, 0x52, 0x9c, 0xf7, 0x52, 0x9c, 0xf7,
  0x52, 0x9c, 0xf7, 0x52, 0x9c, 0xf7, 0x52, 0x9c, 0xf7, 0x52, 0x9c, 0xf7,
  0x52, 0x9c, 0xf7, 0x52, 0x9c, 0xf7, 0x52, 0x9c, 0xf7, 0x52, 0x9c, 0xf7,
  0x52, 0x9c, 0xf7, 0x52, 0x9c, 0xf7, 0x52, 0x9c, 0xf7, 0x52, 0x9c, 0xf7,
  0x52, 0x9c, 0xf7, 0x52, 0x9c, 0xf7, 0x52, 0x9c, 0xf7, 0x52, 0x9c, 0xf7,
  0x52, 0x9c, 0xf7, 0x52, 0x9c, 0xf7, 0x52, 0x9c, 0xf7, 0x52, 0x9c, 0xf7,
  0x52, 0x9c, 0xf7, 0x52, 0x9c, 0xf7, 0x52, 0x9c, 0xf7, 0x52, 0x9c, 0xf7,
  0x52, 0x9c, 0xf7, 0x52, 0x9c, 0xf7, 0x52, 0x9c, 0xf7, 0x52, 0x9c, 0xf7,
  0x52, 0x9c, 0xf7, 0x52, 0x9c, 0xf7, 0x52, 0x9c, 0xf7, 0x52, 0x9c, 0xf7,
  0x52, 0x9c, 0xf7, 0x52, 0x9c, 0xf7, 0x52, 0x9c, 0xf7, 0x52, 0x9c, 0xf7,
  0x52, 0x9c, 0xf7, 0x52, 0x9c, 0xf7, 0x52, 0x9c, 0xf7, 0x52, 0x9c, 0xf7,
  0x52, 0x9c, 0xf7, 0x52, 0x9c, 0xf7, 0x52, 0x9c, 0xf7, 0x52, 0x9c, 0xf7,
  0x52, 0x9c, 0xf7, 0x52, 0x9c, 0xf7, 0x52, 0x9c, 0xf7, 0x52, 0x9c, 0xf7,
  0x52, 0x9c, 0xf7, 0x52, 0x9c, 0xf7, 0x52, 0x9c, 0xf7, 0x52, 0x9c, 0xf7,
  0x52, 0x9c, 0xf7, 0x52, 0x9c, 0xf7, 0x52, 0x9c, 0xf7, 0x52, 0x9c, 0xf7,
  0x52, 0x9c, 0xf7, 0x52, 0x9c, 0xf7, 0x52, 0x9c, 0xf7, 0x52, 0x9c, 0xf7,
  0x52, 0x9c, 0xf7, 0x52, 0x9c, 0xf7, 0x52, 0x9c, 0xf7, 0x52, 0x9c, 0xf7,
  0x52, 0x9c, 0xf7, 0x52, 0x9c, 0xf7, 0x52, 0x9c, 0xf7, 0x52, 0x9c, 0xf7,
  0x52, 0x9c, 0xf7, 0x52, 0x9c, 0xf7, 0x52, 0x9c, 0xf7, 0x52, 0x9c, 0xf7,
  0x52, 0x9c, 0xf7, 0x52, 0x9c, 0xf7, 0x52, 0x9c, 0xf7, 0x52, 0x9c, 0xf7,
  0x52, 0x9c, 0xf7, 0x52, 0x9c, 0xf7, 0x52, 0x9c, 0xf7, 0x52, 0x9c, 0xf7,
  0x52, 0x9c, 0xf7, 0x52, 0x9c, 0xf7, 0x52, 0x9c, 0xf7, 0x52, 0x9c, 0xf7,
  0x52, 0x9c, 0xf7, 0x52, 0x9c, 0xf7, 0x52, 0x9c, 0xf7, 0x52, 0x9c, 0xf7,
  0x52, 0x9c, 0xf7, 0x52, 0x9c, 0xf7, 0x52, 0x9c, 0xf7, 0x52, 0x9c, 0xf7,
  0x52, 0x9c, 0xf7, 0x52, 0x9c, 0xf7, 0x52, 0x9c, 0xf7, 0x52, 0x9c, 0xf7,
  0x52, 0x9c, 0xf7, 0x52, 0x9c, 0xf7, 0x52, 0x9c, 0xf7, 0x52, 0x9c, 0xf7,
  0x52, 0x9c, 0xf7, 0x52, 0x9c, 0xf7, 0x52, 0x9c, 0xf7, 0x52, 0x9c, 0xf7,
  0x52, 0x9c, 0xf7, 0x52, 0x9c, 0xf7, 0x52, 0x9c, 0xf7, 0x52, 0x9c, 0xf7,
  0x52, 0x9c, 0xf7, 0x52, 0x9c, 0xf7, 0x52, 0x9c, 0xf7, 0x52, 0x9c, 0xf7,
  0x52, 0x9c, 0xf7, 0x52, 0x9c, 0xf7, 0x52, 0x9c, 0xf7, 0x52, 0x9c, 0xf7,
  0x52, 0x9c, 0xf7, 0x52, 0x9c, 0xf7, 0x52, 0x9c, 0xf7, 0x52, 0x9c, 0xf7,
  0x52, 0x9c, 0xf7, 0x52, 0x9c, 0xf7, 0x52, 0x9c, 0xf7, 0x52, 0x9c, 0xf7,
  0x52, 0x9c, 0xf7, 0x52, 0x9c, 0xf7, 0x52, 0x9c, 0xf7, 0x52, 0x9c, 0xf7,
  0x52, 0x9c, 0xf7, 0x52, 0x9c, 0xf7, 0x52, 0x9c, 0xf7, 0x52, 0x9c, 0xf7,
  0x52, 0x9c, 0xf7, 0x52, 0x9c, 0xf7, 0x52, 0x9c, 0xf7, 0x52, 0x9c, 0xf7,
  0x52, 0x9c, 0xf7, 0x52, 0x9c, 0xf7, 0x52, 0x9c, 0xf7, 0x52, 0x9c, 0xf7,
  0x52, 0x9c, 0xf7, 0x52, 0x9c, 0xf7, 0x52, 0x9c, 0xf7, 0x52, 0x9c, 0xf7,
  0x52, 0x9c, 0xf7, 0x52, 0x9c, 0xf7, 0x52, 0x9c, 0xf7, 0x52, 0x9c, 0xf7,
  0x52, 0x9c, 0xf7, 0x52, 0x9c, 0xf7, 0x52, 0x9c, 0xf7, 0x52, 0x9c, 0xf7,
  0x52, 0x9c, 0xf7, 0x52, 0x9c, 0xf7, 0x52, 0x9c, 0xf7, 0x52, 0x9c, 0xf7,
  0x52, 0x9c, 0xf7, 0x52, 0x9c, 0xf7, 0x52, 0x9c, 0xf7, 0x52, 0x9c, 0xf7,
  0x52, 0x9c, 0xf7, 0x52, 0x9c, 0xf7, 0x52, 0x9c, 0xf7, 0x52, 0x9c, 0xf7,
  0x52, 0x9c, 0xf7, 0x52, 0x9c, 0xf7, 0x52, 0x9c, 0xf7, 0x52, 0x9c, 0xf7,
  0x52, 0x9c, 0xf7, 0x52, 0x9c, 0xf7, 0x52, 0x9c, 0xf7, 0x52, 0x9c, 0xf7,
  0x52, 0x9c, 0xf7, 0x52, 0x9c, 0xf7, 0x52, 0x9c, 0xf7, 0x52, 0x9c, 0xf7,
  0x52, 0x9c, 0xf7, 0x52, 0x9c, 0xf7, 0x52, 0x9c, 0xf7, 0x52, 0x9c, 0xf7,
  0x52, 0x9c, 0xf7, 0x52, 0x9c, 0xf7, 0x52, 0x9c, 0xf7, 0x52, 0x9c, 0xf7,
  0x52, 0x9c, 0xf7, 0x52, 0x9c, 0xf7, 0x52, 0x9c, 0xf7, 0x52, 0x9c, 0xf7,
  0x52, 0x9c, 0xf7, 0x52, 0x9c, 0xf7, 0x52, 0x9c, 0xf7, 0x52, 0x9c, 0xf7,
  0x52, 0x9c, 0xf7, 0x52, 0x9c, 0xf7, 0x52, 0x9c, 0xf7, 0x52, 0x9c, 0xf7,
  0x52, 0x9c, 0xf7, 0x52, 0x9c, 0xf7, 0x52, 0x9c, 0xf7, 0x52, 0x9c, 0xf7,
  0x52, 0x9c, 0xf7, 0x52, 0x9c, 0xf7, 0x52, 0x9c, 0xf7, 0x52, 0x9c, 0xf7,
  0x52, 0x9c, 0xf7, 0x52, 0x9c, 0xf7, 0x52, 0x9c, 0xf7, 0x10, 0x39, 0x42,
  0x10, 0x39, 0x42, 0x10, 0x39, 0x42, 0x39, 0x63, 0x63, 0x10, 0x39, 0x42,
  0x10, 0x39, 0x42, 0x10, 0x39, 0x42, 0x52, 0x9c, 0xf7, 0x10, 0x39, 0x42,
  0x73, 0x8c, 0x8c, 0x73, 0x8c, 0x8c, 0x39, 0x63, 0x63, 0x39, 0x63, 0x63,
  0x10, 0x39, 0x42, 0x39, 0x63, 0x63, 0x10, 0x39, 0x42, 0x10, 0x39, 0x42,
  0x10, 0x39, 0x42, 0x52, 0x9c, 0xf7, 0x52, 0x9c, 0xf7, 0x52, 0x9c, 0xf7,
  0x52, 0x9c, 0xf7, 0x52, 0x9c, 0xf7, 0x52, 0x9c, 0xf7, 0x52, 0x9c, 0xf7,
  0x52, 0x9c, 0xf7, 0x52, 0x9c, 0xf7, 0x52, 0x9c, 0xf7, 0x52, 0x9c, 0xf7,
  0x52, 0x9c, 0xf7, 0x52, 0x9c, 0xf7, 0x52, 0x9c, 0xf7, 0x52, 0x9c, 0xf7,
  0x52, 0x9c, 0xf7, 0x52, 0x9c, 0xf7, 0x52, 0x9c, 0xf7, 0x52, 0x9c, 0xf7,
  0x52, 0x9c, 0xf7, 0x52, 0x9c, 0xf7, 0x52, 0x9c, 0xf7, 0x52, 0x9c, 0xf7,
  0x52, 0x9c, 0xf7, 0x52, 0x9c, 0xf7, 0x52, 0x9c, 0xf7, 0x52, 0x9c, 0xf7,
  0x52, 0x9c, 0xf7, 0x52, 0x9c, 0xf7, 0x52, 0x9c, 0xf7, 0x52, 0x9c, 0xf7,
  0x52, 0x9c, 0xf7, 0x52, 0x9c, 0xf7, 0x52, 0x9c, 0xf7, 0x52, 0x9c, 0xf7,
  0x52, 0x9c, 0xf7, 0x52, 0x9c, 0xf7, 0x52, 0x9c, 0xf7, 0x52, 0x9c, 0xf7,
  0x52, 0x9c, 0xf7, 0x52, 0x9c, 0xf7, 0x52, 0x9c, 0xf7, 0x52, 0x9c, 0xf7,
  0x52, 0x9c, 0xf7, 0x52, 0x9c, 0xf7, 0x52, 0x9c, 0xf7, 0x52, 0x9c, 0xf7,
  0x52, 0x9c, 0xf7, 0x52, 0x9c, 0xf7, 0x52, 0x9c, 0xf7, 0x52, 0x9c, 0xf7,
  0x52, 0x9c, 0xf7, 0x52, 0x9c, 0xf7, 0x52, 0x9c, 0xf7, 0x52, 0x9c, 0xf7,
  0x52, 0x9c, 0xf7, 0x52, 0x9c, 0xf7, 0x52, 0x9c, 0xf7, 0x52, 0x9c, 0xf7,
  0x52, 0x9c, 0xf7, 0x52, 0x9c, 0xf7, 0x52, 0x9c, 0xf7, 0x52, 0x9c, 0xf7,
  0x52, 0x9c, 0xf7, 0x52, 0x9c, 0xf7, 0x52, 0x9c, 0xf7, 0x52, 0x9c, 0xf7,
  0x52, 0x9c, 0xf7, 0x52, 0x9c, 0xf7, 0x52, 0x9c, 0xf7, 0x52, 0x9c, 0xf7,
  0x52, 0x9c, 0xf7, 0x52, 0x9c, 0xf7, 0x52, 0x9c, 0xf7, 0x52, 0x9c, 0xf7,
  0x52, 0x9c, 0xf7, 0x52, 0x9c, 0xf7, 0x52, 0x9c, 0xf7, 0x52, 0x9c, 0xf7,
  0x52, 0x9c, 0xf7, 0x52, 0x9c, 0xf7, 0x52, 0x9c, 0xf7, 0x52, 0x9c, 0xf7,
  0x52, 0x9c, 0xf7, 0x52, 0x9c, 0xf7, 0x52, 0x9c, 0xf7, 0x52, 0x9c, 0xf7,
  0x52, 0x9c, 0xf7, 0x52, 0x9c, 0xf7, 0x52, 0x9c, 0xf7, 0x52, 0x9c, 0xf7,
  0x52, 0x9c, 0xf7, 0x52, 0x9c, 0xf7, 0x52, 0x9c, 0xf7, 0x52, 0x9c, 0xf7,
  0x52, 0x9c, 0xf7, 0x52, 0x9c, 0xf7, 0x52, 0x9c, 0xf7, 0x52, 0x9c, 0xf7,
  0x52, 0x9c, 0xf7, 0x52, 0x9c, 0xf7, 0x52, 0x9c, 0xf7, 0x52, 0x9c, 0xf7,
  0x52, 0x9c, 0xf7, 0x52, 0x9c, 0xf7, 0x52, 0x9c, 0xf7, 0x52, 0x9c, 0xf7,
  0x52, 0x9c, 0xf7, 0x52, 0x9c, 0xf7, 0x52, 0x9c, 0xf7, 0x52, 0x9c, 0xf7,
  0x52, 0x9c, 0xf7, 0x52, 0x9c, 0xf7, 0x52, 0x9c, 0xf7, 0x52, 0x9c, 0xf7,
  0x52, 0x9c, 0xf7, 0x52, 0x9c, 0xf7, 0x52, 0x9c, 0xf7, 0x52, 0x9c, 0xf7,
  0x52, 0x9c, 0xf7, 0x52, 0x9c, 0xf7, 0x52, 0x9c, 0xf7, 0x52, 0x9c, 0xf7,
  0x52, 0x9c, 0xf7, 0x52, 0x9c, 0xf7, 0x52, 0x9c, 0xf7, 0x52, 0x9c, 0xf7,
  0x52, 0x9c, 0xf7, 0x52, 0x9c, 0xf7, 0x52, 0x9c, 0xf7, 0x52, 0x9c, 0xf7,
  0x52, 0x9c, 0xf7, 0x52, 0x9c, 0xf7, 0x52, 0x9c, 0xf7, 0x52, 0x9c, 0xf7,
  0x52, 0x9c, 0xf7, 0x52, 0x9c, 0xf7, 0x52, 0x9c, 0xf7, 0x52, 0x9c, 0xf7,
  0x52, 0x9c, 0xf7, 0x52, 0x9c, 0xf7, 0x52, 0x9c, 0xf7, 0x52, 0x9c, 0xf7,
  0x52, 0x9c, 0xf7, 0x52, 0x9c, 0xf7, 0x52, 0x9c, 0xf7, 0x52, 0x9c, 0xf7,
  0x52, 0x9c, 0xf7, 0x52, 0x9c, 0xf7, 0x52, 0x9c, 0xf7, 0x52, 0x9c, 0xf7,
  0x52, 0x9c, 0xf7, 0x52, 0x9c, 0xf7, 0x52, 0x9c, 0xf7, 0x52, 0x9c, 0xf7,
  0x52, 0x9c, 0xf7, 0x52, 0x9c, 0xf7, 0x52, 0x9c, 0xf7, 0x52, 0x9c, 0xf7,
  0x52, 0x9c, 0xf7, 0x52, 0x9c, 0xf7, 0x52, 0x9c, 0xf7, 0x52, 0x9c, 0xf7,
  0x52, 0x9c, 0xf7, 0x52, 0x9c, 0xf7, 0x52, 0x9c, 0xf7, 0x52, 0x9c, 0xf7,
  0x52, 0x9c, 0xf7, 0x52, 0x9c, 0xf7, 0x52, 0x9c, 0xf7, 0x52, 0x9c, 0xf7,
  0x52, 0x9c, 0xf7, 0x52, 0x9c, 0xf7, 0x10, 0x39, 0x42, 0x10, 0x39, 0x42,
  0x10, 0x39, 0x42, 0x10, 0x39, 0x42, 0x10, 0x39, 0x42, 0x10, 0x39, 0x42,
  0x10, 0x39, 0x42, 0x10, 0x39, 0x42, 0x10, 0x39, 0x42, 0x52, 0x9c, 0xf7,
  0x52, 0x9c, 0xf7, 0x52, 0x9c, 0xf7, 0x52, 0x9c, 0xf7, 0x52, 0x9c, 0xf7,
  0x52, 0x9c, 0xf7, 0x52, 0x9c, 0xf7, 0x52, 0x9c, 0xf7, 0x52, 0x9c, 0xf7,
  0x52, 0x9c, 0xf7, 0x52, 0x9c, 0xf7, 0x52, 0x9c, 0xf7, 0x52, 0x9c, 0xf7,
  0x52, 0x9c, 0xf7, 0x52, 0x9c, 0xf7, 0x52, 0x9c, 0xf7, 0x52, 0x9c, 0xf7,
  0x52, 0x9c, 0xf7, 0x52, 0x9c, 0xf7, 0x52, 0x9c, 0xf7, 0x52, 0x9c, 0xf7,
  0x52, 0x9c, 0xf7, 0x52, 0x9c, 0xf7, 0x52, 0x9c, 0xf7, 0x52, 0x9c, 0xf7,
  0x10, 0x39, 0x42, 0x10, 0x39, 0x42, 0x10, 0x39, 0x42, 0x10, 0x39, 0x42,
  0x52, 0x9c, 0xf7, 0x52, 0x9c, 0xf7, 0x52, 0x9c, 0xf7, 0x52, 0x9c, 0xf7,
  0x52, 0x9c, 0xf7, 0x52, 0x9c, 0xf7, 0x52, 0x9c, 0xf7, 0x52, 0x9c, 0xf7,
  0x52, 0x9c, 0xf7, 0x52, 0x9c, 0xf7, 0x52, 0x9c, 0xf7, 0x52, 0x9c, 0xf7,
  0x52, 0x9c, 0xf7, 0x52, 0x9c, 0xf7, 0x52, 0x9c, 0xf7, 0x52, 0x9c, 0xf7,
  0x52, 0x9c, 0xf7, 0x52, 0x9c, 0xf7, 0x52, 0x9c, 0xf7, 0x52, 0x9c, 0xf7,
  0x52, 0x9c, 0xf7, 0x52, 0x9c, 0xf7, 0x52, 0x9c, 0xf7, 0x52, 0x9c, 0xf7,
  0x52, 0x9c, 0xf7, 0x52, 0x9c, 0xf7, 0x10, 0x39, 0x42, 0x10, 0x39, 0x42,
  0x39, 0x63, 0x63, 0x73, 0x8c, 0x8c, 0x73, 0x8c, 0x8c, 0x39, 0x63, 0x63,
  0x10, 0x39, 0x42, 0x39, 0x63, 0x63, 0x10, 0x39, 0x42, 0x39, 0x63, 0x63,
  0x73, 0x8c, 0x8c, 0x39, 0x63, 0x63, 0x10, 0x39, 0x42, 0x10, 0x39, 0x42,
  0x10, 0x39, 0x42, 0x10, 0x39, 0x42, 0x39, 0x63, 0x63, 0x39, 0x63, 0x63,
  0x10, 0x39, 0x42, 0x52, 0x9c, 0xf7, 0x52, 0x9c, 0xf7, 0x52, 0x9c, 0xf7,
  0x52, 0x9c, 0xf7, 0x52, 0x9c, 0xf7, 0x52, 0x9c, 0xf7, 0x52, 0x9c, 0xf7,
  0x52, 0x9c, 0xf7, 0x52, 0x9c, 0xf7, 0x52, 0x9c, 0xf7, 0x52, 0x9c, 0xf7,
  0x52, 0x9c, 0xf7, 0x52, 0x9c, 0xf7, 0x52, 0x9c, 0xf7, 0x52, 0x9c, 0xf7,
  0x52, 0x9c, 0xf7, 0x52, 0x9c, 0xf7, 0x52, 0x9c, 0xf7, 0x52, 0x9c, 0xf7,
  0x52, 0x9c, 0xf7, 0x52, 0x9c, 0xf7, 0x52, 0x9c, 0xf7, 0x52, 0x9c, 0xf7,
  0x52, 0x9c, 0xf7, 0x52, 0x9c, 0xf7, 0x52, 0x9c, 0xf7, 0x52, 0x9c, 0xf7,
  0x52, 0x9c, 0xf7, 0x52, 0x9c, 0xf7, 0x52, 0x9c, 0xf7, 0x52, 0x9c, 0xf7,
  0x52, 0x9c, 0xf7, 0x52, 0x9c, 0xf7, 0x52, 0x9c, 0xf7, 0x52, 0x9c, 0xf7,
  0x52, 0x9c, 0xf7, 0x52, 0x9c, 0xf7, 0x52, 0x9c, 0xf7, 0x52, 0x9c, 0xf7,
  0x52, 0x9c, 0xf7, 0x52, 0x9c, 0xf7, 0x52, 0x9c, 0xf7, 0x52, 0x9c, 0xf7,
  0x52, 0x9c, 0xf7, 0x52, 0x9c, 0xf7, 0x52, 0x9c, 0xf7, 0x52, 0x9c, 0xf7,
  0x52, 0x9c, 0xf7, 0x52, 0x9c, 0xf7, 0x52, 0x9c, 0xf7, 0x52, 0x9c, 0xf7,
  0x52, 0x9c, 0xf7, 0x52, 0x9c, 0xf7, 0x52, 0x9c, 0xf7, 0x52, 0x9c, 0xf7,
  0x52, 0x9c, 0xf7, 0x52, 0x9c, 0xf7, 0x52, 0x9c, 0xf7, 0x52, 0x9c, 0xf7,
  0x52, 0x9c, 0xf7, 0x52, 0x9c, 0xf7, 0x52, 0x9c, 0xf7, 0x52, 0x9c, 0xf7,
  0x52, 0x9c, 0xf7, 0x52, 0x9c, 0xf7, 0x52, 0x9c, 0xf7, 0x52, 0x9c, 0xf7,
  0x52, 0x9c, 0xf7, 0x52, 0x9c, 0xf7, 0x52, 0x9c, 0xf7, 0x52, 0x9c, 0xf7,
  0x52, 0x9c, 0xf7, 0x52, 0x9c, 0xf7, 0x52, 0x9c, 0xf7, 0x52, 0x9c, 0xf7,
  0x52, 0x9c, 0xf7, 0x52, 0x9c, 0xf7, 0x52, 0x9c, 0xf7, 0x52, 0x9c, 0xf7,
  0x52, 0x9c, 0xf7, 0x52, 0x9c, 0xf7, 0x52, 0x9c, 0xf7, 0x52, 0x9c, 0xf7,
  0x52, 0x9c, 0xf7, 0x52, 0x9c, 0xf7, 0x52, 0x9c, 0xf7, 0x52, 0x9c, 0xf7,
  0x52, 0x9c, 0xf7, 0x52, 0x9c, 0xf7, 0x52, 0x9c, 0xf7, 0x52, 0x9c, 0xf7,
  0x52, 0x9c, 0xf7, 0x52, 0x9c, 0xf7, 0x52, 0x9c, 0xf7, 0x52, 0x9c, 0xf7,
  0x52, 0x9c, 0xf7, 0x52, 0x9c, 0xf7, 0x52, 0x9c, 0xf7, 0x52, 0x9c, 0xf7,
  0x52, 0x9c, 0xf7, 0x52, 0x9c, 0xf7, 0x52, 0x9c, 0xf7, 0x73, 0x8c, 0x8c,
  0x73, 0x8c, 0x8c, 0x39, 0x63, 0x63, 0x10, 0x39, 0x42, 0x10, 0x39, 0x42,
  0x10, 0x39, 0x42, 0x10, 0x39, 0x42, 0x10, 0x39, 0x42, 0x52, 0x9c, 0xf7,
  0x52, 0x9c, 0xf7, 0x52, 0x9c, 0xf7, 0x52, 0x9c, 0xf7, 0x52, 0x9c, 0xf7,
  0x52, 0x9c, 0xf7, 0x52, 0x9c, 0xf7, 0x52, 0x9c, 0xf7, 0x52, 0x9c, 0xf7,
  0x52, 0x9c, 0xf7, 0x52, 0x9c, 0xf7, 0x52, 0x9c, 0xf7, 0x52, 0x9c, 0xf7,
  0x52, 0x9c, 0xf7, 0x52, 0x9c, 0xf7, 0x52, 0x9c, 0xf7, 0x52, 0x9c, 0xf7,
  0x52, 0x9c, 0xf7, 0x52, 0x9c, 0xf7, 0x52, 0x9c, 0xf7, 0x52, 0x9c, 0xf7,
  0x52, 0x9c, 0xf7, 0x52, 0x9c, 0xf7, 0x52, 0x9c, 0xf7, 0x52, 0x9c, 0xf7,
  0x10, 0x39, 0x42, 0x10, 0x39, 0x42, 0x10, 0x39, 0x42, 0x10, 0x39, 0x42,
  0x10, 0x39, 0x42, 0x10, 0x39, 0x42, 0x10, 0x39, 0x42, 0x52, 0x9c, 0xf7,
  0x52, 0x9c, 0xf7, 0x52, 0x9c, 0xf7, 0x52, 0x9c, 0xf7, 0x52, 0x9c, 0xf7,
  0x52, 0x9c, 0xf7, 0x52, 0x9c, 0xf7, 0x10, 0x39, 0x42, 0x10, 0x39, 0x42,
  0x10, 0x39, 0x42, 0x10, 0x39, 0x42, 0x10, 0x39, 0x42, 0x10, 0x39, 0x42,
  0x10, 0x39, 0x42, 0x10, 0x39, 0x42, 0x10, 0x39, 0x42, 0x10, 0x39, 0x42,
  0x10, 0x39, 0x42, 0x52, 0x9c, 0xf7, 0x52, 0x9c, 0xf7, 0x52, 0x9c, 0xf7,
  0x52, 0x9c, 0xf7, 0x52, 0x9c, 0xf7, 0x52, 0x9c, 0xf7, 0x52, 0x9c, 0xf7,
  0x52, 0x9c, 0xf7, 0x52, 0x9c, 0xf7, 0x52, 0x9c, 0xf7, 0x10, 0x39, 0x42,
  0x10, 0x39, 0x42, 0x10, 0x39, 0x42, 0x10, 0x39, 0x42, 0x10, 0x39, 0x42,
  0x39, 0x63, 0x63, 0x39, 0x63, 0x63, 0x10, 0x39, 0x42, 0x10, 0x39, 0x42,
  0x39, 0x63, 0x63, 0x39, 0x63, 0x63, 0x39, 0x63, 0x63, 0x10, 0x39, 0x42,
  0x10, 0x39, 0x42, 0x10, 0x39, 0x42, 0x10, 0x39, 0x42, 0x10, 0x39, 0x42,
  0x10, 0x39, 0x42, 0x10, 0x39, 0x42, 0x10, 0x39, 0x42, 0x10, 0x39, 0x42,
  0x10, 0x39, 0x42, 0x10, 0x39, 0x42, 0x10, 0x39, 0x42, 0x10, 0x39, 0x42,
  0x10, 0x39, 0x42, 0x52, 0x9c, 0xf7, 0x52, 0x9c, 0xf7, 0x52, 0x9c, 0xf7,
  0x52, 0x9c, 0xf7, 0x52, 0x9c, 0xf7, 0x52, 0x9c, 0xf7, 0x52, 0x9c, 0xf7,
  0x52, 0x9c, 0xf7, 0x10, 0x39, 0x42, 0x10, 0x39, 0x42, 0x10, 0x39, 0x42,
  0x39, 0x63, 0x63, 0x39, 0x63, 0x63, 0x10, 0x39, 0x42, 0x10, 0x39, 0x42,
  0x52, 0x9c, 0xf7, 0x52, 0x9c, 0xf7, 0x52, 0x9c, 0xf7, 0x52, 0x9c, 0xf7,
  0x10, 0x39, 0x42, 0x10, 0x39, 0x42, 0x10, 0x39, 0x42, 0x10, 0x39, 0x42,
  0x10, 0x39, 0x42, 0x10, 0x39, 0x42, 0x52, 0x9c, 0xf7, 0x52, 0x9c, 0xf7,
  0x52, 0x9c, 0xf7, 0x52, 0x9c, 0xf7, 0x52, 0x9c, 0xf7, 0x52, 0x9c, 0xf7,
  0x52, 0x9c, 0xf7, 0x52, 0x9c, 0xf7, 0x52, 0x9c, 0xf7, 0x52, 0x9c, 0xf7,
  0x52, 0x9c, 0xf7, 0x52, 0x9c, 0xf7, 0x52, 0x9c, 0xf7, 0x52, 0x9c, 0xf7,
  0x52, 0x9c, 0xf7, 0x10, 0x39, 0x42, 0x10, 0x39, 0x42, 0x39, 0x63, 0x63,
  0x73, 0x8c, 0x8c, 0x39, 0x63, 0x63, 0x73, 0x8c, 0x8c, 0x10, 0x39, 0x42,
  0x10, 0x39, 0x42, 0x10, 0x39, 0x42, 0x39, 0x63, 0x63, 0x10, 0x39, 0x42,
  0x39, 0x63, 0x63, 0x73, 0x8c, 0x8c, 0x39, 0x63, 0x63, 0x10, 0x39, 0x42,
  0x10, 0x39, 0x42, 0x39, 0x63, 0x63, 0x39, 0x63, 0x63, 0x10, 0x39, 0x42,
  0x10, 0x39, 0x42, 0x52, 0x9c, 0xf7, 0x52, 0x9c, 0xf7, 0x52, 0x9c, 0xf7,
  0x52, 0x9c, 0xf7, 0x52, 0x9c, 0xf7, 0x52, 0x9c, 0xf7, 0x52, 0x9c, 0xf7,
  0x52, 0x9c, 0xf7, 0x52, 0x9c, 0xf7, 0x52, 0x9c, 0xf7, 0x52, 0x9c, 0xf7,
  0x52, 0x9c, 0xf7, 0x52, 0x9c, 0xf7, 0x52, 0x9c, 0xf7, 0x52, 0x9c, 0xf7,
  0x52, 0x9c, 0xf7, 0x52, 0x9c, 0xf7, 0x52, 0x9c, 0xf7, 0x52, 0x9c, 0xf7,
  0x52, 0x9c, 0xf7, 0x52, 0x9c, 0xf7, 0x52, 0x9c, 0xf7, 0x52, 0x9c, 0xf7,
  0x52, 0x9c, 0xf7, 0x52, 0x9c, 0xf7, 0x52, 0x9c, 0xf7, 0x52, 0x9c, 0xf7,
  0x52, 0x9c, 0xf7, 0x52, 0x9c, 0xf7, 0x52, 0x9c, 0xf7, 0x52, 0x9c, 0xf7,
  0x52, 0x9c, 0xf7, 0x52, 0x9c, 0xf7, 0x52, 0x9c, 0xf7, 0x52, 0x9c, 0xf7,
  0x52, 0x9c, 0xf7, 0x52, 0x9c, 0xf7, 0x52, 0x9c, 0xf7, 0x52, 0x9c, 0xf7,
  0x52, 0x9c, 0xf7, 0x52, 0x9c, 0xf7, 0x52, 0x9c, 0xf7, 0x52, 0x9c, 0xf7,
  0x52, 0x9c, 0xf7, 0x52, 0x9c, 0xf7, 0x52, 0x9c, 0xf7, 0x52, 0x9c, 0xf7,
  0x52, 0x9c, 0xf7, 0x52, 0x9c, 0xf7, 0x52, 0x9c, 0xf7, 0x52, 0x9c, 0xf7,
  0x52, 0x9c, 0xf7, 0x52, 0x9c, 0xf7, 0x52, 0x9c, 0xf7, 0x52, 0x9c, 0xf7,
  0x52, 0x9c, 0xf7, 0x52, 0x9c, 0xf7, 0x52, 0x9c, 0xf7, 0x52, 0x9c, 0xf7,
  0x52, 0x9c, 0xf7, 0x52, 0x9c, 0xf7, 0x52, 0x9c, 0xf7, 0x52, 0x9c, 0xf7,
  0x52, 0x9c, 0xf7, 0x52, 0x9c, 0xf7, 0x52, 0x9c, 0xf7, 0x52, 0x9c, 0xf7,
  0x52, 0x9c, 0xf7, 0x52, 0x9c, 0xf7, 0x52, 0x9c, 0xf7, 0x52, 0x9c, 0xf7,
  0x52, 0x9c, 0xf7, 0x52, 0x9c, 0xf7, 0x52, 0x9c, 0xf7, 0x52, 0x9c, 0xf7,
  0x52, 0x9c, 0xf7, 0x52, 0x9c, 0xf7, 0x52, 0x9c, 0xf7, 0x52, 0x9c, 0xf7,
  0x52, 0x9c, 0xf7, 0x52, 0x9c, 0xf7, 0x52, 0x9c, 0xf7, 0x52, 0x9c, 0xf7,
  0x52, 0x9c, 0xf7, 0x52, 0x9c, 0xf7, 0x52, 0x9c, 0xf7, 0x52, 0x9c, 0xf7,
  0x52, 0x9c, 0xf7, 0x52, 0x9c, 0xf7, 0x52, 0x9c, 0xf7, 0x52, 0x9c, 0xf7,
  0x52, 0x9c, 0xf7, 0x52, 0x9c, 0xf7, 0x52, 0x9c, 0xf7, 0x52, 0x9c, 0xf7,
  0x52, 0x9c, 0xf7, 0x52, 0x9c, 0xf7, 0x52, 0x9c, 0xf7, 0x52, 0x9c, 0xf7,
  0x52, 0x9c, 0xf7, 0x73, 0x8c, 0x8c, 0x73, 0x8c, 0x8c, 0x73, 0x8c, 0x8c,
  0x39, 0x63, 0x63, 0x39, 0x63, 0x63, 0x10, 0x39, 0x42, 0x10, 0x39, 0x42,
  0x39, 0x63, 0x63, 0x10, 0x39, 0x42, 0x10, 0x39, 0x42, 0x10, 0x39, 0x42,
  0x52, 0x9c, 0xf7, 0x52, 0x9c, 0xf7, 0x52, 0x9c, 0xf7, 0x52, 0x9c, 0xf7,
  0x52, 0x9c, 0xf7, 0x52, 0x9c, 0xf7, 0x52, 0x9c, 0xf7, 0x52, 0x9c, 0xf7,
  0x52, 0x9c, 0xf7, 0x52, 0x9c, 0xf7, 0x52, 0x9c, 0xf7, 0x52, 0x9c, 0xf7,
  0x52, 0x9c, 0xf7, 0x52, 0x9c, 0xf7, 0x52, 0x9c, 0xf7, 0x52, 0x9c, 0xf7,
  0x10, 0x39, 0x42, 0x10, 0x39, 0x42, 0x10, 0x39, 0x42, 0x10, 0x39, 0x42,
  0x10, 0x39, 0x42, 0x10, 0x39, 0x42, 0x10, 0x39, 0x42, 0x10, 0x39, 0x42,
  0x10, 0x39, 0x42, 0x10, 0x39, 0x42, 0x10, 0x39, 0x42, 0x39, 0x63, 0x63,
  0x10, 0x39, 0x42, 0x10, 0x39, 0x42, 0x39, 0x63, 0x63, 0x10, 0x39, 0x42,
  0x52, 0x9c, 0xf7, 0x52, 0x9c, 0xf7, 0x52, 0x9c, 0xf7, 0x52, 0x9c, 0xf7,
  0x52, 0x9c, 0xf7, 0x10, 0x39, 0x42, 0x39, 0x63, 0x63, 0x73, 0x8c, 0x8c,
  0x73, 0x8c, 0x8c, 0x39, 0x63, 0x63, 0x73, 0x8c, 0x8c, 0x10, 0x39, 0x42,
  0x39, 0x63, 0x63, 0x10, 0x39, 0x42, 0x39, 0x63, 0x63, 0x10, 0x39, 0x42,
  0x10, 0x39, 0x42, 0x10, 0x39, 0x42, 0x52, 0x9c, 0xf7, 0x52, 0x9c, 0xf7,
  0x52, 0x9c, 0xf7, 0x52, 0x9c, 0xf7, 0x52, 0x9c, 0xf7, 0x52, 0x9c, 0xf7,
  0x52, 0x9c, 0xf7, 0x52, 0x9c, 0xf7, 0x52, 0x9c, 0xf7, 0x10, 0x39, 0x42,
  0x73, 0x8c, 0x8c, 0x73, 0x8c, 0x8c, 0x39, 0x63, 0x63, 0x10, 0x39, 0x42,
  0x10, 0x39, 0x42, 0x39, 0x63, 0x63, 0x39, 0x63, 0x63, 0x10, 0x39, 0x42,
  0x10, 0x39, 0x42, 0x39, 0x63, 0x63, 0x39, 0x63, 0x63, 0x10, 0x39, 0x42,
  0x39, 0x63, 0x63, 0x10, 0x39, 0x42, 0x10, 0x39, 0x42, 0x10, 0x39, 0x42,
  0x39, 0x63, 0x63, 0x10, 0x39, 0x42, 0x39, 0x63, 0x63, 0x39, 0x63, 0x63,
  0x10, 0x39, 0x42, 0x39, 0x63, 0x63, 0x39, 0x63, 0x63, 0x10, 0x39, 0x42,
  0x10, 0x39, 0x42, 0x10, 0x39, 0x42, 0x10, 0x39, 0x42, 0x52, 0x9c, 0xf7,
  0x52, 0x9c, 0xf7, 0x52, 0x9c, 0xf7, 0x52, 0x9c, 0xf7, 0x52, 0x9c, 0xf7,
  0x52, 0x9c, 0xf7, 0x10, 0x39, 0x42, 0x39, 0x63, 0x63, 0x73, 0x8c, 0x8c,
  0x39, 0x63, 0x63, 0x10, 0x39, 0x42, 0x10, 0x39, 0x42, 0x10, 0x39, 0x42,
  0x10, 0x39, 0x42, 0x10, 0x39, 0x42, 0x10, 0x39, 0x42, 0x10, 0x39, 0x42,
  0x10, 0x39, 0x42, 0x39, 0x63, 0x63, 0x10, 0x39, 0x42, 0x10, 0x39, 0x42,
  0x10, 0x39, 0x42, 0x10, 0x39, 0x42, 0x10, 0x39, 0x42, 0x10, 0x39, 0x42,
  0x10, 0x39, 0x42, 0x10, 0x39, 0x42, 0x52, 0x9c, 0xf7, 0x52, 0x9c, 0xf7,
  0x52, 0x9c, 0xf7, 0x10, 0x39, 0x42, 0x10, 0x39, 0x42, 0x73, 0x8c, 0x8c,
  0x10, 0x39, 0x42, 0x10, 0x39, 0x42, 0x52, 0x9c, 0xf7, 0x52, 0x9c, 0xf7,
  0x10, 0x39, 0x42, 0x10, 0x39, 0x42, 0x39, 0x63, 0x63, 0x73, 0x8c, 0x8c,
  0x39, 0x63, 0x63, 0x73, 0x8c, 0x8c, 0x39, 0x63, 0x63, 0x10, 0x39, 0x42,
  0x39, 0x63, 0x63, 0x39, 0x63, 0x63, 0x10, 0x39, 0x42, 0x10, 0x39, 0x42,
  0x73, 0x8c, 0x8c, 0x39, 0x63, 0x63, 0x39, 0x63, 0x63, 0x10, 0x39, 0x42,
  0x39, 0x63, 0x63, 0x10, 0x39, 0x42, 0x39, 0x63, 0x63, 0x10, 0x39, 0x42,
  0x10, 0x39, 0x42, 0x52, 0x9c, 0xf7, 0x52, 0x9c, 0xf7, 0x52, 0x9c, 0xf7,
  0x52, 0x9c, 0xf7, 0x52, 0x9c, 0xf7, 0x52, 0x9c, 0xf7, 0x52, 0x9c, 0xf7,
  0x52, 0x9c, 0xf7, 0x52, 0x9c, 0xf7, 0x52, 0x9c, 0xf7, 0x52, 0x9c, 0xf7,
  0x52, 0x9c, 0xf7, 0x52, 0x9c, 0xf7, 0x52, 0x9c, 0xf7, 0x52, 0x9c, 0xf7,
  0x52, 0x9c, 0xf7, 0x52, 0x9c, 0xf7, 0x52, 0x9c, 0xf7, 0x52, 0x9c, 0xf7,
  0x52, 0x9c, 0xf7, 0x52, 0x9c, 0xf7, 0x52, 0x9c, 0xf7, 0x52, 0x9c, 0xf7,
  0x52, 0x9c, 0xf7, 0x52, 0x9c, 0xf7, 0x52, 0x9c, 0xf7, 0x52, 0x9c, 0xf7,
  0x52, 0x9c, 0xf7, 0x52, 0x9c, 0xf7, 0x52, 0x9c, 0xf7, 0x52, 0x9c, 0xf7,
  0x52, 0x9c, 0xf7, 0x52, 0x9c, 0xf7, 0x52, 0x9c, 0xf7, 0x52, 0x9c, 0xf7,
  0x52, 0x9c, 0xf7, 0x52, 0x9c, 0xf7, 0x52, 0x9c, 0xf7, 0x52, 0x9c, 0xf7,
  0x52, 0x9c, 0xf7, 0x52, 0x9c, 0xf7, 0x52, 0x9c, 0xf7, 0x52, 0x9c, 0xf7,
  0x52, 0x9c, 0xf7, 0x52, 0x9c, 0xf7, 0x52, 0x9c, 0xf7, 0x52, 0x9c, 0xf7,
  0x52, 0x9c, 0xf7, 0x52, 0x9c, 0xf7, 0x52, 0x9c, 0xf7, 0x52, 0x9c, 0xf7,
  0x52, 0x9c, 0xf7, 0x52, 0x9c, 0xf7, 0x52, 0x9c, 0xf7, 0x52, 0x9c, 0xf7,
  0x52, 0x9c, 0xf7, 0x52, 0x9c, 0xf7, 0x52, 0x9c, 0xf7, 0x52, 0x9c, 0xf7,
  0x52, 0x9c, 0xf7, 0x52, 0x9c, 0xf7, 0x52, 0x9c, 0xf7, 0x52, 0x9c, 0xf7,
  0x52, 0x9c, 0xf7, 0x52, 0x9c, 0xf7, 0x52, 0x9c, 0xf7, 0x52, 0x9c, 0xf7,
  0x52, 0x9c, 0xf7, 0x52, 0x9c, 0xf7, 0x52, 0x9c, 0xf7, 0x52, 0x9c, 0xf7,
  0x52, 0x9c, 0xf7, 0x52, 0x9c, 0xf7, 0x52, 0x9c, 0xf7, 0x52, 0x9c, 0xf7,
  0x52, 0x9c, 0xf7, 0x52, 0x9c, 0xf7, 0x52, 0x9c, 0xf7, 0x52, 0x9c, 0xf7,
  0x52, 0x9c, 0xf7, 0x52, 0x9c, 0xf7, 0x52, 0x9c, 0xf7, 0x52, 0x9c, 0xf7,
  0x52, 0x9c, 0xf7, 0x52, 0x9c, 0xf7, 0x52, 0x9c, 0xf7, 0x52, 0x9c, 0xf7,
  0x52, 0x9c, 0xf7, 0x52, 0x9c, 0xf7, 0x52, 0x9c, 0xf7, 0x52, 0x9c, 0xf7,
  0x52, 0x9c, 0xf7, 0x73, 0x8c, 0x8c, 0x39, 0x63, 0x63, 0x10, 0x39, 0x42,
  0x10, 0x39, 0x42, 0x10, 0x39, 0x42, 0x10, 0x39, 0x42, 0x52, 0x9c, 0xf7,
  0x52, 0x9c, 0xf7, 0x73, 0x8c, 0x8c, 0x39, 0x63, 0x63, 0x73, 0x8c, 0x8c,
  0x39, 0x63, 0x63, 0x39, 0x63, 0x63, 0x10, 0x39, 0x42, 0x39, 0x63, 0x63,
  0x39, 0x63, 0x63, 0x39, 0x63, 0x63, 0x39, 0x63, 0x63, 0x10, 0x39, 0x42,
  0x10, 0x39, 0x42, 0x52, 0x9c, 0xf7, 0x52, 0x9c, 0xf7, 0x52, 0x9c, 0xf7,
  0x52, 0x9c, 0xf7, 0x52, 0x9c, 0xf7, 0x52, 0x9c, 0xf7, 0x52, 0x9c, 0xf7,
  0x52, 0x9c, 0xf7, 0x52, 0x9c, 0xf7, 0x52, 0x9c, 0xf7, 0x52, 0x9c, 0xf7,
  0x10, 0x39, 0x42, 0x10, 0x39, 0x42, 0x10, 0x39, 0x42, 0x10, 0x39, 0x42,
  0x73, 0x8c, 0x8c, 0x73, 0x8c, 0x8c, 0x73, 0x8c, 0x8c, 0x39, 0x63, 0x63,
  0x73, 0x8c, 0x8c, 0x73, 0x8c, 0x8c, 0x39, 0x63, 0x63, 0x73, 0x8c, 0x8c,
  0x39, 0x63, 0x63, 0x10, 0x39, 0x42, 0x10, 0x39, 0x42, 0x10, 0x39, 0x42,
  0x10, 0x39, 0x42, 0x39, 0x63, 0x63, 0x39, 0x63, 0x63, 0x39, 0x63, 0x63,
  0x10, 0x39, 0x42, 0x10, 0x39, 0x42, 0x52, 0x9c, 0xf7, 0x10, 0x39, 0x42,
  0x10, 0x39, 0x42, 0x73, 0x8c, 0x8c, 0x73, 0x8c, 0x8c, 0x39, 0x63, 0x63,
  0x39, 0x63, 0x63, 0x73, 0x8c, 0x8c, 0x39, 0x63, 0x63, 0x73, 0x8c, 0x8c,
  0x10, 0x39, 0x42, 0x10, 0x39, 0x42, 0x10, 0x39, 0x42, 0x39, 0x63, 0x63,
  0x10, 0x39, 0x42, 0x10, 0x39, 0x42, 0x52, 0x9c, 0xf7, 0x52, 0x9c, 0xf7,
  0x52, 0x9c, 0xf7, 0x52, 0x9c, 0xf7, 0x52, 0x9c, 0xf7, 0x52, 0x9c, 0xf7,
  0x52, 0x9c, 0xf7, 0x52, 0x9c, 0xf7, 0x52, 0x9c, 0xf7, 0x10, 0x39, 0x42,
  0x73, 0x8c, 0x8c, 0x39, 0x63, 0x63, 0x73, 0x8c, 0x8c, 0x10, 0x39, 0x42,
  0x10, 0x39, 0x42, 0x39, 0x63, 0x63, 0x39, 0x63, 0x63, 0x10, 0x39, 0x42,
  0x10, 0x39, 0x42, 0x10, 0x39, 0x42, 0x39, 0x63, 0x63, 0x39, 0x63, 0x63,
  0x39, 0x63, 0x63, 0x39, 0x63, 0x63, 0x10, 0x39, 0x42, 0x10, 0x39, 0x42,
  0x39, 0x63, 0x63, 0x39, 0x63, 0x63, 0x39, 0x63, 0x63, 0x10, 0x39, 0x42,
  0x10, 0x39, 0x42, 0x10, 0x39, 0x42, 0x39, 0x63, 0x63, 0x39, 0x63, 0x63,
  0x39, 0x63, 0x63, 0x10, 0x39, 0x42, 0x10, 0x39, 0x42, 0x52, 0x9c, 0xf7,
  0x52, 0x9c, 0xf7, 0x52, 0x9c, 0xf7, 0x52, 0x9c, 0xf7, 0x52, 0x9c, 0xf7,
  0x10, 0x39, 0x42, 0x10, 0x39, 0x42, 0x73, 0x8c, 0x8c, 0x73, 0x8c, 0x8c,
  0x39, 0x63, 0x63, 0x39, 0x63, 0x63, 0x10, 0x39, 0x42, 0x10, 0x39, 0x42,
  0x39, 0x63, 0x63, 0x73, 0x8c, 0x8c, 0x73, 0x8c, 0x8c, 0x39, 0x63, 0x63,
  0x10, 0x39, 0x42, 0x39, 0x63, 0x63, 0x39, 0x63, 0x63, 0x39, 0x63, 0x63,
  0x10, 0x39, 0x42, 0x10, 0x39, 0x42, 0x10, 0x39, 0x42, 0x39, 0x63, 0x63,
  0x10, 0x39, 0x42, 0x10, 0x39, 0x42, 0x10, 0x39, 0x42, 0x52, 0x9c, 0xf7,
  0x10, 0x39, 0x42, 0x10, 0x39, 0x42, 0x39, 0x63, 0x63, 0x39, 0x63, 0x63,
  0x10, 0x39, 0x42, 0x10, 0x39, 0x42, 0x10, 0x39, 0x42, 0x10, 0x39, 0x42,
  0x10, 0x39, 0x42, 0x10, 0x39, 0x42, 0x39, 0x63, 0x63, 0x39, 0x63, 0x63,
  0x73, 0x8c, 0x8c, 0x73, 0x8c, 0x8c, 0x39, 0x63, 0x63, 0x10, 0x39, 0x42,
  0x10, 0x39, 0x42, 0x10, 0x39, 0x42, 0x10, 0x39, 0x42, 0x39, 0x63, 0x63,
  0x39, 0x63, 0x63, 0x73, 0x8c, 0x8c, 0x39, 0x63, 0x63, 0x10, 0x39, 0x42,
  0x39, 0x63, 0x63, 0x10, 0x39, 0x42, 0x10, 0x39, 0x42, 0x39, 0x63, 0x63,
  0x10, 0x39, 0x42, 0x52, 0x9c, 0xf7, 0x52, 0x9c, 0xf7, 0x52, 0x9c, 0xf7,
  0x52, 0x9c, 0xf7, 0x52, 0x9c, 0xf7, 0x52, 0x9c, 0xf7, 0x52, 0x9c, 0xf7,
  0x52, 0x9c, 0xf7, 0x52, 0x9c, 0xf7, 0x52, 0x9c, 0xf7, 0x52, 0x9c, 0xf7,
  0x52, 0x9c, 0xf7, 0x52, 0x9c, 0xf7, 0x52, 0x9c, 0xf7, 0x52, 0x9c, 0xf7,
  0x52, 0x9c, 0xf7, 0x52, 0x9c, 0xf7, 0x52, 0x9c, 0xf7, 0x52, 0x9c, 0xf7,
  0x52, 0x9c, 0xf7, 0x52, 0x9c, 0xf7, 0x52, 0x9c, 0xf7, 0x52, 0x9c, 0xf7,
  0x52, 0x9c, 0xf7, 0x52, 0x9c, 0xf7, 0x52, 0x9c, 0xf7, 0x52, 0x9c, 0xf7,
  0x52, 0x9c, 0xf7, 0x52, 0x9c, 0xf7, 0x52, 0x9c, 0xf7, 0x52, 0x9c, 0xf7,
  0x52, 0x9c, 0xf7, 0x52, 0x9c, 0xf7, 0x52, 0x9c, 0xf7, 0x52, 0x9c, 0xf7,
  0x52, 0x9c, 0xf7, 0x52, 0x9c, 0xf7, 0x52, 0x9c, 0xf7, 0x52, 0x9c, 0xf7,
  0x52, 0x9c, 0xf7, 0x52, 0x9c, 0xf7, 0x52, 0x9c, 0xf7, 0x52, 0x9c, 0xf7,
  0x52, 0x9c, 0xf7, 0x52, 0x9c, 0xf7, 0x52, 0x9c, 0xf7, 0x52, 0x9c, 0xf7,
  0x52, 0x9c, 0xf7, 0x52, 0x9c, 0xf7, 0x52, 0x9c, 0xf7, 0x52, 0x9c, 0xf7,
  0x52, 0x9c, 0xf7, 0x52, 0x9c, 0xf7, 0x52, 0x9c, 0xf7, 0x52, 0x9c, 0xf7,
  0x52, 0x9c, 0xf7, 0x52, 0x9c, 0xf7, 0x52, 0x9c, 0xf7, 0x52, 0x9c, 0xf7,
  0x52, 0x9c, 0xf7, 0x52, 0x9c, 0xf7, 0x52, 0x9c, 0xf7, 0x52, 0x9c, 0xf7,
  0x52, 0x9c, 0xf7, 0x52, 0x9c, 0xf7, 0x52, 0x9c, 0xf7, 0x52, 0x9c, 0xf7,
  0x52, 0x9c, 0xf7, 0x52, 0x9c, 0xf7, 0x52, 0x9c, 0xf7, 0x52, 0x9c, 0xf7,
  0x52, 0x9c, 0xf7, 0x52, 0x9c, 0xf7, 0x52, 0x9c, 0xf7, 0x52, 0x9c, 0xf7,
  0x52, 0x9c, 0xf7, 0x52, 0x9c, 0xf7, 0x52, 0x9c, 0xf7, 0x52, 0x9c, 0xf7,
  0x52, 0x9c, 0xf7, 0x52, 0x9c, 0xf7, 0x52, 0x9c, 0xf7, 0x52, 0x9c, 0xf7,
  0x52, 0x9c, 0xf7, 0x39, 0x63, 0x63, 0x73, 0x8c, 0x8c, 0x39, 0x63, 0x63,
  0x10, 0x39, 0x42, 0x10, 0x39, 0x42, 0x52, 0x9c, 0xf7, 0x52, 0x9c, 0xf7,
  0x73, 0x8c, 0x8c, 0x73, 0x8c, 0x8c, 0x73, 0x8c, 0x8c, 0x10, 0x39, 0x42,
  0x10, 0x39, 0x42, 0x10, 0x39, 0x42, 0x10, 0x39, 0x42, 0x10, 0x39, 0x42,
  0x52, 0x9c, 0xf7, 0x39, 0x63, 0x63, 0x39, 0x63, 0x63, 0x39, 0x63, 0x63,
  0x73, 0x8c, 0x8c, 0x39, 0x63, 0x63, 0x10, 0x39, 0x42, 0x10, 0x39, 0x42,
  0x39, 0x63, 0x63, 0x10, 0x39, 0x42, 0x10, 0x39, 0x42, 0x10, 0x39, 0x42,
  0x10, 0x39, 0x42, 0x10, 0x39, 0x42, 0x10, 0x39, 0x42, 0x10, 0x39, 0x42,
  0x10, 0x39, 0x42, 0x52, 0x9c, 0xf7, 0x52, 0x9c, 0xf7, 0x52, 0x9c, 0xf7,
  0x10, 0x39, 0x42, 0x10, 0x39, 0x42, 0x10, 0x39, 0x42, 0x10, 0x39, 0x42,
  0x39, 0x63, 0x63, 0x10, 0x39, 0x42, 0x10, 0x39, 0x42, 0x39, 0x63, 0x63,
  0x10, 0x39, 0x42, 0x73, 0x8c, 0x8c, 0x39, 0x63, 0x63, 0x73, 0x8c, 0x8c,
  0x39, 0x63, 0x63, 0x73, 0x8c, 0x8c, 0x39, 0x63, 0x63, 0x39, 0x63, 0x63,
  0x39, 0x63, 0x63, 0x39, 0x63, 0x63, 0x39, 0x63, 0x63, 0x10, 0x39, 0x42,
  0x10, 0x39, 0x42, 0x10, 0x39, 0x42, 0x10, 0x39, 0x42, 0x10, 0x39, 0x42,
  0x39, 0x63, 0x63, 0x39, 0x63, 0x63, 0x10, 0x39, 0x42, 0x10, 0x39, 0x42,
  0x39, 0x63, 0x63, 0x73, 0x8c, 0x8c, 0x73, 0x8c, 0x8c, 0x73, 0x8c, 0x8c,
  0x73, 0x8c, 0x8c, 0x39, 0x63, 0x63, 0x73, 0x8c, 0x8c, 0x39, 0x63, 0x63,
  0x39, 0x63, 0x63, 0x10, 0x39, 0x42, 0x39, 0x63, 0x63, 0x10, 0x39, 0x42,
  0x10, 0x39, 0x42, 0x10, 0x39, 0x42, 0x10, 0x39, 0x42, 0x10, 0x39, 0x42,
  0x52, 0x9c, 0xf7, 0x52, 0x9c, 0xf7, 0x52, 0x9c, 0xf7, 0x52, 0x9c, 0xf7,
  0x52, 0x9c, 0xf7, 0x52, 0x9c, 0xf7, 0x10, 0x39, 0x42, 0x39, 0x63, 0x63,
  0x39, 0x63, 0x63, 0x73, 0x8c, 0x8c, 0x39, 0x63, 0x63, 0x39, 0x63, 0x63,
  0x10, 0x39, 0x42, 0x39, 0x63, 0x63, 0x10, 0x39, 0x42, 0x10, 0x39, 0x42,
  0x39, 0x63, 0x63, 0x39, 0x63, 0x63, 0x39, 0x63, 0x63, 0x39, 0x63, 0x63,
  0x39, 0x63, 0x63, 0x10, 0x39, 0x42, 0x39, 0x63, 0x63, 0x39, 0x63, 0x63,
  0x39, 0x63, 0x63, 0x10, 0x39, 0x42, 0x39, 0x63, 0x63, 0x10, 0x39, 0x42,
  0x39, 0x63, 0x63, 0x39, 0x63, 0x63, 0x39, 0x63, 0x63, 0x10, 0x39, 0x42,
  0x39, 0x63, 0x63, 0x39, 0x63, 0x63, 0x10, 0x39, 0x42, 0x10, 0x39, 0x42,
  0x10, 0x39, 0x42, 0x10, 0x39, 0x42, 0x52, 0x9c, 0xf7, 0x52, 0x9c, 0xf7,
  0x10, 0x39, 0x42, 0x10, 0x39, 0x42, 0x39, 0x63, 0x63, 0x73, 0x8c, 0x8c,
  0x10, 0x39, 0x42, 0x39, 0x63, 0x63, 0x10, 0x39, 0x42, 0x10, 0x39, 0x42,
  0x73, 0x8c, 0x8c, 0x39, 0x63, 0x63, 0x10, 0x39, 0x42, 0x10, 0x39, 0x42,
  0x39, 0x63, 0x63, 0x10, 0x39, 0x42, 0x10, 0x39, 0x42, 0x10, 0x39, 0x42,
  0x10, 0x39, 0x42, 0x10, 0x39, 0x42, 0x39, 0x63, 0x63, 0x10, 0x39, 0x42,
  0x39, 0x63, 0x63, 0x10, 0x39, 0x42, 0x10, 0x39, 0x42, 0x10, 0x39, 0x42,
  0x10, 0x39, 0x42, 0x73, 0x8c, 0x8c, 0x39, 0x63, 0x63, 0x10, 0x39, 0x42,
  0x10, 0x39, 0x42, 0x10, 0x39, 0x42, 0x10, 0x39, 0x42, 0x39, 0x63, 0x63,
  0x10, 0x39, 0x42, 0x39, 0x63, 0x63, 0x73, 0x8c, 0x8c, 0x73, 0x8c, 0x8c,
  0x39, 0x63, 0x63, 0x73, 0x8c, 0x8c, 0x73, 0x8c, 0x8c, 0x73, 0x8c, 0x8c,
  0x10, 0x39, 0x42, 0x10, 0x39, 0x42, 0x39, 0x63, 0x63, 0x10, 0x39, 0x42,
  0x39, 0x63, 0x63, 0x73, 0x8c, 0x8c, 0x39, 0x63, 0x63, 0x10, 0x39, 0x42,
  0x10, 0x39, 0x42, 0x39, 0x63, 0x63, 0x10, 0x39, 0x42, 0x39, 0x63, 0x63,
  0x10, 0x39, 0x42, 0x10, 0x39, 0x42, 0x52, 0x9c, 0xf7, 0x52, 0x9c, 0xf7,
  0x52, 0x9c, 0xf7, 0x52, 0x9c, 0xf7, 0x52, 0x9c, 0xf7, 0x52, 0x9c, 0xf7,
  0x52, 0x9c, 0xf7, 0x52, 0x9c, 0xf7, 0x52, 0x9c, 0xf7, 0x52, 0x9c, 0xf7,
  0x52, 0x9c, 0xf7, 0x52, 0x9c, 0xf7, 0x52, 0x9c, 0xf7, 0x52, 0x9c, 0xf7,
  0x52, 0x9c, 0xf7, 0x52, 0x9c, 0xf7, 0x52, 0x9c, 0xf7, 0x52, 0x9c, 0xf7,
  0x52, 0x9c, 0xf7, 0x52, 0x9c, 0xf7, 0x52, 0x9c, 0xf7, 0x52, 0x9c, 0xf7,
  0x52, 0x9c, 0xf7, 0x52, 0x9c, 0xf7, 0x52, 0x9c, 0xf7, 0x52, 0x9c, 0xf7,
  0x52, 0x9c, 0xf7, 0x52, 0x9c, 0xf7, 0x52, 0x9c, 0xf7, 0x52, 0x9c, 0xf7,
  0x52, 0x9c, 0xf7, 0x52, 0x9c, 0xf7, 0x52, 0x9c, 0xf7, 0x52, 0x9c, 0xf7,
  0x52, 0x9c, 0xf7, 0x52, 0x9c, 0xf7, 0x52, 0x9c, 0xf7, 0x52, 0x9c, 0xf7,
  0x52, 0x9c, 0xf7, 0x52, 0x9c, 0xf7, 0x52, 0x9c, 0xf7, 0x52, 0x9c, 0xf7,
  0x52, 0x9c, 0xf7, 0x52, 0x9c, 0xf7, 0x52, 0x9c, 0xf7, 0x52, 0x9c, 0xf7,
  0x52, 0x9c, 0xf7, 0x52, 0x9c, 0xf7, 0x52, 0x9c, 0xf7, 0x52, 0x9c, 0xf7,
  0x52, 0x9c, 0xf7, 0x52, 0x9c, 0xf7, 0x52, 0x9c, 0xf7, 0x52, 0x9c, 0xf7,
  0x52, 0x9c, 0xf7, 0x52, 0x9c, 0xf7, 0x52, 0x9c, 0xf7, 0x52, 0x9c, 0xf7,
  0x52, 0x9c, 0xf7, 0x52, 0x9c, 0xf7, 0x52, 0x9c, 0xf7, 0x52, 0x9c, 0xf7,
  0x52, 0x9c, 0xf7, 0x52, 0x9c, 0xf7, 0x52, 0x9c, 0xf7, 0x52, 0x9c, 0xf7,
  0x52, 0x9c, 0xf7, 0x52, 0x9c, 0xf7, 0x52, 0x9c, 0xf7, 0x52, 0x9c, 0xf7,
  0x52, 0x9c, 0xf7, 0x52, 0x9c, 0xf7, 0x52, 0x9c, 0xf7, 0x52, 0x9c, 0xf7,
  0x52, 0x9c, 0xf7, 0x52, 0x9c, 0xf7, 0x52, 0x9c, 0xf7, 0x52, 0x9c, 0xf7,
  0x52, 0x9c, 0xf7, 0x52, 0x9c, 0xf7, 0x52, 0x9c, 0xf7, 0x52, 0x9c, 0xf7,
  0x39, 0x63, 0x63, 0x73, 0x8c, 0x8c, 0x73, 0x8c, 0x8c, 0x73, 0x8c, 0x8c,
  0x10, 0x39, 0x42, 0x10, 0x39, 0x42, 0x10, 0x39, 0x42, 0x52, 0x9c, 0xf7,
  0x73, 0x8c, 0x8c, 0x39, 0x63, 0x63, 0x39, 0x63, 0x63, 0x39, 0x63, 0x63,
  0x10, 0x39, 0x42, 0x10, 0x39, 0x42, 0x10, 0x39, 0x42, 0x10, 0x39, 0x42,
  0x10, 0x39, 0x42, 0x73, 0x8c, 0x8c, 0x73, 0x8c, 0x8c, 0x39, 0x63, 0x63,
  0x39, 0x63, 0x63, 0x39, 0x63, 0x63, 0x39, 0x63, 0x63, 0x10, 0x39, 0x42,
  0x10, 0x39, 0x42, 0x39, 0x63, 0x63, 0x10, 0x39, 0x42, 0x10, 0x39, 0x42,
  0x39, 0x63, 0x63, 0x10, 0x39, 0x42, 0x39, 0x63, 0x63, 0x39, 0x63, 0x63,
  0x10, 0x39, 0x42, 0x10, 0x39, 0x42, 0x10, 0x39, 0x42, 0x10, 0x39, 0x42,
  0x10, 0x39, 0x42, 0x10, 0x39, 0x42, 0x10, 0x39, 0x42, 0x39, 0x63, 0x63,
  0x39, 0x63, 0x63, 0x10, 0x39, 0x42, 0x39, 0x63, 0x63, 0x39, 0x63, 0x63,
  0x10, 0x39, 0x42, 0x73, 0x8c, 0x8c, 0x73, 0x8c, 0x8c, 0x39, 0x63, 0x63,
  0x73, 0x8c, 0x8c, 0x73, 0x8c, 0x8c, 0x73, 0x8c, 0x8c, 0x39, 0x63, 0x63,
  0x39, 0x63, 0x63, 0x10, 0x39, 0x42, 0x39, 0x63, 0x63, 0x10, 0x39, 0x42,
  0x10, 0x39, 0x42, 0x39, 0x63, 0x63, 0x10, 0x39, 0x42, 0x10, 0x39, 0x42,
  0x10, 0x39, 0x42, 0x10, 0x39, 0x42, 0x39, 0x63, 0x63, 0x10, 0x39, 0x42,
  0x10, 0x39, 0x42, 0x73, 0x8c, 0x8c, 0x73, 0x8c, 0x8c, 0x39, 0x63, 0x63,
  0x39, 0x63, 0x63, 0x73, 0x8c, 0x8c, 0x73, 0x8c, 0x8c, 0x73, 0x8c, 0x8c,
  0x73, 0x8c, 0x8c, 0x39, 0x63, 0x63, 0x10, 0x39, 0x42, 0x39, 0x63, 0x63,
  0x10, 0x39, 0x42, 0x39, 0x63, 0x63, 0x10, 0x39, 0x42, 0x10, 0x39, 0x42,
  0x52, 0x9c, 0xf7, 0x52, 0x9c, 0xf7, 0x52, 0x9c, 0xf7, 0x52, 0x9c, 0xf7,
  0x52, 0x9c, 0xf7, 0x52, 0x9c, 0xf7, 0x10, 0x39, 0x42, 0x73, 0x8c, 0x8c,
  0x73, 0x8c, 0x8c, 0x39, 0x63, 0x63, 0x39, 0x63, 0x63, 0x73, 0x8c, 0x8c,
  0x10, 0x39, 0x42, 0x39, 0x63, 0x63, 0x39, 0x63, 0x63, 0x39, 0x63, 0x63,
  0x10, 0x39, 0x42, 0x10, 0x39, 0x42, 0x39, 0x63, 0x63, 0x39, 0x63, 0x63,
  0x10, 0x39, 0x42, 0x10, 0x39, 0x42, 0x39, 0x63, 0x63, 0x10, 0x39, 0x42,
  0x39, 0x63, 0x63, 0x39, 0x63, 0x63, 0x10, 0x39, 0x42, 0x10, 0x39, 0x42,
  0x39, 0x63, 0x63, 0x10, 0x39, 0x42, 0x39, 0x63, 0x63, 0x39, 0x63, 0x63,
  0x39, 0x63, 0x63, 0x39, 0x63, 0x63, 0x10, 0x39, 0x42, 0x39, 0x63, 0x63,
  0x10, 0x39, 0x42, 0x10, 0x39, 0x42, 0x10, 0x39, 0x42, 0x52, 0x9c, 0xf7,
  0x10, 0x39, 0x42, 0x10, 0x39, 0x42, 0x73, 0x8c, 0x8c, 0x39, 0x63, 0x63,
  0x73, 0x8c, 0x8c, 0x10, 0x39, 0x42, 0x39, 0x63, 0x63, 0x10, 0x39, 0x42,
  0x73, 0x8c, 0x8c, 0x73, 0x8c, 0x8c, 0x10, 0x39, 0x42, 0x10, 0x39, 0x42,
  0x10, 0x39, 0x42, 0x10, 0x39, 0x42, 0x10, 0x39, 0x42, 0x10, 0x39, 0x42,
  0x10, 0x39, 0x42, 0x10, 0x39, 0x42, 0x10, 0x39, 0x42, 0x10, 0x39, 0x42,
  0x39, 0x63, 0x63, 0x10, 0x39, 0x42, 0x10, 0x39, 0x42, 0x10, 0x39, 0x42,
  0x39, 0x63, 0x63, 0x73, 0x8c, 0x8c, 0x73, 0x8c, 0x8c, 0x39, 0x63, 0x63,
  0x10, 0x39, 0x42, 0x39, 0x63, 0x63, 0x10, 0x39, 0x42, 0x10, 0x39, 0x42,
  0x10, 0x39, 0x42, 0x73, 0x8c, 0x8c, 0x39, 0x63, 0x63, 0x73, 0x8c, 0x8c,
  0x39, 0x63, 0x63, 0x39, 0x63, 0x63, 0x73, 0x8c, 0x8c, 0x39, 0x63, 0x63,
  0x10, 0x39, 0x42, 0x10, 0x39, 0x42, 0x39, 0x63, 0x63, 0x10, 0x39, 0x42,
  0x73, 0x8c, 0x8c, 0x39, 0x63, 0x63, 0x39, 0x63, 0x63, 0x10, 0x39, 0x42,
  0x10, 0x39, 0x42, 0x39, 0x63, 0x63, 0x10, 0x39, 0x42, 0x10, 0x39, 0x42,
  0x10, 0x39, 0x42, 0x10, 0x39, 0x42, 0x52, 0x9c, 0xf7, 0x52, 0x9c, 0xf7,
  0x52, 0x9c, 0xf7, 0x52, 0x9c, 0xf7, 0x52, 0x9c, 0xf7, 0x52, 0x9c, 0xf7,
  0x52, 0x9c, 0xf7, 0x52, 0x9c, 0xf7, 0x52, 0x9c, 0xf7, 0x52, 0x9c, 0xf7,
  0x52, 0x9c, 0xf7, 0x52, 0x9c, 0xf7, 0x52, 0x9c, 0xf7, 0x52, 0x9c, 0xf7,
  0x52, 0x9c, 0xf7, 0x52, 0x9c, 0xf7, 0x52, 0x9c, 0xf7, 0x52, 0x9c, 0xf7,
  0x52, 0x9c, 0xf7, 0x52, 0x9c, 0xf7, 0x52, 0x9c, 0xf7, 0x52, 0x9c, 0xf7,
  0x52, 0x9c, 0xf7, 0x52, 0x9c, 0xf7, 0x52, 0x9c, 0xf7, 0x52, 0x9c, 0xf7,
  0x52, 0x9c, 0xf7, 0x52, 0x9c, 0xf7, 0x52, 0x9c, 0xf7, 0x52, 0x9c, 0xf7,
  0x52, 0x9c, 0xf7, 0x52, 0x9c, 0xf7, 0x52, 0x9c, 0xf7, 0x52, 0x9c, 0xf7,
  0x52, 0x9c, 0xf7, 0x52, 0x9c, 0xf7, 0x52, 0x9c, 0xf7, 0x52, 0x9c, 0xf7,
  0x52, 0x9c, 0xf7, 0x52, 0x9c, 0xf7, 0x52, 0x9c, 0xf7, 0x52, 0x9c, 0xf7,
  0x52, 0x9c, 0xf7, 0x52, 0x9c, 0xf7, 0x52, 0x9c, 0xf7, 0x52, 0x9c, 0xf7,
  0x52, 0x9c, 0xf7, 0x52, 0x9c, 0xf7, 0x52, 0x9c, 0xf7, 0x52, 0x9c, 0xf7,
  0x52, 0x9c, 0xf7, 0x52, 0x9c, 0xf7, 0x52, 0x9c, 0xf7, 0x52, 0x9c, 0xf7,
  0x52, 0x9c, 0xf7, 0x52, 0x9c, 0xf7, 0x52, 0x9c, 0xf7, 0x52, 0x9c, 0xf7,
  0x52, 0x9c, 0xf7, 0x52, 0x9c, 0xf7, 0x52, 0x9c, 0xf7, 0x52, 0x9c, 0xf7,
  0x52, 0x9c, 0xf7, 0x52, 0x9c, 0xf7, 0x52, 0x9c, 0xf7, 0x52, 0x9c, 0xf7,
  0x52, 0x9c, 0xf7, 0x52, 0x9c, 0xf7, 0x52, 0x9c, 0xf7, 0x52, 0x9c, 0xf7,
  0x52, 0x9c, 0xf7, 0x52, 0x9c, 0xf7, 0x52, 0x9c, 0xf7, 0x52, 0x9c, 0xf7,
  0x52, 0x9c, 0xf7, 0x52, 0x9c, 0xf7, 0x52, 0x9c, 0xf7, 0x52, 0x9c, 0xf7,
  0x52, 0x9c, 0xf7, 0x52, 0x9c, 0xf7, 0x52, 0x9c, 0xf7, 0x39, 0x63, 0x63,
  0x39, 0x63, 0x63, 0x73, 0x8c, 0x8c, 0x73, 0x8c, 0x8c, 0x39, 0x63, 0x63,
  0x10, 0x39, 0x42, 0x10, 0x39, 0x42, 0x39, 0x63, 0x63, 0x10, 0x39, 0x42,
  0x73, 0x8c, 0x8c, 0x39, 0x63, 0x63, 0x73, 0x8c, 0x8c, 0x39, 0x63, 0x63,
  0x39, 0x63, 0x63, 0x10, 0x39, 0x42, 0x10, 0x39, 0x42, 0x39, 0x63, 0x63,
  0x10, 0x39, 0x42, 0x39, 0x63, 0x63, 0x39, 0x63, 0x63, 0x39, 0x63, 0x63,
  0x73, 0x8c, 0x8c, 0x73, 0x8c, 0x8c, 0x10, 0x39, 0x42, 0x10, 0x39, 0x42,
  0x10, 0x39, 0x42, 0x10, 0x39, 0x42, 0x39, 0x63, 0x63, 0x10, 0x39, 0x42,
  0x10, 0x39, 0x42, 0x10, 0x39, 0x42, 0x73, 0x8c, 0x8c, 0x73, 0x8c, 0x8c,
  0x39, 0x63, 0x63, 0x73, 0x8c, 0x8c, 0x39, 0x63, 0x63, 0x10, 0x39, 0x42,
  0x10, 0x39, 0x42, 0x39, 0x63, 0x63, 0x10, 0x39, 0x42, 0x39, 0x63, 0x63,
  0x10, 0x39, 0x42, 0x10, 0x39, 0x42, 0x39, 0x63, 0x63, 0x39, 0x63, 0x63,
  0x10, 0x39, 0x42, 0x10, 0x39, 0x42, 0x73, 0x8c, 0x8c, 0x73, 0x8c, 0x8c,
  0x39, 0x63, 0x63, 0x73, 0x8c, 0x8c, 0x39, 0x63, 0x63, 0x73, 0x8c, 0x8c,
  0x39, 0x63, 0x63, 0x10, 0x39, 0x42, 0x39, 0x63, 0x63, 0x10, 0x39, 0x42,
  0x10, 0x39, 0x42, 0x39, 0x63, 0x63, 0x39, 0x63, 0x63, 0x10, 0x39, 0x42,
  0x10, 0x39, 0x42, 0x10, 0x39, 0x42, 0x39, 0x63, 0x63, 0x10, 0x39, 0x42,
  0x39, 0x63, 0x63, 0x73, 0x8c, 0x8c, 0x39, 0x63, 0x63, 0x73, 0x8c, 0x8c,
  0x73, 0x8c, 0x8c, 0x39, 0x63, 0x63, 0x73, 0x8c, 0x8c, 0x39, 0x63, 0x63,
  0x39, 0x63, 0x63, 0x10, 0x39, 0x42, 0x39, 0x63, 0x63, 0x10, 0x39, 0x42,
  0x39, 0x63, 0x63, 0x10, 0x39, 0x42, 0x39, 0x63, 0x63, 0x10, 0x39, 0x42,
  0x10, 0x39, 0x42, 0x52, 0x9c, 0xf7, 0x52, 0x9c, 0xf7, 0x52, 0x9c, 0xf7,
  0x52, 0x9c, 0xf7, 0x10, 0x39, 0x42, 0x39, 0x63, 0x63, 0x73, 0x8c, 0x8c,
  0x39, 0x63, 0x63, 0x73, 0x8c, 0x8c, 0x73, 0x8c, 0x8c, 0x73, 0x8c, 0x8c,
  0x39, 0x63, 0x63, 0x10, 0x39, 0x42, 0x39, 0x63, 0x63, 0x10, 0x39, 0x42,
  0x39, 0x63, 0x63, 0x10, 0x39, 0x42, 0x10, 0x39, 0x42, 0x39, 0x63, 0x63,
  0x39, 0x63, 0x63, 0x10, 0x39, 0x42, 0x10, 0x39, 0x42, 0x10, 0x39, 0x42,
  0x10, 0x39, 0x42, 0x10, 0x39, 0x42, 0x39, 0x63, 0x63, 0x10, 0x39, 0x42,
  0x10, 0x39, 0x42, 0x10, 0x39, 0x42, 0x39, 0x63, 0x63, 0x10, 0x39, 0x42,
  0x10, 0x39, 0x42, 0x39, 0x63, 0x63, 0x39, 0x63, 0x63, 0x10, 0x39, 0x42,
  0x39, 0x63, 0x63, 0x39, 0x63, 0x63, 0x10, 0x39, 0x42, 0x10, 0x39, 0x42,
  0x10, 0x39, 0x42, 0x10, 0x39, 0x42, 0x39, 0x63, 0x63, 0x73, 0x8c, 0x8c,
  0x10, 0x39, 0x42, 0x10, 0x39, 0x42, 0x39, 0x63, 0x63, 0x10, 0x39, 0x42,
  0x73, 0x8c, 0x8c, 0x39, 0x63, 0x63, 0x39, 0x63, 0x63, 0x39, 0x63, 0x63,
  0x10, 0x39, 0x42, 0x10, 0x39, 0x42, 0x10, 0x39, 0x42, 0x39, 0x63, 0x63,
  0x39, 0x63, 0x63, 0x10, 0x39, 0x42, 0x39, 0x63, 0x63, 0x10, 0x39, 0x42,
  0x10, 0x39, 0x42, 0x10, 0x39, 0x42, 0x10, 0x39, 0x42, 0x10, 0x39, 0x42,
  0x39, 0x63, 0x63, 0x73, 0x8c, 0x8c, 0x73, 0x8c, 0x8c, 0x39, 0x63, 0x63,
  0x10, 0x39, 0x42, 0x10, 0x39, 0x42, 0x10, 0x39, 0x42, 0x10, 0x39, 0x42,
  0x10, 0x39, 0x42, 0x10, 0x39, 0x42, 0x73, 0x8c, 0x8c, 0x73, 0x8c, 0x8c,
  0x73, 0x8c, 0x8c, 0x73, 0x8c, 0x8c, 0x39, 0x63, 0x63, 0x10, 0x39, 0x42,
  0x10, 0x39, 0x42, 0x39, 0x63, 0x63, 0x10, 0x39, 0x42, 0x39, 0x63, 0x63,
  0x39, 0x63, 0x63, 0x73, 0x8c, 0x8c, 0x10, 0x39, 0x42, 0x39, 0x63, 0x63,
  0x10, 0x39, 0x42, 0x10, 0x39, 0x42, 0x39, 0x63, 0x63, 0x10, 0x39, 0x42,
  0x10, 0x39, 0x42, 0x10, 0x39, 0x42, 0x52, 0x9c, 0xf7, 0x52, 0x9c, 0xf7,
  0x52, 0x9c, 0xf7, 0x52, 0x9c, 0xf7, 0x52, 0x9c, 0xf7, 0x52, 0x9c, 0xf7,
  0x52, 0x9c, 0xf7, 0x52, 0x9c, 0xf7, 0x52, 0x9c, 0xf7, 0x52, 0x9c, 0xf7,
  0x52, 0x9c, 0xf7, 0x52, 0x9c, 0xf7, 0x52, 0x9c, 0xf7, 0x52, 0x9c, 0xf7,
  0x52, 0x9c, 0xf7, 0x52, 0x9c, 0xf7, 0x52, 0x9c, 0xf7, 0x52, 0x9c, 0xf7,
  0x52, 0x9c, 0xf7, 0x52, 0x9c, 0xf7, 0x52, 0x9c, 0xf7, 0x52, 0x9c, 0xf7,
  0x52, 0x9c, 0xf7, 0x52, 0x9c, 0xf7, 0x52, 0x9c, 0xf7, 0x52, 0x9c, 0xf7,
  0x52, 0x9c, 0xf7, 0x52, 0x9c, 0xf7, 0x52, 0x9c, 0xf7, 0x52, 0x9c, 0xf7,
  0x52, 0x9c, 0xf7, 0x52, 0x9c, 0xf7, 0x52, 0x9c, 0xf7, 0x52, 0x9c, 0xf7,
  0x52, 0x9c, 0xf7, 0x52, 0x9c, 0xf7, 0x52, 0x9c, 0xf7, 0x52, 0x9c, 0xf7,
  0x52, 0x9c, 0xf7, 0x52, 0x9c, 0xf7, 0x52, 0x9c, 0xf7, 0x52, 0x9c, 0xf7,
  0x52, 0x9c, 0xf7, 0x52, 0x9c, 0xf7, 0x52, 0x9c, 0xf7, 0x52, 0x9c, 0xf7,
  0x52, 0x9c, 0xf7, 0x52, 0x9c, 0xf7, 0x52, 0x9c, 0xf7, 0x52, 0x9c, 0xf7,
  0x52, 0x9c, 0xf7, 0x52, 0x9c, 0xf7, 0x52, 0x9c, 0xf7, 0x52, 0x9c, 0xf7,
  0x52, 0x9c, 0xf7, 0x52, 0x9c, 0xf7, 0x52, 0x9c, 0xf7, 0x52, 0x9c, 0xf7,
  0x52, 0x9c, 0xf7, 0x52, 0x9c, 0xf7, 0x52, 0x9c, 0xf7, 0x52, 0x9c, 0xf7,
  0x52, 0x9c, 0xf7, 0x52, 0x9c, 0xf7, 0x52, 0x9c, 0xf7, 0x52, 0x9c, 0xf7,
  0x52, 0x9c, 0xf7, 0x52, 0x9c, 0xf7, 0x52, 0x9c, 0xf7, 0x52, 0x9c, 0xf7,
  0x52, 0x9c, 0xf7, 0x52, 0x9c, 0xf7, 0x52, 0x9c, 0xf7, 0x52, 0x9c, 0xf7,
  0x52, 0x9c, 0xf7, 0x52, 0x9c, 0xf7, 0x52, 0x9c, 0xf7, 0x52, 0x9c, 0xf7,
  0x52, 0x9c, 0xf7, 0x52, 0x9c, 0xf7, 0x52, 0x9c, 0xf7, 0x73, 0x8c, 0x8c,
  0x73, 0x8c, 0x8c, 0x39, 0x63, 0x63, 0x73, 0x8c, 0x8c, 0x39, 0x63, 0x63,
  0x73, 0x8c, 0x8c, 0x10, 0x39, 0x42, 0x10, 0x39, 0x42, 0x10, 0x39, 0x42,
  0x73, 0x8c, 0x8c, 0x73, 0x8c, 0x8c, 0x73, 0x8c, 0x8c, 0x10, 0x39, 0x42,
  0x10, 0x39, 0x42, 0x10, 0x39, 0x42, 0x10, 0x39, 0x42, 0x10, 0x39, 0x42,
  0x39, 0x63, 0x63, 0x73, 0x8c, 0x8c, 0x39, 0x63, 0x63, 0x73, 0x8c, 0x8c,
  0x39, 0x63, 0x63, 0x73, 0x8c, 0x8c, 0x39, 0x63, 0x63, 0x10, 0x39, 0x42,
  0x10, 0x39, 0x42, 0x10, 0x39, 0x42, 0x39, 0x63, 0x63, 0x39, 0x63, 0x63,
  0x10, 0x39, 0x42, 0x39, 0x63, 0x63, 0x39, 0x63, 0x63, 0x73, 0x8c, 0x8c,
  0x10, 0x39, 0x42, 0x10, 0x39, 0x42, 0x39, 0x63, 0x63, 0x39, 0x63, 0x63,
  0x10, 0x39, 0x42, 0x73, 0x8c, 0x8c, 0x39, 0x63, 0x63, 0x73, 0x8c, 0x8c,
  0x10, 0x39, 0x42, 0x10, 0x39, 0x42, 0x10, 0x39, 0x42, 0x39, 0x63, 0x63,
  0x10, 0x39, 0x42, 0x73, 0x8c, 0x8c, 0x39, 0x63, 0x63, 0x73, 0x8c, 0x8c,
  0x39, 0x63, 0x63, 0x73, 0x8c, 0x8c, 0x73, 0x8c, 0x8c, 0x39, 0x63, 0x63,
  0x39, 0x63, 0x63, 0x10, 0x39, 0x42, 0x10, 0x39, 0x42, 0x39, 0x63, 0x63,
  0x10, 0x39, 0x42, 0x10, 0x39, 0x42, 0x10, 0x39, 0x42, 0x10, 0x39, 0x42,
  0x39, 0x63, 0x63, 0x39, 0x63, 0x63, 0x10, 0x39, 0x42, 0x39, 0x63, 0x63,
  0x73, 0x8c, 0x8c, 0x73, 0x8c, 0x8c, 0x73, 0x8c, 0x8c, 0x73, 0x8c, 0x8c,
  0x39, 0x63, 0x63, 0x73, 0x8c, 0x8c, 0x39, 0x63, 0x63, 0x73, 0x8c, 0x8c,
  0x39, 0x63, 0x63, 0x73, 0x8c, 0x8c, 0x39, 0x63, 0x63, 0x10, 0x39, 0x42,
  0x39, 0x63, 0x63, 0x39, 0x63, 0x63, 0x10, 0x39, 0x42, 0x10, 0x39, 0x42,
  0x10, 0x39, 0x42, 0x52, 0x9c, 0xf7, 0x52, 0x9c, 0xf7, 0x52, 0x9c, 0xf7,
  0x10, 0x39, 0x42, 0x73, 0x8c, 0x8c, 0x73, 0x8c, 0x8c, 0x39, 0x63, 0x63,
  0x73, 0x8c, 0x8c, 0x39, 0x63, 0x63, 0x73, 0x8c, 0x8c, 0x39, 0x63, 0x63,
  0x73, 0x8c, 0x8c, 0x39, 0x63, 0x63, 0x10, 0x39, 0x42, 0x10, 0x39, 0x42,
  0x39, 0x63, 0x63, 0x39, 0x63, 0x63, 0x10, 0x39, 0x42, 0x39, 0x63, 0x63,
  0x39, 0x63, 0x63, 0x39, 0x63, 0x63, 0x10, 0x39, 0x42, 0x39, 0x63, 0x63,
  0x10, 0x39, 0x42, 0x39, 0x63, 0x63, 0x10, 0x39, 0x42, 0x10, 0x39, 0x42,
  0x10, 0x39, 0x42, 0x10, 0x39, 0x42, 0x10, 0x39, 0x42, 0x10, 0x39, 0x42,
  0x39, 0x63, 0x63, 0x39, 0x63, 0x63, 0x10, 0x39, 0x42, 0x10, 0x39, 0x42,
  0x10, 0x39, 0x42, 0x39, 0x63, 0x63, 0x39, 0x63, 0x63, 0x39, 0x63, 0x63,
  0x10, 0x39, 0x42, 0x10, 0x39, 0x42, 0x73, 0x8c, 0x8c, 0x73, 0x8c, 0x8c,
  0x10, 0x39, 0x42, 0x10, 0x39, 0x42, 0x10, 0x39, 0x42, 0x10, 0x39, 0x42,
  0x73, 0x8c, 0x8c, 0x73, 0x8c, 0x8c, 0x10, 0x39, 0x42, 0x10, 0x39, 0x42,
  0x10, 0x39, 0x42, 0x10, 0x39, 0x42, 0x10, 0x39, 0x42, 0x39, 0x63, 0x63,
  0x10, 0x39, 0x42, 0x10, 0x39, 0x42, 0x39, 0x63, 0x63, 0x10, 0x39, 0x42,
  0x39, 0x63, 0x63, 0x39, 0x63, 0x63, 0x10, 0x39, 0x42, 0x39, 0x63, 0x63,
  0x73, 0x8c, 0x8c, 0x73, 0x8c, 0x8c, 0x39, 0x63, 0x63, 0x39, 0x63, 0x63,
  0x10, 0x39, 0x42, 0x10, 0x39, 0x42, 0x39, 0x63, 0x63, 0x10, 0x39, 0x42,
  0x39, 0x63, 0x63, 0x10, 0x39, 0x42, 0x73, 0x8c, 0x8c, 0x73, 0x8c, 0x8c,
  0x39, 0x63, 0x63, 0x73, 0x8c, 0x8c, 0x39, 0x63, 0x63, 0x10, 0x39, 0x42,
  0x39, 0x63, 0x63, 0x10, 0x39, 0x42, 0x10, 0x39, 0x42, 0x39, 0x63, 0x63,
  0x73, 0x8c, 0x8c, 0x73, 0x8c, 0x8c, 0x39, 0x63, 0x63, 0x39, 0x63, 0x63,
  0x10, 0x39, 0x42, 0x10, 0x39, 0x42, 0x39, 0x63, 0x63, 0x10, 0x39, 0x42,
  0x39, 0x63, 0x63, 0x10, 0x39, 0x42, 0x52, 0x9c, 0xf7, 0x52, 0x9c, 0xf7,
  0x52, 0x9c, 0xf7, 0x52, 0x9c, 0xf7, 0x52, 0x9c, 0xf7, 0x52, 0x9c, 0xf7,
  0x52, 0x9c, 0xf7, 0x52, 0x9c, 0xf7, 0x52, 0x9c, 0xf7, 0x52, 0x9c, 0xf7,
  0x52, 0x9c, 0xf7, 0x52, 0x9c, 0xf7, 0x52, 0x9c, 0xf7, 0x52, 0x9c, 0xf7,
  0x52, 0x9c, 0xf7, 0x52, 0x9c, 0xf7, 0x52, 0x9c, 0xf7, 0x52, 0x9c, 0xf7,
  0x52, 0x9c, 0xf7, 0x52, 0x9c, 0xf7, 0x52, 0x9c, 0xf7, 0x52, 0x9c, 0xf7,
  0x52, 0x9c, 0xf7, 0x52, 0x9c, 0xf7, 0x52, 0x9c, 0xf7, 0x52, 0x9c, 0xf7,
  0x52, 0x9c, 0xf7, 0x52, 0x9c, 0xf7, 0x52, 0x9c, 0xf7, 0x52, 0x9c, 0xf7,
  0x52, 0x9c, 0xf7, 0x52, 0x9c, 0xf7, 0x52, 0x9c, 0xf7, 0x52, 0x9c, 0xf7,
  0x52, 0x9c, 0xf7, 0x52, 0x9c, 0xf7, 0x52, 0x9c, 0xf7, 0x52, 0x9c, 0xf7,
  0x52, 0x9c, 0xf7, 0x52, 0x9c, 0xf7, 0x52, 0x9c, 0xf7, 0x52, 0x9c, 0xf7,
  0x52, 0x9c, 0xf7, 0x52, 0x9c, 0xf7, 0x52, 0x9c, 0xf7, 0x52, 0x9c, 0xf7,
  0x52, 0x9c, 0xf7, 0x52, 0x9c, 0xf7, 0x52, 0x9c, 0xf7, 0x52, 0x9c, 0xf7,
  0x52, 0x9c, 0xf7, 0x52, 0x9c, 0xf7, 0x52, 0x9c, 0xf7, 0x52, 0x9c, 0xf7,
  0x52, 0x9c, 0xf7, 0x52, 0x9c, 0xf7, 0x52, 0x9c, 0xf7, 0x52, 0x9c, 0xf7,
  0x52, 0x9c, 0xf7, 0x52, 0x9c, 0xf7, 0x52, 0x9c, 0xf7, 0x52, 0x9c, 0xf7,
  0x52, 0x9c, 0xf7, 0x52, 0x9c, 0xf7, 0x52, 0x9c, 0xf7, 0x52, 0x9c, 0xf7,
  0x52, 0x9c, 0xf7, 0x52, 0x9c, 0xf7, 0x52, 0x9c, 0xf7, 0x52, 0x9c, 0xf7,
  0x52, 0x9c, 0xf7, 0x52, 0x9c, 0xf7, 0x52, 0x9c, 0xf7, 0x52, 0x9c, 0xf7,
  0x52, 0x9c, 0xf7, 0x52, 0x9c, 0xf7, 0x52, 0x9c, 0xf7, 0x52, 0x9c, 0xf7,
  0x52, 0x9c, 0xf7, 0x52, 0x9c, 0xf7, 0x39, 0x63, 0x63, 0x39, 0x63, 0x63,
  0x73, 0x8c, 0x8c, 0x39, 0x63, 0x63, 0x39, 0x63, 0x63, 0x73, 0x8c, 0x8c,
  0x39, 0x63, 0x63, 0x39, 0x63, 0x63, 0x10, 0x39, 0x42, 0x10, 0x39, 0x42,
  0x73, 0x8c, 0x8c, 0x39, 0x63, 0x63, 0x39, 0x63, 0x63, 0x39, 0x63, 0x63,
  0x39, 0x63, 0x63, 0x10, 0x39, 0x42, 0x10, 0x39, 0x42, 0x10, 0x39, 0x42,
  0x39, 0x63, 0x63, 0x39, 0x63, 0x63, 0x73, 0x8c, 0x8c, 0x73, 0x8c, 0x8c,
  0x39, 0x63, 0x63, 0x39, 0x63, 0x63, 0x10, 0x39, 0x42, 0x10, 0x39, 0x42,
  0x10, 0x39, 0x42, 0x39, 0x63, 0x63, 0x10, 0x39, 0x42, 0x39, 0x63, 0x63,
  0x39, 0x63, 0x63, 0x39, 0x63, 0x63, 0x73, 0x8c, 0x8c, 0x73, 0x8c, 0x8c,
  0x10, 0x39, 0x42, 0x39, 0x63, 0x63, 0x39, 0x63, 0x63, 0x10, 0x39, 0x42,
  0x10, 0x39, 0x42, 0x10, 0x39, 0x42, 0x10, 0x39, 0x42, 0x39, 0x63, 0x63,
  0x10, 0x39, 0x42, 0x10, 0x39, 0x42, 0x39, 0x63, 0x63, 0x39, 0x63, 0x63,
  0x73, 0x8c, 0x8c, 0x73, 0x8c, 0x8c, 0x73, 0x8c, 0x8c, 0x73, 0x8c, 0x8c,
  0x39, 0x63, 0x63, 0x73, 0x8c, 0x8c, 0x73, 0x8c, 0x8c, 0x73, 0x8c, 0x8c,
  0x39, 0x63, 0x63, 0x10, 0x39, 0x42, 0x39, 0x63, 0x63, 0x10, 0x39, 0x42,
  0x39, 0x63, 0x63, 0x10, 0x39, 0x42, 0x39, 0x63, 0x63, 0x10, 0x39, 0x42,
  0x39, 0x63, 0x63, 0x10, 0x39, 0x42, 0x10, 0x39, 0x42, 0x39, 0x63, 0x63,
  0x39, 0x63, 0x63, 0x39, 0x63, 0x63, 0x39, 0x63, 0x63, 0x73, 0x8c, 0x8c,
  0x73, 0x8c, 0x8c, 0x73, 0x8c, 0x8c, 0x73, 0x8c, 0x8c, 0x39, 0x63, 0x63,
  0x39, 0x63, 0x63, 0x73, 0x8c, 0x8c, 0x10, 0x39, 0x42, 0x10, 0x39, 0x42,
  0x10, 0x39, 0x42, 0x10, 0x39, 0x42, 0x39, 0x63, 0x63, 0x10, 0x39, 0x42,
  0x39, 0x63, 0x63, 0x10, 0x39, 0x42, 0x52, 0x9c, 0xf7, 0x10, 0x39, 0x42,
  0x73, 0x8c, 0x8c, 0x39, 0x63, 0x63, 0x39, 0x63, 0x63, 0x39, 0x63, 0x63,
  0x73, 0x8c, 0x8c, 0x73, 0x8c, 0x8c, 0x39, 0x63, 0x63, 0x39, 0x63, 0x63,
  0x73, 0x8c, 0x8c, 0x10, 0x39, 0x42, 0x39, 0x63, 0x63, 0x39, 0x63, 0x63,
  0x10, 0x39, 0x42, 0x39, 0x63, 0x63, 0x10, 0x39, 0x42, 0x10, 0x39, 0x42,
  0x39, 0x63, 0x63, 0x39, 0x63, 0x63, 0x10, 0x39, 0x42, 0x39, 0x63, 0x63,
  0x10, 0x39, 0x42, 0x10, 0x39, 0x42, 0x10, 0x39, 0x42, 0x10, 0x39, 0x42,
  0x39, 0x63, 0x63, 0x39, 0x63, 0x63, 0x10, 0x39, 0x42, 0x10, 0x39, 0x42,
  0x10, 0x39, 0x42, 0x10, 0x39, 0x42, 0x10, 0x39, 0x42, 0x10, 0x39, 0x42,
  0x10, 0x39, 0x42, 0x39, 0x63, 0x63, 0x39, 0x63, 0x63, 0x39, 0x63, 0x63,
  0x10, 0x39, 0x42, 0x10, 0x39, 0x42, 0x39, 0x63, 0x63, 0x73, 0x8c, 0x8c,
  0x73, 0x8c, 0x8c, 0x10, 0x39, 0x42, 0x39, 0x63, 0x63, 0x10, 0x39, 0x42,
  0x39, 0x63, 0x63, 0x73, 0x8c, 0x8c, 0x39, 0x63, 0x63, 0x10, 0x39, 0x42,
  0x39, 0x63, 0x63, 0x10, 0x39, 0x42, 0x10, 0x39, 0x42, 0x10, 0x39, 0x42,
  0x10, 0x39, 0x42, 0x39, 0x63, 0x63, 0x39, 0x63, 0x63, 0x10, 0x39, 0x42,
  0x39, 0x63, 0x63, 0x10, 0x39, 0x42, 0x10, 0x39, 0x42, 0x39, 0x63, 0x63,
  0x73, 0x8c, 0x8c, 0x39, 0x63, 0x63, 0x73, 0x8c, 0x8c, 0x39, 0x63, 0x63,
  0x39, 0x63, 0x63, 0x10, 0x39, 0x42, 0x10, 0x39, 0x42, 0x39, 0x63, 0x63,
  0x10, 0x39, 0x42, 0x73, 0x8c, 0x8c, 0x39, 0x63, 0x63, 0x39, 0x63, 0x63,
  0x73, 0x8c, 0x8c, 0x73, 0x8c, 0x8c, 0x10, 0x39, 0x42, 0x10, 0x39, 0x42,
  0x10, 0x39, 0x42, 0x10, 0x39, 0x42, 0x39, 0x63, 0x63, 0x10, 0x39, 0x42,
  0x73, 0x8c, 0x8c, 0x39, 0x63, 0x63, 0x39, 0x63, 0x63, 0x10, 0x39, 0x42,
  0x10, 0x39, 0x42, 0x10, 0x39, 0x42, 0x39, 0x63, 0x63, 0x10, 0x39, 0x42,
  0x10, 0x39, 0x42, 0x10, 0x39, 0x42, 0x52, 0x9c, 0xf7, 0x52, 0x9c, 0xf7,
  0x52, 0x9c, 0xf7, 0x52, 0x9c, 0xf7, 0x52, 0x9c, 0xf7, 0x52, 0x9c, 0xf7,
  0x52, 0x9c, 0xf7, 0x52, 0x9c, 0xf7, 0x52, 0x9c, 0xf7, 0x52, 0x9c, 0xf7,
  0x52, 0x9c, 0xf7, 0x52, 0x9c, 0xf7, 0x52, 0x9c, 0xf7, 0x52, 0x9c, 0xf7,
  0x52, 0x9c, 0xf7, 0x52, 0x9c, 0xf7, 0x52, 0x9c, 0xf7, 0x52, 0x9c, 0xf7,
  0x52, 0x9c, 0xf7, 0x52, 0x9c, 0xf7, 0x52, 0x9c, 0xf7, 0x52, 0x9c, 0xf7,
  0x52, 0x9c, 0xf7, 0x52, 0x9c, 0xf7, 0x52, 0x9c, 0xf7, 0x52, 0x9c, 0xf7,
  0x52, 0x9c, 0xf7, 0x52, 0x9c, 0xf7, 0x52, 0x9c, 0xf7, 0x52, 0x9c, 0xf7,
  0x52, 0x9c, 0xf7, 0x52, 0x9c, 0xf7, 0x52, 0x9c, 0xf7, 0x52, 0x9c, 0xf7,
  0x52, 0x9c, 0xf7, 0x52, 0x9c, 0xf7, 0x52, 0x9c, 0xf7, 0x52, 0x9c, 0xf7,
  0x52, 0x9c, 0xf7, 0x52, 0x9c, 0xf7, 0x52, 0x9c, 0xf7, 0x52, 0x9c, 0xf7,
  0x52, 0x9c, 0xf7, 0x52, 0x9c, 0xf7, 0x52, 0x9c, 0xf7, 0x52, 0x9c, 0xf7,
  0x52, 0x9c, 0xf7, 0x52, 0x9c, 0xf7, 0x52, 0x9c, 0xf7, 0x52, 0x9c, 0xf7,
  0x52, 0x9c, 0xf7, 0x52, 0x9c, 0xf7, 0x52, 0x9c, 0xf7, 0x52, 0x9c, 0xf7,
  0x52, 0x9c, 0xf7, 0x52, 0x9c, 0xf7, 0x52, 0x9c, 0xf7, 0x52, 0x9c, 0xf7,
  0x52, 0x9c, 0xf7, 0x52, 0x9c, 0xf7, 0x52, 0x9c, 0xf7, 0x52, 0x9c, 0xf7,
  0x52, 0x9c, 0xf7, 0x52, 0x9c, 0xf7, 0x52, 0x9c, 0xf7, 0x52, 0x9c, 0xf7,
  0x52, 0x9c, 0xf7, 0x52, 0x9c, 0xf7, 0x52, 0x9c, 0xf7, 0x52, 0x9c, 0xf7,
  0x52, 0x9c, 0xf7, 0x52, 0x9c, 0xf7, 0x52, 0x9c, 0xf7, 0x52, 0x9c, 0xf7,
  0x52, 0x9c, 0xf7, 0x52, 0x9c, 0xf7, 0x52, 0x9c, 0xf7, 0x52, 0x9c, 0xf7,
  0x52, 0x9c, 0xf7, 0x52, 0x9c, 0xf7, 0x39, 0x63, 0x63, 0x73, 0x8c, 0x8c,
  0x73, 0x8c, 0x8c, 0x73, 0x8c, 0x8c, 0x39, 0x63, 0x63, 0x39, 0x63, 0x63,
  0x10, 0x39, 0x42, 0x39, 0x63, 0x63, 0x39, 0x63, 0x63, 0x10, 0x39, 0x42,
  0x73, 0x8c, 0x8c, 0x73, 0x8c, 0x8c, 0x39, 0x63, 0x63, 0x10, 0x39, 0x42,
  0x10, 0x39, 0x42, 0x10, 0x39, 0x42, 0x10, 0x39, 0x42, 0x39, 0x63, 0x63,
  0x10, 0x39, 0x42, 0x39, 0x63, 0x63, 0x39, 0x63, 0x63, 0x73, 0x8c, 0x8c,
  0x73, 0x8c, 0x8c, 0x39, 0x63, 0x63, 0x39, 0x63, 0x63, 0x10, 0x39, 0x42,
  0x39, 0x63, 0x63, 0x39, 0x63, 0x63, 0x10, 0x39, 0x42, 0x39, 0x63, 0x63,
  0x10, 0x39, 0x42, 0x10, 0x39, 0x42, 0x73, 0x8c, 0x8c, 0x39, 0x63, 0x63,
  0x39, 0x63, 0x63, 0x10, 0x39, 0x42, 0x39, 0x63, 0x63, 0x39, 0x63, 0x63,
  0x10, 0x39, 0x42, 0x10, 0x39, 0x42, 0x73, 0x8c, 0x8c, 0x10, 0x39, 0x42,
  0x10, 0x39, 0x42, 0x10, 0x39, 0x42, 0x10, 0x39, 0x42, 0x39, 0x63, 0x63,
  0x10, 0x39, 0x42, 0x10, 0x39, 0x42, 0x39, 0x63, 0x63, 0x73, 0x8c, 0x8c,
  0x73, 0x8c, 0x8c, 0x73, 0x8c, 0x8c, 0x73, 0x8c, 0x8c, 0x39, 0x63, 0x63,
  0x10, 0x39, 0x42, 0x10, 0x39, 0x42, 0x39, 0x63, 0x63, 0x10, 0x39, 0x42,
  0x39, 0x63, 0x63, 0x39, 0x63, 0x63, 0x10, 0x39, 0x42, 0x10, 0x39, 0x42,
  0x39, 0x63, 0x63, 0x10, 0x39, 0x42, 0x39, 0x63, 0x63, 0x39, 0x63, 0x63,
  0x10, 0x39, 0x42, 0x73, 0x8c, 0x8c, 0x73, 0x8c, 0x8c, 0x39, 0x63, 0x63,
  0x39, 0x63, 0x63, 0x73, 0x8c, 0x8c, 0x39, 0x63, 0x63, 0x73, 0x8c, 0x8c,
  0x73, 0x8c, 0x8c, 0x39, 0x63, 0x63, 0x10, 0x39, 0x42, 0x39, 0x63, 0x63,
  0x73, 0x8c, 0x8c, 0x10, 0x39, 0x42, 0x10, 0x39, 0x42, 0x10, 0x39, 0x42,
  0x10, 0x39, 0x42, 0x10, 0x39, 0x42, 0x52, 0x9c, 0xf7, 0x73, 0x8c, 0x8c,
  0x73, 0x8c, 0x8c, 0x39, 0x63, 0x63, 0x73, 0x8c, 0x8c, 0x73, 0x8c, 0x8c,
  0x39, 0x63, 0x63, 0x73, 0x8c, 0x8c, 0x73, 0x8c, 0x8c, 0x73, 0x8c, 0x8c,
  0x39, 0x63, 0x63, 0x39, 0x63, 0x63, 0x10, 0x39, 0x42, 0x10, 0x39, 0x42,
  0x10, 0x39, 0x42, 0x39, 0x63, 0x63, 0x39, 0x63, 0x63, 0x10, 0x39, 0x42,
  0x10, 0x39, 0x42, 0x39, 0x63, 0x63, 0x39, 0x63, 0x63, 0x10, 0x39, 0x42,
  0x39, 0x63, 0x63, 0x10, 0x39, 0x42, 0x39, 0x63, 0x63, 0x39, 0x63, 0x63,
  0x10, 0x39, 0x42, 0x10, 0x39, 0x42, 0x10, 0x39, 0x42, 0x39, 0x63, 0x63,
  0x10, 0x39, 0x42, 0x39, 0x63, 0x63, 0x10, 0x39, 0x42, 0x39, 0x63, 0x63,
  0x10, 0x39, 0x42, 0x10, 0x39, 0x42, 0x10, 0x39, 0x42, 0x39, 0x63, 0x63,
  0x39, 0x63, 0x63, 0x10, 0x39, 0x42, 0x73, 0x8c, 0x8c, 0x73, 0x8c, 0x8c,
  0x10, 0x39, 0x42, 0x10, 0x39, 0x42, 0x39, 0x63, 0x63, 0x10, 0x39, 0x42,
  0x39, 0x63, 0x63, 0x39, 0x63, 0x63, 0x10, 0x39, 0x42, 0x10, 0x39, 0x42,
  0x10, 0x39, 0x42, 0x10, 0x39, 0x42, 0x10, 0x39, 0x42, 0x39, 0x63, 0x63,
  0x10, 0x39, 0x42, 0x10, 0x39, 0x42, 0x39, 0x63, 0x63, 0x10, 0x39, 0x42,
  0x10, 0x39, 0x42, 0x10, 0x39, 0x42, 0x73, 0x8c, 0x8c, 0x73, 0x8c, 0x8c,
  0x73, 0x8c, 0x8c, 0x73, 0x8c, 0x8c, 0x73, 0x8c, 0x8c, 0x39, 0x63, 0x63,
  0x10, 0x39, 0x42, 0x10, 0x39, 0x42, 0x10, 0x39, 0x42, 0x10, 0x39, 0x42,
  0x10, 0x39, 0x42, 0x39, 0x63, 0x63, 0x73, 0x8c, 0x8c, 0x73, 0x8c, 0x8c,
  0x39, 0x63, 0x63, 0x39, 0x63, 0x63, 0x73, 0x8c, 0x8c, 0x10, 0x39, 0x42,
  0x39, 0x63, 0x63, 0x10, 0x39, 0x42, 0x10, 0x39, 0x42, 0x39, 0x63, 0x63,
  0x39, 0x63, 0x63, 0x73, 0x8c, 0x8c, 0x39, 0x63, 0x63, 0x10, 0x39, 0x42,
  0x10, 0x39, 0x42, 0x10, 0x39, 0x42, 0x10, 0x39, 0x42, 0x10, 0x39, 0x42,
  0x39, 0x63, 0x63, 0x10, 0x39, 0x42, 0x52, 0x9c, 0xf7, 0x52, 0x9c, 0xf7,
  0x52, 0x9c, 0xf7, 0x52, 0x9c, 0xf7, 0x52, 0x9c, 0xf7, 0x52, 0x9c, 0xf7,
  0x52, 0x9c, 0xf7, 0x52, 0x9c, 0xf7, 0x52, 0x9c, 0xf7, 0x52, 0x9c, 0xf7,
  0x52, 0x9c, 0xf7, 0x52, 0x9c, 0xf7, 0x52, 0x9c, 0xf7, 0x52, 0x9c, 0xf7,
  0x52, 0x9c, 0xf7, 0x52, 0x9c, 0xf7, 0x52, 0x9c, 0xf7, 0x52, 0x9c, 0xf7,
  0x52, 0x9c, 0xf7, 0x52, 0x9c, 0xf7, 0x52, 0x9c, 0xf7, 0x52, 0x9c, 0xf7,
  0x52, 0x9c, 0xf7, 0x52, 0x9c, 0xf7, 0x52, 0x9c, 0xf7, 0x52, 0x9c, 0xf7,
  0x52, 0x9c, 0xf7, 0x52, 0x9c, 0xf7, 0x52, 0x9c, 0xf7, 0x52, 0x9c, 0xf7,
  0x52, 0x9c, 0xf7, 0x52, 0x9c, 0xf7, 0x52, 0x9c, 0xf7, 0x52, 0x9c, 0xf7,
  0x52, 0x9c, 0xf7, 0x52, 0x9c, 0xf7, 0x52, 0x9c, 0xf7, 0x52, 0x9c, 0xf7,
  0x52, 0x9c, 0xf7, 0x52, 0x9c, 0xf7, 0x52, 0x9c, 0xf7, 0x52, 0x9c, 0xf7,
  0x52, 0x9c, 0xf7, 0x52, 0x9c, 0xf7, 0x52, 0x9c, 0xf7, 0x52, 0x9c, 0xf7,
  0x52, 0x9c, 0xf7, 0x52, 0x9c, 0xf7, 0x52, 0x9c, 0xf7, 0x52, 0x9c, 0xf7,
  0x52, 0x9c, 0xf7, 0x52, 0x9c, 0xf7, 0x52, 0x9c, 0xf7, 0x52, 0x9c, 0xf7,
  0x52, 0x9c, 0xf7, 0x52, 0x9c, 0xf7, 0x52, 0x9c, 0xf7, 0x52, 0x9c, 0xf7,
  0x52, 0x9c, 0xf7, 0x52, 0x9c, 0xf7, 0x52, 0x9c, 0xf7, 0x52, 0x9c, 0xf7,
  0x52, 0x9c, 0xf7, 0x52, 0x9c, 0xf7, 0x52, 0x9c, 0xf7, 0x52, 0x9c, 0xf7,
  0x52, 0x9c, 0xf7, 0x52, 0x9c, 0xf7, 0x52, 0x9c, 0xf7, 0x52, 0x9c, 0xf7,
  0x52, 0x9c, 0xf7, 0x52, 0x9c, 0xf7, 0x52, 0x9c, 0xf7, 0x52, 0x9c, 0xf7,
  0x52, 0x9c, 0xf7, 0x52, 0x9c, 0xf7, 0x52, 0x9c, 0xf7, 0x52, 0x9c, 0xf7,
  0x52, 0x9c, 0xf7, 0x52, 0x9c, 0xf7, 0x39, 0x63, 0x63, 0x73, 0x8c, 0x8c,
  0x39, 0x63, 0x63, 0x73, 0x8c, 0x8c, 0x73, 0x8c, 0x8c, 0x73, 0x8c, 0x8c,
  0x10, 0x39, 0x42, 0x39, 0x63, 0x63, 0x10, 0x39, 0x42, 0x10, 0x39, 0x42,
  0x39, 0x63, 0x63, 0x73, 0x8c, 0x8c, 0x39, 0x63, 0x63, 0x10, 0x39, 0x42,
  0x39, 0x63, 0x63, 0x10, 0x39, 0x42, 0x39, 0x63, 0x63, 0x39, 0x63, 0x63,
  0x10, 0x39, 0x42, 0x73, 0x8c, 0x8c, 0x73, 0x8c, 0x8c, 0x73, 0x8c, 0x8c,
  0x73, 0x8c, 0x8c, 0x73, 0x8c, 0x8c, 0x73, 0x8c, 0x8c, 0x39, 0x63, 0x63,
  0x39, 0x63, 0x63, 0x39, 0x63, 0x63, 0x10, 0x39, 0x42, 0x39, 0x63, 0x63,
  0x10, 0x39, 0x42, 0x10, 0x39, 0x42, 0x73, 0x8c, 0x8c, 0x73, 0x8c, 0x8c,
  0x73, 0x8c, 0x8c, 0x39, 0x63, 0x63, 0x39, 0x63, 0x63, 0x10, 0x39, 0x42,
  0x39, 0x63, 0x63, 0x10, 0x39, 0x42, 0x10, 0x39, 0x42, 0x10, 0x39, 0x42,
  0x10, 0x39, 0x42, 0x10, 0x39, 0x42, 0x10, 0x39, 0x42, 0x39, 0x63, 0x63,
  0x10, 0x39, 0x42, 0x73, 0x8c, 0x8c, 0x39, 0x63, 0x63, 0x73, 0x8c, 0x8c,
  0x39, 0x63, 0x63, 0x73, 0x8c, 0x8c, 0x73, 0x8c, 0x8c, 0x73, 0x8c, 0x8c,
  0x10, 0x39, 0x42, 0x10, 0x39, 0x42, 0x39, 0x63, 0x63, 0x10, 0x39, 0x42,
  0x10, 0x39, 0x42, 0x10, 0x39, 0x42, 0x39, 0x63, 0x63, 0x10, 0x39, 0x42,
  0x39, 0x63, 0x63, 0x10, 0x39, 0x42, 0x10, 0x39, 0x42, 0x39, 0x63, 0x63,
  0x39, 0x63, 0x63, 0x73, 0x8c, 0x8c, 0x39, 0x63, 0x63, 0x73, 0x8c, 0x8c,
  0x73, 0x8c, 0x8c, 0x73, 0x8c, 0x8c, 0x39, 0x63, 0x63, 0x73, 0x8c, 0x8c,
  0x39, 0x63, 0x63, 0x73, 0x8c, 0x8c, 0x10, 0x39, 0x42, 0x73, 0x8c, 0x8c,
  0x73, 0x8c, 0x8c, 0x73, 0x8c, 0x8c, 0x10, 0x39, 0x42, 0x10, 0x39, 0x42,
  0x39, 0x63, 0x63, 0x10, 0x39, 0x42, 0x10, 0x39, 0x42, 0x39, 0x63, 0x63,
  0x73, 0x8c, 0x8c, 0x39, 0x63, 0x63, 0x39, 0x63, 0x63, 0x73, 0x8c, 0x8c,
  0x73, 0x8c, 0x8c, 0x73, 0x8c, 0x8c, 0x39, 0x63, 0x63, 0x73, 0x8c, 0x8c,
  0x73, 0x8c, 0x8c, 0x10, 0x39, 0x42, 0x10, 0x39, 0x42, 0x10, 0x39, 0x42,
  0x10, 0x39, 0x42, 0x39, 0x63, 0x63, 0x10, 0x39, 0x42, 0x39, 0x63, 0x63,
  0x10, 0x39, 0x42, 0x10, 0x39, 0x42, 0x39, 0x63, 0x63, 0x10, 0x39, 0x42,
  0x10, 0x39, 0x42, 0x10, 0x39, 0x42, 0x10, 0x39, 0x42, 0x10, 0x39, 0x42,
  0x10, 0x39, 0x42, 0x39, 0x63, 0x63, 0x39, 0x63, 0x63, 0x10, 0x39, 0x42,
  0x10, 0x39, 0x42, 0x10, 0x39, 0x42, 0x10, 0x39, 0x42, 0x39, 0x63, 0x63,
  0x10, 0x39, 0x42, 0x10, 0x39, 0x42, 0x39, 0x63, 0x63, 0x10, 0x39, 0x42,
  0x10, 0x39, 0x42, 0x10, 0x39, 0x42, 0x10, 0x39, 0x42, 0x73, 0x8c, 0x8c,
  0x10, 0x39, 0x42, 0x10, 0x39, 0x42, 0x10, 0x39, 0x42, 0x10, 0x39, 0x42,
  0x73, 0x8c, 0x8c, 0x73, 0x8c, 0x8c, 0x10, 0x39, 0x42, 0x39, 0x63, 0x63,
  0x39, 0x63, 0x63, 0x10, 0x39, 0x42, 0x10, 0x39, 0x42, 0x39, 0x63, 0x63,
  0x10, 0x39, 0x42, 0x39, 0x63, 0x63, 0x10, 0x39, 0x42, 0x10, 0x39, 0x42,
  0x10, 0x39, 0x42, 0x10, 0x39, 0x42, 0x39, 0x63, 0x63, 0x73, 0x8c, 0x8c,
  0x39, 0x63, 0x63, 0x73, 0x8c, 0x8c, 0x39, 0x63, 0x63, 0x10, 0x39, 0x42,
  0x10, 0x39, 0x42, 0x10, 0x39, 0x42, 0x10, 0x39, 0x42, 0x39, 0x63, 0x63,
  0x10, 0x39, 0x42, 0x10, 0x39, 0x42, 0x39, 0x63, 0x63, 0x39, 0x63, 0x63,
  0x73, 0x8c, 0x8c, 0x39, 0x63, 0x63, 0x10, 0x39, 0x42, 0x10, 0x39, 0x42,
  0x10, 0x39, 0x42, 0x39, 0x63, 0x63, 0x10, 0x39, 0x42, 0x10, 0x39, 0x42,
  0x39, 0x63, 0x63, 0x73, 0x8c, 0x8c, 0x39, 0x63, 0x63, 0x39, 0x63, 0x63,
  0x10, 0x39, 0x42, 0x10, 0x39, 0x42, 0x10, 0x39, 0x42, 0x39, 0x63, 0x63,
  0x10, 0x39, 0x42, 0x10, 0x39, 0x42, 0x52, 0x9c, 0xf7, 0x52, 0x9c, 0xf7,
  0x52, 0x9c, 0xf7, 0x52, 0x9c, 0xf7, 0x52, 0x9c, 0xf7, 0x52, 0x9c, 0xf7,
  0x52, 0x9c, 0xf7, 0x52, 0x9c, 0xf7, 0x52, 0x9c, 0xf7, 0x52, 0x9c, 0xf7,
  0x52, 0x9c, 0xf7, 0x52, 0x9c, 0xf7, 0x52, 0x9c, 0xf7, 0x52, 0x9c, 0xf7,
  0x52, 0x9c, 0xf7, 0x52, 0x9c, 0xf7, 0x52, 0x9c, 0xf7, 0x52, 0x9c, 0xf7,
  0x52, 0x9c, 0xf7, 0x52, 0x9c, 0xf7, 0x52, 0x9c, 0xf7, 0x52, 0x9c, 0xf7,
  0x52, 0x9c, 0xf7, 0x52, 0x9c, 0xf7, 0x52, 0x9c, 0xf7, 0x52, 0x9c, 0xf7,
  0x52, 0x9c, 0xf7, 0x52, 0x9c, 0xf7, 0x52, 0x9c, 0xf7, 0x52, 0x9c, 0xf7,
  0x52, 0x9c, 0xf7, 0x52, 0x9c, 0xf7, 0x52, 0x9c, 0xf7, 0x52, 0x9c, 0xf7,
  0x52, 0x9c, 0xf7, 0x52, 0x9c, 0xf7, 0x52, 0x9c, 0xf7, 0x52, 0x9c, 0xf7,
  0x52, 0x9c, 0xf7, 0x52, 0x9c, 0xf7, 0x52, 0x9c, 0xf7, 0x52, 0x9c, 0xf7,
  0x52, 0x9c, 0xf7, 0x52, 0x9c, 0xf7, 0x52, 0x9c, 0xf7, 0x52, 0x9c, 0xf7,
  0x52, 0x9c, 0xf7, 0x52, 0x9c, 0xf7, 0x52, 0x9c, 0xf7, 0x52, 0x9c, 0xf7,
  0x52, 0x9c, 0xf7, 0x52, 0x9c, 0xf7, 0x52, 0x9c, 0xf7, 0x52, 0x9c, 0xf7,
  0x52, 0x9c, 0xf7, 0x52, 0x9c, 0xf7, 0x52, 0x9c, 0xf7, 0x52, 0x9c, 0xf7,
  0x52, 0x9c, 0xf7, 0x52, 0x9c, 0xf7, 0x52, 0x9c, 0xf7, 0x52, 0x9c, 0xf7,
  0x52, 0x9c, 0xf7, 0x52, 0x9c, 0xf7, 0x52, 0x9c, 0xf7, 0x52, 0x9c, 0xf7,
  0x52, 0x9c, 0xf7, 0x52, 0x9c, 0xf7, 0x52, 0x9c, 0xf7, 0x52, 0x9c, 0xf7,
  0x52, 0x9c, 0xf7, 0x52, 0x9c, 0xf7, 0x52, 0x9c, 0xf7, 0x52, 0x9c, 0xf7,
  0x52, 0x9c, 0xf7, 0x52, 0x9c, 0xf7, 0x52, 0x9c, 0xf7, 0x52, 0x9c, 0xf7,
  0x52, 0x9c, 0xf7, 0x52, 0x9c, 0xf7, 0x39, 0x63, 0x63, 0x39, 0x63, 0x63,
  0x39, 0x63, 0x63, 0x73, 0x8c, 0x8c, 0x39, 0x63, 0x63, 0x73, 0x8c, 0x8c,
  0x10, 0x39, 0x42, 0x39, 0x63, 0x63, 0x10, 0x39, 0x42, 0x10, 0x39, 0x42,
  0x73, 0x8c, 0x8c, 0x39, 0x63, 0x63, 0x73, 0x8c, 0x8c, 0x10, 0x39, 0x42,
  0x39, 0x63, 0x63, 0x39, 0x63, 0x63, 0x39, 0x63, 0x63, 0x39, 0x63, 0x63,
  0x10, 0x39, 0x42, 0x39, 0x63, 0x63, 0x73, 0x8c, 0x8c, 0x73, 0x8c, 0x8c,
  0x39, 0x63, 0x63, 0x39, 0x63, 0x63, 0x73, 0x8c, 0x8c, 0x10, 0x39, 0x42,
  0x39, 0x63, 0x63, 0x39, 0x63, 0x63, 0x10, 0x39, 0x42, 0x10, 0x39, 0x42,
  0x39, 0x63, 0x63, 0x10, 0x39, 0x42, 0x39, 0x63, 0x63, 0x39, 0x63, 0x63,
  0x73, 0x8c, 0x8c, 0x39, 0x63, 0x63, 0x10, 0x39, 0x42, 0x10, 0x39, 0x42,
  0x10, 0x39, 0x42, 0x10, 0x39, 0x42, 0x39, 0x63, 0x63, 0x73, 0x8c, 0x8c,
  0x10, 0x39, 0x42, 0x10, 0x39, 0x42, 0x39, 0x63, 0x63, 0x10, 0x39, 0x42,
  0x10, 0x39, 0x42, 0x73, 0x8c, 0x8c, 0x73, 0x8c, 0x8c, 0x73, 0x8c, 0x8c,
  0x73, 0x8c, 0x8c, 0x73, 0x8c, 0x8c, 0x39, 0x63, 0x63, 0x39, 0x63, 0x63,
  0x10, 0x39, 0x42, 0x39, 0x63, 0x63, 0x39, 0x63, 0x63, 0x10, 0x39, 0x42,
  0x10, 0x39, 0x42, 0x10, 0x39, 0x42, 0x10, 0x39, 0x42, 0x10, 0x39, 0x42,
  0x10, 0x39, 0x42, 0x39, 0x63, 0x63, 0x39, 0x63, 0x63, 0x10, 0x39, 0x42,
  0x73, 0x8c, 0x8c, 0x73, 0x8c, 0x8c, 0x10, 0x39, 0x42, 0x73, 0x8c, 0x8c,
  0x39, 0x63, 0x63, 0x39, 0x63, 0x63, 0x73, 0x8c, 0x8c, 0x73, 0x8c, 0x8c,
  0x39, 0x63, 0x63, 0x39, 0x63, 0x63, 0x10, 0x39, 0x42, 0x39, 0x63, 0x63,
  0x73, 0x8c, 0x8c, 0x10, 0x39, 0x42, 0x10, 0x39, 0x42, 0x10, 0x39, 0x42,
  0x10, 0x39, 0x42, 0x73, 0x8c, 0x8c, 0x73, 0x8c, 0x8c, 0x73, 0x8c, 0x8c,
  0x39, 0x63, 0x63, 0x73, 0x8c, 0x8c, 0x39, 0x63, 0x63, 0x39, 0x63, 0x63,
  0x73, 0x8c, 0x8c, 0x39, 0x63, 0x63, 0x39, 0x63, 0x63, 0x73, 0x8c, 0x8c,
  0x39, 0x63, 0x63, 0x39, 0x63, 0x63, 0x10, 0x39, 0x42, 0x39, 0x63, 0x63,
  0x10, 0x39, 0x42, 0x10, 0x39, 0x42, 0x10, 0x39, 0x42, 0x39, 0x63, 0x63,
  0x39, 0x63, 0x63, 0x10, 0x39, 0x42, 0x39, 0x63, 0x63, 0x39, 0x63, 0x63,
  0x39, 0x63, 0x63, 0x10, 0x39, 0x42, 0x10, 0x39, 0x42, 0x39, 0x63, 0x63,
  0x39, 0x63, 0x63, 0x10, 0x39, 0x42, 0x10, 0x39, 0x42, 0x10, 0x39, 0x42,
  0x10, 0x39, 0x42, 0x39, 0x63, 0x63, 0x39, 0x63, 0x63, 0x10, 0x39, 0x42,
  0x10, 0x39, 0x42, 0x10, 0x39, 0x42, 0x10, 0x39, 0x42, 0x10, 0x39, 0x42,
  0x39, 0x63, 0x63, 0x10, 0x39, 0x42, 0x39, 0x63, 0x63, 0x39, 0x63, 0x63,
  0x10, 0x39, 0x42, 0x39, 0x63, 0x63, 0x39, 0x63, 0x63, 0x10, 0x39, 0x42,
  0x39, 0x63, 0x63, 0x73, 0x8c, 0x8c, 0x10, 0x39, 0x42, 0x10, 0x39, 0x42,
  0x39, 0x63, 0x63, 0x10, 0x39, 0x42, 0x39, 0x63, 0x63, 0x39, 0x63, 0x63,
  0x10, 0x39, 0x42, 0x10, 0x39, 0x42, 0x10, 0x39, 0x42, 0x10, 0x39, 0x42,
  0x10, 0x39, 0x42, 0x73, 0x8c, 0x8c, 0x39, 0x63, 0x63, 0x73, 0x8c, 0x8c,
  0x73, 0x8c, 0x8c, 0x39, 0x63, 0x63, 0x73, 0x8c, 0x8c, 0x73, 0x8c, 0x8c,
  0x10, 0x39, 0x42, 0x39, 0x63, 0x63, 0x10, 0x39, 0x42, 0x10, 0x39, 0x42,
  0x39, 0x63, 0x63, 0x73, 0x8c, 0x8c, 0x39, 0x63, 0x63, 0x73, 0x8c, 0x8c,
  0x73, 0x8c, 0x8c, 0x73, 0x8c, 0x8c, 0x73, 0x8c, 0x8c, 0x10, 0x39, 0x42,
  0x10, 0x39, 0x42, 0x10, 0x39, 0x42, 0x10, 0x39, 0x42, 0x39, 0x63, 0x63,
  0x73, 0x8c, 0x8c, 0x73, 0x8c, 0x8c, 0x73, 0x8c, 0x8c, 0x39, 0x63, 0x63,
  0x10, 0x39, 0x42, 0x39, 0x63, 0x63, 0x39, 0x63, 0x63, 0x10, 0x39, 0x42,
  0x10, 0x39, 0x42, 0x10, 0x39, 0x42, 0x10, 0x39, 0x42, 0x10, 0x39, 0x42,
  0x52, 0x9c, 0xf7, 0x52, 0x9c, 0xf7, 0x52, 0x9c, 0xf7, 0x52, 0x9c, 0xf7,
  0x52, 0x9c, 0xf7, 0x52, 0x9c, 0xf7, 0x52, 0x9c, 0xf7, 0x52, 0x9c, 0xf7,
  0x52, 0x9c, 0xf7, 0x52, 0x9c, 0xf7, 0x52, 0x9c, 0xf7, 0x52, 0x9c, 0xf7,
  0x52, 0x9c, 0xf7, 0x52, 0x9c, 0xf7, 0x52, 0x9c, 0xf7, 0x52, 0x9c, 0xf7,
  0x52, 0x9c, 0xf7, 0x52, 0x9c, 0xf7, 0x52, 0x9c, 0xf7, 0x52, 0x9c, 0xf7,
  0x52, 0x9c, 0xf7, 0x52, 0x9c, 0xf7, 0x52, 0x9c, 0xf7, 0x52, 0x9c, 0xf7,
  0x52, 0x9c, 0xf7, 0x52, 0x9c, 0xf7, 0x52, 0x9c, 0xf7, 0x52, 0x9c, 0xf7,
  0x52, 0x9c, 0xf7, 0x52, 0x9c, 0xf7, 0x52, 0x9c, 0xf7, 0x52, 0x9c, 0xf7,
  0x52, 0x9c, 0xf7, 0x52, 0x9c, 0xf7, 0x52, 0x9c, 0xf7, 0x52, 0x9c, 0xf7,
  0x52, 0x9c, 0xf7, 0x52, 0x9c, 0xf7, 0x52, 0x9c, 0xf7, 0x52, 0x9c, 0xf7,
  0x52, 0x9c, 0xf7, 0x52, 0x9c, 0xf7, 0x52, 0x9c, 0xf7, 0x52, 0x9c, 0xf7,
  0x52, 0x9c, 0xf7, 0x52, 0x9c, 0xf7, 0x52, 0x9c, 0xf7, 0x52, 0x9c, 0xf7,
  0x52, 0x9c, 0xf7, 0x52, 0x9c, 0xf7, 0x52, 0x9c, 0xf7, 0x52, 0x9c, 0xf7,
  0x52, 0x9c, 0xf7, 0x52, 0x9c, 0xf7, 0x52, 0x9c, 0xf7, 0x52, 0x9c, 0xf7,
  0x52, 0x9c, 0xf7, 0x52, 0x9c, 0xf7, 0x52, 0x9c, 0xf7, 0x52, 0x9c, 0xf7,
  0x52, 0x9c, 0xf7, 0x52, 0x9c, 0xf7, 0x52, 0x9c, 0xf7, 0x52, 0x9c, 0xf7,
  0x52, 0x9c, 0xf7, 0x52, 0x9c, 0xf7, 0x52, 0x9c, 0xf7, 0x52, 0x9c, 0xf7,
  0x52, 0x9c, 0xf7, 0x52, 0x9c, 0xf7, 0x52, 0x9c, 0xf7, 0x52, 0x9c, 0xf7,
  0x52, 0x9c, 0xf7, 0x52, 0x9c, 0xf7, 0x52, 0x9c, 0xf7, 0x52, 0x9c, 0xf7,
  0x52, 0x9c, 0xf7, 0x52, 0x9c, 0xf7, 0x73, 0x8c, 0x8c, 0x73, 0x8c, 0x8c,
  0x73, 0x8c, 0x8c, 0x39, 0x63, 0x63, 0x73, 0x8c, 0x8c, 0x73, 0x8c, 0x8c,
  0x10, 0x39, 0x42, 0x10, 0x39, 0x42, 0x39, 0x63, 0x63, 0x10, 0x39, 0x42,
  0x73, 0x8c, 0x8c, 0x73, 0x8c, 0x8c, 0x73, 0x8c, 0x8c, 0x10, 0x39, 0x42,
  0x39, 0x63, 0x63, 0x10, 0x39, 0x42, 0x39, 0x63, 0x63, 0x39, 0x63, 0x63,
  0x10, 0x39, 0x42, 0x39, 0x63, 0x63, 0x73, 0x8c, 0x8c, 0x73, 0x8c, 0x8c,
  0x39, 0x63, 0x63, 0x73, 0x8c, 0x8c, 0x73, 0x8c, 0x8c, 0x39, 0x63, 0x63,
  0x39, 0x63, 0x63, 0x10, 0x39, 0x42, 0x10, 0x39, 0x42, 0x10, 0x39, 0x42,
  0x10, 0x39, 0x42, 0x10, 0x39, 0x42, 0x73, 0x8c, 0x8c, 0x10, 0x39, 0x42,
  0x10, 0x39, 0x42, 0x10, 0x39, 0x42, 0x39, 0x63, 0x63, 0x39, 0x63, 0x63,
  0x73, 0x8c, 0x8c, 0x10, 0x39, 0x42, 0x73, 0x8c, 0x8c, 0x10, 0x39, 0x42,
  0x10, 0x39, 0x42, 0x39, 0x63, 0x63, 0x39, 0x63, 0x63, 0x73, 0x8c, 0x8c,
  0x73, 0x8c, 0x8c, 0x73, 0x8c, 0x8c, 0x73, 0x8c, 0x8c, 0x39, 0x63, 0x63,
  0x73, 0x8c, 0x8c, 0x39, 0x63, 0x63, 0x39, 0x63, 0x63, 0x10, 0x39, 0x42,
  0x10, 0x39, 0x42, 0x10, 0x39, 0x42, 0x39, 0x63, 0x63, 0x39, 0x63, 0x63,
  0x10, 0x39, 0x42, 0x39, 0x63, 0x63, 0x10, 0x39, 0x42, 0x10, 0x39, 0x42,
  0x10, 0x39, 0x42, 0x39, 0x63, 0x63, 0x10, 0x39, 0x42, 0x39, 0x63, 0x63,
  0x10, 0x39, 0x42, 0x73, 0x8c, 0x8c, 0x10, 0x39, 0x42, 0x73, 0x8c, 0x8c,
  0x39, 0x63, 0x63, 0x73, 0x8c, 0x8c, 0x39, 0x63, 0x63, 0x73, 0x8c, 0x8c,
  0x73, 0x8c, 0x8c, 0x73, 0x8c, 0x8c, 0x10, 0x39, 0x42, 0x10, 0x39, 0x42,
  0x39, 0x63, 0x63, 0x73, 0x8c, 0x8c, 0x10, 0x39, 0x42, 0x10, 0x39, 0x42,
  0x10, 0x39, 0x42, 0x73, 0x8c, 0x8c, 0x39, 0x63, 0x63, 0x39, 0x63, 0x63,
  0x73, 0x8c, 0x8c, 0x39, 0x63, 0x63, 0x73, 0x8c, 0x8c, 0x73, 0x8c, 0x8c,
  0x39, 0x63, 0x63, 0x73, 0x8c, 0x8c, 0x73, 0x8c, 0x8c, 0x39, 0x63, 0x63,
  0x73, 0x8c, 0x8c, 0x10, 0x39, 0x42, 0x10, 0x39, 0x42, 0x10, 0x39, 0x42,
  0x10, 0x39, 0x42, 0x39, 0x63, 0x63, 0x10, 0x39, 0x42, 0x39, 0x63, 0x63,
  0x39, 0x63, 0x63, 0x10, 0x39, 0x42, 0x10, 0x39, 0x42, 0x10, 0x39, 0x42,
  0x39, 0x63, 0x63, 0x10, 0x39, 0x42, 0x39, 0x63, 0x63, 0x39, 0x63, 0x63,
  0x10, 0x39, 0x42, 0x10, 0x39, 0x42, 0x39, 0x63, 0x63, 0x10, 0x39, 0x42,
  0x39, 0x63, 0x63, 0x10, 0x39, 0x42, 0x39, 0x63, 0x63, 0x10, 0x39, 0x42,
  0x39, 0x63, 0x63, 0x10, 0x39, 0x42, 0x39, 0x63, 0x63, 0x10, 0x39, 0x42,
  0x10, 0x39, 0x42, 0x10, 0x39, 0x42, 0x39, 0x63, 0x63, 0x73, 0x8c, 0x8c,
  0x39, 0x63, 0x63, 0x10, 0x39, 0x42, 0x39, 0x63, 0x63, 0x10, 0x39, 0x42,
  0x39, 0x63, 0x63, 0x73, 0x8c, 0x8c, 0x10, 0x39, 0x42, 0x39, 0x63, 0x63,
  0x10, 0x39, 0x42, 0x10, 0x39, 0x42, 0x10, 0x39, 0x42, 0x39, 0x63, 0x63,
  0x10, 0x39, 0x42, 0x10, 0x39, 0x42, 0x10, 0x39, 0x42, 0x10, 0x39, 0x42,
  0x73, 0x8c, 0x8c, 0x73, 0x8c, 0x8c, 0x73, 0x8c, 0x8c, 0x39, 0x63, 0x63,
  0x39, 0x63, 0x63, 0x73, 0x8c, 0x8c, 0x73, 0x8c, 0x8c, 0x39, 0x63, 0x63,
  0x10, 0x39, 0x42, 0x10, 0x39, 0x42, 0x10, 0x39, 0x42, 0x39, 0x63, 0x63,
  0x10, 0x39, 0x42, 0x73, 0x8c, 0x8c, 0x73, 0x8c, 0x8c, 0x39, 0x63, 0x63,
  0x39, 0x63, 0x63, 0x39, 0x63, 0x63, 0x73, 0x8c, 0x8c, 0x39, 0x63, 0x63,
  0x10, 0x39, 0x42, 0x39, 0x63, 0x63, 0x10, 0x39, 0x42, 0x10, 0x39, 0x42,
  0x73, 0x8c, 0x8c, 0x73, 0x8c, 0x8c, 0x39, 0x63, 0x63, 0x39, 0x63, 0x63,
  0x10, 0x39, 0x42, 0x10, 0x39, 0x42, 0x10, 0x39, 0x42, 0x10, 0x39, 0x42,
  0x39, 0x63, 0x63, 0x10, 0x39, 0x42, 0x39, 0x63, 0x63, 0x10, 0x39, 0x42,
  0x10, 0x39, 0x42, 0x52, 0x9c, 0xf7, 0x52, 0x9c, 0xf7, 0x52, 0x9c, 0xf7,
  0x52, 0x9c, 0xf7, 0x52, 0x9c, 0xf7, 0x52, 0x9c, 0xf7, 0x52, 0x9c, 0xf7,
  0x52, 0x9c, 0xf7, 0x52, 0x9c, 0xf7, 0x52, 0x9c, 0xf7, 0x52, 0x9c, 0xf7,
  0x52, 0x9c, 0xf7, 0x52, 0x9c, 0xf7, 0x52, 0x9c, 0xf7, 0x52, 0x9c, 0xf7,
  0x52, 0x9c, 0xf7, 0x52, 0x9c, 0xf7, 0x52, 0x9c, 0xf7, 0x52, 0x9c, 0xf7,
  0x52, 0x9c, 0xf7, 0x52, 0x9c, 0xf7, 0x52, 0x9c, 0xf7, 0x52, 0x9c, 0xf7,
  0x52, 0x9c, 0xf7, 0x52, 0x9c, 0xf7, 0x52, 0x9c, 0xf7, 0x52, 0x9c, 0xf7,
  0x52, 0x9c, 0xf7, 0x52, 0x9c, 0xf7, 0x52, 0x9c, 0xf7, 0x52, 0x9c, 0xf7,
  0x52, 0x9c, 0xf7, 0x52, 0x9c, 0xf7, 0x52, 0x9c, 0xf7, 0x52, 0x9c, 0xf7,
  0x52, 0x9c, 0xf7, 0x52, 0x9c, 0xf7, 0x52, 0x9c, 0xf7, 0x52, 0x9c, 0xf7,
  0x52, 0x9c, 0xf7, 0x52, 0x9c, 0xf7, 0x52, 0x9c, 0xf7, 0x52, 0x9c, 0xf7,
  0x52, 0x9c, 0xf7, 0x52, 0x9c, 0xf7, 0x52, 0x9c, 0xf7, 0x52, 0x9c, 0xf7,
  0x52, 0x9c, 0xf7, 0x52, 0x9c, 0xf7, 0x52, 0x9c, 0xf7, 0x52, 0x9c, 0xf7,
  0x52, 0x9c, 0xf7, 0x52, 0x9c, 0xf7, 0x52, 0x9c, 0xf7, 0x52, 0x9c, 0xf7,
  0x52, 0x9c, 0xf7, 0x52, 0x9c, 0xf7, 0x52, 0x9c, 0xf7, 0x52, 0x9c, 0xf7,
  0x52, 0x9c, 0xf7, 0x52, 0x9c, 0xf7, 0x52, 0x9c, 0xf7, 0x52, 0x9c, 0xf7,
  0x52, 0x9c, 0xf7, 0x52, 0x9c, 0xf7, 0x52, 0x9c, 0xf7, 0x52, 0x9c, 0xf7,
  0x52, 0x9c, 0xf7, 0x52, 0x9c, 0xf7, 0x52, 0x9c, 0xf7, 0x52, 0x9c, 0xf7,
  0x52, 0x9c, 0xf7, 0x52, 0x9c, 0xf7, 0x52, 0x9c, 0xf7, 0x52, 0x9c, 0xf7,
  0x52, 0x9c, 0xf7, 0x39, 0x63, 0x63, 0x73, 0x8c, 0x8c, 0x39, 0x63, 0x63,
  0x39, 0x63, 0x63, 0x73, 0x8c, 0x8c, 0x39, 0x63, 0x63, 0x73, 0x8c, 0x8c,
  0x10, 0x39, 0x42, 0x10, 0x39, 0x42, 0x10, 0x39, 0x42, 0x10, 0x39, 0x42,
  0x73, 0x8c, 0x8c, 0x73, 0x8c, 0x8c, 0x39, 0x63, 0x63, 0x39, 0x63, 0x63,
  0x39, 0x63, 0x63, 0x39, 0x63, 0x63, 0x39, 0x63, 0x63, 0x10, 0x39, 0x42,
  0x10, 0x39, 0x42, 0x73, 0x8c, 0x8c, 0x73, 0x8c, 0x8c, 0x39, 0x63, 0x63,
  0x73, 0x8c, 0x8c, 0x73, 0x8c, 0x8c, 0x10, 0x39, 0x42, 0x10, 0x39, 0x42,
  0x39, 0x63, 0x63, 0x10, 0x39, 0x42, 0x39, 0x63, 0x63, 0x39, 0x63, 0x63,
  0x10, 0x39, 0x42, 0x10, 0x39, 0x42, 0x39, 0x63, 0x63, 0x10, 0x39, 0x42,
  0x39, 0x63, 0x63, 0x10, 0x39, 0x42, 0x10, 0x39, 0x42, 0x10, 0x39, 0x42,
  0x39, 0x63, 0x63, 0x73, 0x8c, 0x8c, 0x73, 0x8c, 0x8c, 0x10, 0x39, 0x42,
  0x10, 0x39, 0x42, 0x10, 0x39, 0x42, 0x10, 0x39, 0x42, 0x39, 0x63, 0x63,
  0x73, 0x8c, 0x8c, 0x39, 0x63, 0x63, 0x39, 0x63, 0x63, 0x73, 0x8c, 0x8c,
  0x39, 0x63, 0x63, 0x73, 0x8c, 0x8c, 0x39, 0x63, 0x63, 0x39, 0x63, 0x63,
  0x10, 0x39, 0x42, 0x10, 0x39, 0x42, 0x39, 0x63, 0x63, 0x10, 0x39, 0x42,
  0x10, 0x39, 0x42, 0x39, 0x63, 0x63, 0x10, 0x39, 0x42, 0x10, 0x39, 0x42,
  0x39, 0x63, 0x63, 0x10, 0x39, 0x42, 0x39, 0x63, 0x63, 0x10, 0x39, 0x42,
  0x10, 0x39, 0x42, 0x39, 0x63, 0x63, 0x10, 0x39, 0x42, 0x73, 0x8c, 0x8c,
  0x39, 0x63, 0x63, 0x39, 0x63, 0x63, 0x73, 0x8c, 0x8c, 0x39, 0x63, 0x63,
  0x39, 0x63, 0x63, 0x73, 0x8c, 0x8c, 0x10, 0x39, 0x42, 0x10, 0x39, 0x42,
  0x39, 0x63, 0x63, 0x10, 0x39, 0x42, 0x10, 0x39, 0x42, 0x10, 0x39, 0x42,
  0x73, 0x8c, 0x8c, 0x39, 0x63, 0x63, 0x73, 0x8c, 0x8c, 0x39, 0x63, 0x63,
  0x73, 0x8c, 0x8c, 0x73, 0x8c, 0x8c, 0x39, 0x63, 0x63, 0x73, 0x8c, 0x8c,
  0x39, 0x63, 0x63, 0x73, 0x8c, 0x8c, 0x39, 0x63, 0x63, 0x39, 0x63, 0x63,
  0x73, 0x8c, 0x8c, 0x39, 0x63, 0x63, 0x39, 0x63, 0x63, 0x10, 0x39, 0x42,
  0x39, 0x63, 0x63, 0x10, 0x39, 0x42, 0x10, 0x39, 0x42, 0x39, 0x63, 0x63,
  0x10, 0x39, 0x42, 0x10, 0x39, 0x42, 0x10, 0x39, 0x42, 0x10, 0x39, 0x42,
  0x10, 0x39, 0x42, 0x10, 0x39, 0x42, 0x10, 0x39, 0x42, 0x10, 0x39, 0x42,
  0x10, 0x39, 0x42, 0x10, 0x39, 0x42, 0x10, 0x39, 0x42, 0x10, 0x39, 0x42,
  0x10, 0x39, 0x42, 0x10, 0x39, 0x42, 0x10, 0x39, 0x42, 0x10, 0x39, 0x42,
  0x10, 0x39, 0x42, 0x10, 0x39, 0x42, 0x39, 0x63, 0x63, 0x39, 0x63, 0x63,
  0x10, 0x39, 0x42, 0x10, 0x39, 0x42, 0x10, 0x39, 0x42, 0x39, 0x63, 0x63,
  0x10, 0x39, 0x42, 0x39, 0x63, 0x63, 0x10, 0x39, 0x42, 0x10, 0x39, 0x42,
  0x73, 0x8c, 0x8c, 0x73, 0x8c, 0x8c, 0x10, 0x39, 0x42, 0x39, 0x63, 0x63,
  0x39, 0x63, 0x63, 0x10, 0x39, 0x42, 0x10, 0x39, 0x42, 0x10, 0x39, 0x42,
  0x10, 0x39, 0x42, 0x39, 0x63, 0x63, 0x10, 0x39, 0x42, 0x39, 0x63, 0x63,
  0x73, 0x8c, 0x8c, 0x39, 0x63, 0x63, 0x73, 0x8c, 0x8c, 0x39, 0x63, 0x63,
  0x73, 0x8c, 0x8c, 0x73, 0x8c, 0x8c, 0x39, 0x63, 0x63, 0x10, 0x39, 0x42,
  0x10, 0x39, 0x42, 0x10, 0x39, 0x42, 0x10, 0x39, 0x42, 0x39, 0x63, 0x63,
  0x10, 0x39, 0x42, 0x39, 0x63, 0x63, 0x39, 0x63, 0x63, 0x73, 0x8c, 0x8c,
  0x73, 0x8c, 0x8c, 0x73, 0x8c, 0x8c, 0x10, 0x39, 0x42, 0x39, 0x63, 0x63,
  0x10, 0x39, 0x42, 0x10, 0x39, 0x42, 0x10, 0x39, 0x42, 0x39, 0x63, 0x63,
  0x39, 0x63, 0x63, 0x73, 0x8c, 0x8c, 0x39, 0x63, 0x63, 0x10, 0x39, 0x42,
  0x10, 0x39, 0x42, 0x10, 0x39, 0x42, 0x39, 0x63, 0x63, 0x10, 0x39, 0x42,
  0x39, 0x63, 0x63, 0x10, 0x39, 0x42, 0x10, 0x39, 0x42, 0x10, 0x39, 0x42,
  0x10, 0x39, 0x42, 0x52, 0x9c, 0xf7, 0x52, 0x9c, 0xf7, 0x52, 0x9c, 0xf7,
  0x52, 0x9c, 0xf7, 0x52, 0x9c, 0xf7, 0x52, 0x9c, 0xf7, 0x52, 0x9c, 0xf7,
  0x52, 0x9c, 0xf7, 0x52, 0x9c, 0xf7, 0x52, 0x9c, 0xf7, 0x52, 0x9c, 0xf7,
  0x52, 0x9c, 0xf7, 0x52, 0x9c, 0xf7, 0x52, 0x9c, 0xf7, 0x52, 0x9c, 0xf7,
  0x52, 0x9c, 0xf7, 0x52, 0x9c, 0xf7, 0x52, 0x9c, 0xf7, 0x52, 0x9c, 0xf7,
  0x52, 0x9c, 0xf7, 0x52, 0x9c, 0xf7, 0x52, 0x9c, 0xf7, 0x52, 0x9c, 0xf7,
  0x52, 0x9c, 0xf7, 0x52, 0x9c, 0xf7, 0x52, 0x9c, 0xf7, 0x52, 0x9c, 0xf7,
  0x52, 0x9c, 0xf7, 0x52, 0x9c, 0xf7, 0x52, 0x9c, 0xf7, 0x52, 0x9c, 0xf7,
  0x52, 0x9c, 0xf7, 0x52, 0x9c, 0xf7, 0x52, 0x9c, 0xf7, 0x52, 0x9c, 0xf7,
  0x52, 0x9c, 0xf7, 0x52, 0x9c, 0xf7, 0x52, 0x9c, 0xf7, 0x52, 0x9c, 0xf7,
  0x52, 0x9c, 0xf7, 0x52, 0x9c, 0xf7, 0x52, 0x9c, 0xf7, 0x52, 0x9c, 0xf7,
  0x52, 0x9c, 0xf7, 0x52, 0x9c, 0xf7, 0x52, 0x9c, 0xf7, 0x52, 0x9c, 0xf7,
  0x52, 0x9c, 0xf7, 0x52, 0x9c, 0xf7, 0x52, 0x9c, 0xf7, 0x52, 0x9c, 0xf7,
  0x52, 0x9c, 0xf7, 0x52, 0x9c, 0xf7, 0x52, 0x9c, 0xf7, 0x52, 0x9c, 0xf7,
  0x52, 0x9c, 0xf7, 0x52, 0x9c, 0xf7, 0x52, 0x9c, 0xf7, 0x52, 0x9c, 0xf7,
  0x52, 0x9c, 0xf7, 0x52, 0x9c, 0xf7, 0x52, 0x9c, 0xf7, 0x52, 0x9c, 0xf7,
  0x52, 0x9c, 0xf7, 0x52, 0x9c, 0xf7, 0x52, 0x9c, 0xf7, 0x52, 0x9c, 0xf7,
  0x52, 0x9c, 0xf7, 0x52, 0x9c, 0xf7, 0x52, 0x9c, 0xf7, 0x52, 0x9c, 0xf7,
  0x52, 0x9c, 0xf7, 0x52, 0x9c, 0xf7, 0x52, 0x9c, 0xf7, 0x52, 0x9c, 0xf7,
  0x52, 0x9c, 0xf7, 0x39, 0x63, 0x63, 0x73, 0x8c, 0x8c, 0x39, 0x63, 0x63,
  0x73, 0x8c, 0x8c, 0x39, 0x63, 0x63, 0x73, 0x8c, 0x8c, 0x73, 0x8c, 0x8c,
  0x39, 0x63, 0x63, 0x39, 0x63, 0x63, 0x10, 0x39, 0x42, 0x10, 0x39, 0x42,
  0x73, 0x8c, 0x8c, 0x73, 0x8c, 0x8c, 0x39, 0x63, 0x63, 0x39, 0x63, 0x63,
  0x10, 0x39, 0x42, 0x10, 0x39, 0x42, 0x39, 0x63, 0x63, 0x10, 0x39, 0x42,
  0x39, 0x63, 0x63, 0x39, 0x63, 0x63, 0x73, 0x8c, 0x8c, 0x73, 0x8c, 0x8c,
  0x39, 0x63, 0x63, 0x39, 0x63, 0x63, 0x10, 0x39, 0x42, 0x10, 0x39, 0x42,
  0x39, 0x63, 0x63, 0x39, 0x63, 0x63, 0x10, 0x39, 0x42, 0x39, 0x63, 0x63,
  0x39, 0x63, 0x63, 0x39, 0x63, 0x63, 0x39, 0x63, 0x63, 0x73, 0x8c, 0x8c,
  0x10, 0x39, 0x42, 0x39, 0x63, 0x63, 0x10, 0x39, 0x42, 0x10, 0x39, 0x42,
  0x10, 0x39, 0x42, 0x73, 0x8c, 0x8c, 0x10, 0x39, 0x42, 0x10, 0x39, 0x42,
  0x10, 0x39, 0x42, 0x10, 0x39, 0x42, 0x10, 0x39, 0x42, 0x39, 0x63, 0x63,
  0x39, 0x63, 0x63, 0x73, 0x8c, 0x8c, 0x39, 0x63, 0x63, 0x73, 0x8c, 0x8c,
  0x73, 0x8c, 0x8c, 0x73, 0x8c, 0x8c, 0x39, 0x63, 0x63, 0x39, 0x63, 0x63,
  0x39, 0x63, 0x63, 0x39, 0x63, 0x63, 0x39, 0x63, 0x63, 0x39, 0x63, 0x63,
  0x10, 0x39, 0x42, 0x10, 0x39, 0x42, 0x39, 0x63, 0x63, 0x10, 0x39, 0x42,
  0x10, 0x39, 0x42, 0x39, 0x63, 0x63, 0x39, 0x63, 0x63, 0x39, 0x63, 0x63,
  0x10, 0x39, 0x42, 0x73, 0x8c, 0x8c, 0x10, 0x39, 0x42, 0x39, 0x63, 0x63,
  0x73, 0x8c, 0x8c, 0x39, 0x63, 0x63, 0x39, 0x63, 0x63, 0x73, 0x8c, 0x8c,
  0x73, 0x8c, 0x8c, 0x39, 0x63, 0x63, 0x10, 0x39, 0x42, 0x10, 0x39, 0x42,
  0x39, 0x63, 0x63, 0x39, 0x63, 0x63, 0x10, 0x39, 0x42, 0x73, 0x8c, 0x8c,
  0x73, 0x8c, 0x8c, 0x39, 0x63, 0x63, 0x39, 0x63, 0x63, 0x73, 0x8c, 0x8c,
  0x39, 0x63, 0x63, 0x39, 0x63, 0x63, 0x73, 0x8c, 0x8c, 0x73, 0x8c, 0x8c,
  0x73, 0x8c, 0x8c, 0x39, 0x63, 0x63, 0x73, 0x8c, 0x8c, 0x73, 0x8c, 0x8c,
  0x39, 0x63, 0x63, 0x73, 0x8c, 0x8c, 0x10, 0x39, 0x42, 0x10, 0x39, 0x42,
  0x10, 0x39, 0x42, 0x39, 0x63, 0x63, 0x39, 0x63, 0x63, 0x39, 0x63, 0x63,
  0x39, 0x63, 0x63, 0x10, 0x39, 0x42, 0x39, 0x63, 0x63, 0x73, 0x8c, 0x8c,
  0x73, 0x8c, 0x8c, 0x39, 0x63, 0x63, 0x73, 0x8c, 0x8c, 0x39, 0x63, 0x63,
  0x73, 0x8c, 0x8c, 0x73, 0x8c, 0x8c, 0x39, 0x63, 0x63, 0x73, 0x8c, 0x8c,
  0x73, 0x8c, 0x8c, 0x10, 0x39, 0x42, 0x10, 0x39, 0x42, 0x10, 0x39, 0x42,
  0x39, 0x63, 0x63, 0x39, 0x63, 0x63, 0x10, 0x39, 0x42, 0x10, 0x39, 0x42,
  0x39, 0x63, 0x63, 0x39, 0x63, 0x63, 0x10, 0x39, 0x42, 0x10, 0x39, 0x42,
  0x10, 0x39, 0x42, 0x10, 0x39, 0x42, 0x39, 0x63, 0x63, 0x10, 0x39, 0x42,
  0x39, 0x63, 0x63, 0x73, 0x8c, 0x8c, 0x73, 0x8c, 0x8c, 0x73, 0x8c, 0x8c,
  0x10, 0x39, 0x42, 0x10, 0x39, 0x42, 0x10, 0x39, 0x42, 0x10, 0x39, 0x42,
  0x39, 0x63, 0x63, 0x10, 0x39, 0x42, 0x10, 0x39, 0x42, 0x10, 0x39, 0x42,
  0x39, 0x63, 0x63, 0x73, 0x8c, 0x8c, 0x73, 0x8c, 0x8c, 0x73, 0x8c, 0x8c,
  0x73, 0x8c, 0x8c, 0x39, 0x63, 0x63, 0x39, 0x63, 0x63, 0x10, 0x39, 0x42,
  0x10, 0x39, 0x42, 0x39, 0x63, 0x63, 0x39, 0x63, 0x63, 0x39, 0x63, 0x63,
  0x73, 0x8c, 0x8c, 0x73, 0x8c, 0x8c, 0x73, 0x8c, 0x8c, 0x39, 0x63, 0x63,
  0x73, 0x8c, 0x8c, 0x73, 0x8c, 0x8c, 0x73, 0x8c, 0x8c, 0x10, 0x39, 0x42,
  0x10, 0x39, 0x42, 0x10, 0x39, 0x42, 0x39, 0x63, 0x63, 0x73, 0x8c, 0x8c,
  0x73, 0x8c, 0x8c, 0x39, 0x63, 0x63, 0x39, 0x63, 0x63, 0x39, 0x63, 0x63,
  0x10, 0x39, 0x42, 0x10, 0x39, 0x42, 0x39, 0x63, 0x63, 0x10, 0x39, 0x42,
  0x10, 0x39, 0x42, 0x10, 0x39, 0x42, 0x10, 0x39, 0x42, 0x10, 0x39, 0x42,
  0x10, 0x39, 0x42, 0x10, 0x39, 0x42, 0x52, 0x9c, 0xf7, 0x52, 0x9c, 0xf7,
  0x52, 0x9c, 0xf7, 0x52, 0x9c, 0xf7, 0x52, 0x9c, 0xf7, 0x52, 0x9c, 0xf7,
  0x52, 0x9c, 0xf7, 0x52, 0x9c, 0xf7, 0x52, 0x9c, 0xf7, 0x52, 0x9c, 0xf7,
  0x52, 0x9c, 0xf7, 0x52, 0x9c, 0xf7, 0x52, 0x9c, 0xf7, 0x52, 0x9c, 0xf7,
  0x52, 0x9c, 0xf7, 0x52, 0x9c, 0xf7, 0x52, 0x9c, 0xf7, 0x52, 0x9c, 0xf7,
  0x52, 0x9c, 0xf7, 0x52, 0x9c, 0xf7, 0x52, 0x9c, 0xf7, 0x52, 0x9c, 0xf7,
  0x52, 0x9c, 0xf7, 0x52, 0x9c, 0xf7, 0x52, 0x9c, 0xf7, 0x52, 0x9c, 0xf7,
  0x52, 0x9c, 0xf7, 0x52, 0x9c, 0xf7, 0x52, 0x9c, 0xf7, 0x52, 0x9c, 0xf7,
  0x52, 0x9c, 0xf7, 0x52, 0x9c, 0xf7, 0x52, 0x9c, 0xf7, 0x52, 0x9c, 0xf7,
  0x52, 0x9c, 0xf7, 0x52, 0x9c, 0xf7, 0x52, 0x9c, 0xf7, 0x52, 0x9c, 0xf7,
  0x52, 0x9c, 0xf7, 0x52, 0x9c, 0xf7, 0x52, 0x9c, 0xf7, 0x52, 0x9c, 0xf7,
  0x52, 0x9c, 0xf7, 0x52, 0x9c, 0xf7, 0x52, 0x9c, 0xf7, 0x52, 0x9c, 0xf7,
  0x52, 0x9c, 0xf7, 0x52, 0x9c, 0xf7, 0x52, 0x9c, 0xf7, 0x52, 0x9c, 0xf7,
  0x52, 0x9c, 0xf7, 0x52, 0x9c, 0xf7, 0x52, 0x9c, 0xf7, 0x52, 0x9c, 0xf7,
  0x52, 0x9c, 0xf7, 0x52, 0x9c, 0xf7, 0x52, 0x9c, 0xf7, 0x52, 0x9c, 0xf7,
  0x52, 0x9c, 0xf7, 0x52, 0x9c, 0xf7, 0x52, 0x9c, 0xf7, 0x52, 0x9c, 0xf7,
  0x52, 0x9c, 0xf7, 0x52, 0x9c, 0xf7, 0x52, 0x9c, 0xf7, 0x52, 0x9c, 0xf7,
  0x52, 0x9c, 0xf7, 0x52, 0x9c, 0xf7, 0x52, 0x9c, 0xf7, 0x52, 0x9c, 0xf7,
  0x52, 0x9c, 0xf7, 0x52, 0x9c, 0xf7, 0x52, 0x9c, 0xf7, 0x52, 0x9c, 0xf7,
  0x39, 0x63, 0x63, 0x73, 0x8c, 0x8c, 0x39, 0x63, 0x63, 0x73, 0x8c, 0x8c,
  0x73, 0x8c, 0x8c, 0x73, 0x8c, 0x8c, 0x73, 0x8c, 0x8c, 0x73, 0x8c, 0x8c,
  0x10, 0x39, 0x42, 0x39, 0x63, 0x63, 0x39, 0x63, 0x63, 0x10, 0x39, 0x42,
  0x73, 0x8c, 0x8c, 0x39, 0x63, 0x63, 0x39, 0x63, 0x63, 0x10, 0x39, 0x42,
  0x10, 0x39, 0x42, 0x10, 0x39, 0x42, 0x39, 0x63, 0x63, 0x39, 0x63, 0x63,
  0x10, 0x39, 0x42, 0x73, 0x8c, 0x8c, 0x39, 0x63, 0x63, 0x39, 0x63, 0x63,
  0x73, 0x8c, 0x8c, 0x73, 0x8c, 0x8c, 0x39, 0x63, 0x63, 0x10, 0x39, 0x42,
  0x39, 0x63, 0x63, 0x39, 0x63, 0x63, 0x39, 0x63, 0x63, 0x39, 0x63, 0x63,
  0x10, 0x39, 0x42, 0x39, 0x63, 0x63, 0x10, 0x39, 0x42, 0x39, 0x63, 0x63,
  0x73, 0x8c, 0x8c, 0x39, 0x63, 0x63, 0x10, 0x39, 0x42, 0x10, 0x39, 0x42,
  0x10, 0x39, 0x42, 0x39, 0x63, 0x63, 0x10, 0x39, 0x42, 0x10, 0x39, 0x42,
  0x10, 0x39, 0x42, 0x10, 0x39, 0x42, 0x39, 0x63, 0x63, 0x10, 0x39, 0x42,
  0x10, 0x39, 0x42, 0x39, 0x63, 0x63, 0x39, 0x63, 0x63, 0x39, 0x63, 0x63,
  0x39, 0x63, 0x63, 0x73, 0x8c, 0x8c, 0x39, 0x63, 0x63, 0x39, 0x63, 0x63,
  0x73, 0x8c, 0x8c, 0x39, 0x63, 0x63, 0x10, 0x39, 0x42, 0x39, 0x63, 0x63,
  0x10, 0x39, 0x42, 0x10, 0x39, 0x42, 0x39, 0x63, 0x63, 0x39, 0x63, 0x63,
  0x10, 0x39, 0x42, 0x10, 0x39, 0x42, 0x39, 0x63, 0x63, 0x10, 0x39, 0x42,
  0x10, 0x39, 0x42, 0x39, 0x63, 0x63, 0x10, 0x39, 0x42, 0x39, 0x63, 0x63,
  0x39, 0x63, 0x63, 0x73, 0x8c, 0x8c, 0x73, 0x8c, 0x8c, 0x73, 0x8c, 0x8c,
  0x39, 0x63, 0x63, 0x10, 0x39, 0x42, 0x10, 0x39, 0x42, 0x10, 0x39, 0x42,
  0x39, 0x63, 0x63, 0x10, 0x39, 0x42, 0x73, 0x8c, 0x8c, 0x39, 0x63, 0x63,
  0x39, 0x63, 0x63, 0x73, 0x8c, 0x8c, 0x39, 0x63, 0x63, 0x39, 0x63, 0x63,
  0x39, 0x63, 0x63, 0x73, 0x8c, 0x8c, 0x39, 0x63, 0x63, 0x39, 0x63, 0x63,
  0x73, 0x8c, 0x8c, 0x73, 0x8c, 0x8c, 0x73, 0x8c, 0x8c, 0x39, 0x63, 0x63,
  0x39, 0x63, 0x63, 0x73, 0x8c, 0x8c, 0x39, 0x63, 0x63, 0x39, 0x63, 0x63,
  0x39, 0x63, 0x63, 0x10, 0x39, 0x42, 0x10, 0x39, 0x42, 0x39, 0x63, 0x63,
  0x10, 0x39, 0x42, 0x10, 0x39, 0x42, 0x39, 0x63, 0x63, 0x39, 0x63, 0x63,
  0x39, 0x63, 0x63, 0x39, 0x63, 0x63, 0x73, 0x8c, 0x8c, 0x39, 0x63, 0x63,
  0x39, 0x63, 0x63, 0x73, 0x8c, 0x8c, 0x73, 0x8c, 0x8c, 0x73, 0x8c, 0x8c,
  0x39, 0x63, 0x63, 0x73, 0x8c, 0x8c, 0x73, 0x8c, 0x8c, 0x10, 0x39, 0x42,
  0x10, 0x39, 0x42, 0x10, 0x39, 0x42, 0x10, 0x39, 0x42, 0x10, 0x39, 0x42,
  0x10, 0x39, 0x42, 0x10, 0x39, 0x42, 0x10, 0x39, 0x42, 0x10, 0x39, 0x42,
  0x10, 0x39, 0x42, 0x10, 0x39, 0x42, 0x10, 0x39, 0x42, 0x10, 0x39, 0x42,
  0x39, 0x63, 0x63, 0x73, 0x8c, 0x8c, 0x39, 0x63, 0x63, 0x10, 0x39, 0x42,
  0x10, 0x39, 0x42, 0x10, 0x39, 0x42, 0x10, 0x39, 0x42, 0x10, 0x39, 0x42,
  0x10, 0x39, 0x42, 0x10, 0x39, 0x42, 0x10, 0x39, 0x42, 0x10, 0x39, 0x42,
  0x73, 0x8c, 0x8c, 0x39, 0x63, 0x63, 0x73, 0x8c, 0x8c, 0x39, 0x63, 0x63,
  0x39, 0x63, 0x63, 0x73, 0x8c, 0x8c, 0x73, 0x8c, 0x8c, 0x39, 0x63, 0x63,
  0x10, 0x39, 0x42, 0x39, 0x63, 0x63, 0x10, 0x39, 0x42, 0x39, 0x63, 0x63,
  0x10, 0x39, 0x42, 0x39, 0x63, 0x63, 0x39, 0x63, 0x63, 0x39, 0x63, 0x63,
  0x73, 0x8c, 0x8c, 0x39, 0x63, 0x63, 0x10, 0x39, 0x42, 0x10, 0x39, 0x42,
  0x39, 0x63, 0x63, 0x10, 0x39, 0x42, 0x10, 0x39, 0x42, 0x39, 0x63, 0x63,
  0x73, 0x8c, 0x8c, 0x73, 0x8c, 0x8c, 0x39, 0x63, 0x63, 0x39, 0x63, 0x63,
  0x10, 0x39, 0x42, 0x39, 0x63, 0x63, 0x39, 0x63, 0x63, 0x10, 0x39, 0x42,
  0x39, 0x63, 0x63, 0x10, 0x39, 0x42, 0x10, 0x39, 0x42, 0x39, 0x63, 0x63,
  0x39, 0x63, 0x63, 0x10, 0x39, 0x42, 0x10, 0x39, 0x42, 0x52, 0x9c, 0xf7,
  0x52, 0x9c, 0xf7, 0x52, 0x9c, 0xf7, 0x52, 0x9c, 0xf7, 0x52, 0x9c, 0xf7,
  0x52, 0x9c, 0xf7, 0x52, 0x9c, 0xf7, 0x52, 0x9c, 0xf7, 0x52, 0x9c, 0xf7,
  0x52, 0x9c, 0xf7, 0x52, 0x9c, 0xf7, 0x52, 0x9c, 0xf7, 0x52, 0x9c, 0xf7,
  0x52, 0x9c, 0xf7, 0x52, 0x9c, 0xf7, 0x52, 0x9c, 0xf7, 0x52, 0x9c, 0xf7,
  0x52, 0x9c, 0xf7, 0x52, 0x9c, 0xf7, 0x52, 0x9c, 0xf7, 0x52, 0x9c, 0xf7,
  0x52, 0x9c, 0xf7, 0x52, 0x9c, 0xf7, 0x52, 0x9c, 0xf7, 0x52, 0x9c, 0xf7,
  0x52, 0x9c, 0xf7, 0x52, 0x9c, 0xf7, 0x52, 0x9c, 0xf7, 0x52, 0x9c, 0xf7,
  0x52, 0x9c, 0xf7, 0x52, 0x9c, 0xf7, 0x52, 0x9c, 0xf7, 0x52, 0x9c, 0xf7,
  0x52, 0x9c, 0xf7, 0x52, 0x9c, 0xf7, 0x52, 0x9c, 0xf7, 0x52, 0x9c, 0xf7,
  0x52, 0x9c, 0xf7, 0x52, 0x9c, 0xf7, 0x52, 0x9c, 0xf7, 0x52, 0x9c, 0xf7,
  0x52, 0x9c, 0xf7, 0x52, 0x9c, 0xf7, 0x52, 0x9c, 0xf7, 0x52, 0x9c, 0xf7,
  0x52, 0x9c, 0xf7, 0x52, 0x9c, 0xf7, 0x52, 0x9c, 0xf7, 0x52, 0x9c, 0xf7,
  0x52, 0x9c, 0xf7, 0x52, 0x9c, 0xf7, 0x52, 0x9c, 0xf7, 0x52, 0x9c, 0xf7,
  0x52, 0x9c, 0xf7, 0x52, 0x9c, 0xf7, 0x52, 0x9c, 0xf7, 0x52, 0x9c, 0xf7,
  0x52, 0x9c, 0xf7, 0x52, 0x9c, 0xf7, 0x52, 0x9c, 0xf7, 0x52, 0x9c, 0xf7,
  0x52, 0x9c, 0xf7, 0x52, 0x9c, 0xf7, 0x52, 0x9c, 0xf7, 0x52, 0x9c, 0xf7,
  0x52, 0x9c, 0xf7, 0x52, 0x9c, 0xf7, 0x52, 0x9c, 0xf7, 0x52, 0x9c, 0xf7,
  0x52, 0x9c, 0xf7, 0x52, 0x9c, 0xf7, 0x52, 0x9c, 0xf7, 0x39, 0x63, 0x63,
  0x39, 0x63, 0x63, 0x73, 0x8c, 0x8c, 0x39, 0x63, 0x63, 0x39, 0x63, 0x63,
  0x73, 0x8c, 0x8c, 0x73, 0x8c, 0x8c, 0x73, 0x8c, 0x8c, 0x10, 0x39, 0x42,
  0x39, 0x63, 0x63, 0x39, 0x63, 0x63, 0x10, 0x39, 0x42, 0x10, 0x39, 0x42,
  0x73, 0x8c, 0x8c, 0x39, 0x63, 0x63, 0x39, 0x63, 0x63, 0x10, 0x39, 0x42,
  0x39, 0x63, 0x63, 0x10, 0x39, 0x42, 0x39, 0x63, 0x63, 0x39, 0x63, 0x63,
  0x39, 0x63, 0x63, 0x73, 0x8c, 0x8c, 0x73, 0x8c, 0x8c, 0x39, 0x63, 0x63,
  0x39, 0x63, 0x63, 0x39, 0x63, 0x63, 0x10, 0x39, 0x42, 0x10, 0x39, 0x42,
  0x10, 0x39, 0x42, 0x39, 0x63, 0x63, 0x39, 0x63, 0x63, 0x10, 0x39, 0x42,
  0x10, 0x39, 0x42, 0x39, 0x63, 0x63, 0x10, 0x39, 0x42, 0x39, 0x63, 0x63,
  0x73, 0x8c, 0x8c, 0x10, 0x39, 0x42, 0x10, 0x39, 0x42, 0x39, 0x63, 0x63,
  0x10, 0x39, 0x42, 0x39, 0x63, 0x63, 0x73, 0x8c, 0x8c, 0x73, 0x8c, 0x8c,
  0x39, 0x63, 0x63, 0x73, 0x8c, 0x8c, 0x73, 0x8c, 0x8c, 0x10, 0x39, 0x42,
  0x10, 0x39, 0x42, 0x10, 0x39, 0x42, 0x10, 0x39, 0x42, 0x39, 0x63, 0x63,
  0x39, 0x63, 0x63, 0x73, 0x8c, 0x8c, 0x73, 0x8c, 0x8c, 0x73, 0x8c, 0x8c,
  0x73, 0x8c, 0x8c, 0x73, 0x8c, 0x8c, 0x39, 0x63, 0x63, 0x10, 0x39, 0x42,
  0x10, 0x39, 0x42, 0x10, 0x39, 0x42, 0x10, 0x39, 0x42, 0x10, 0x39, 0x42,
  0x10, 0x39, 0x42, 0x39, 0x63, 0x63, 0x10, 0x39, 0x42, 0x10, 0x39, 0x42,
  0x10, 0x39, 0x42, 0x73, 0x8c, 0x8c, 0x73, 0x8c, 0x8c, 0x73, 0x8c, 0x8c,
  0x73, 0x8c, 0x8c, 0x73, 0x8c, 0x8c, 0x39, 0x63, 0x63, 0x73, 0x8c, 0x8c,
  0x39, 0x63, 0x63, 0x10, 0x39, 0x42, 0x10, 0x39, 0x42, 0x39, 0x63, 0x63,
  0x10, 0x39, 0x42, 0x10, 0x39, 0x42, 0x73, 0x8c, 0x8c, 0x73, 0x8c, 0x8c,
  0x39, 0x63, 0x63, 0x73, 0x8c, 0x8c, 0x73, 0x8c, 0x8c, 0x39, 0x63, 0x63,
  0x73, 0x8c, 0x8c, 0x73, 0x8c, 0x8c, 0x73, 0x8c, 0x8c, 0x73, 0x8c, 0x8c,
  0x73, 0x8c, 0x8c, 0x73, 0x8c, 0x8c, 0x39, 0x63, 0x63, 0x73, 0x8c, 0x8c,
  0x73, 0x8c, 0x8c, 0x39, 0x63, 0x63, 0x73, 0x8c, 0x8c, 0x39, 0x63, 0x63,
  0x10, 0x39, 0x42, 0x39, 0x63, 0x63, 0x10, 0x39, 0x42, 0x10, 0x39, 0x42,
  0x10, 0x39, 0x42, 0x39, 0x63, 0x63, 0x39, 0x63, 0x63, 0x10, 0x39, 0x42,
  0x73, 0x8c, 0x8c, 0x73, 0x8c, 0x8c, 0x39, 0x63, 0x63, 0x73, 0x8c, 0x8c,
  0x39, 0x63, 0x63, 0x73, 0x8c, 0x8c, 0x39, 0x63, 0x63, 0x39, 0x63, 0x63,
  0x39, 0x63, 0x63, 0x39, 0x63, 0x63, 0x73, 0x8c, 0x8c, 0x73, 0x8c, 0x8c,
  0x73, 0x8c, 0x8c, 0x73, 0x8c, 0x8c, 0x39, 0x63, 0x63, 0x39, 0x63, 0x63,
  0x39, 0x63, 0x63, 0x10, 0x39, 0x42, 0x10, 0x39, 0x42, 0x39, 0x63, 0x63,
  0x39, 0x63, 0x63, 0x10, 0x39, 0x42, 0x10, 0x39, 0x42, 0x10, 0x39, 0x42,
  0x10, 0x39, 0x42, 0x73, 0x8c, 0x8c, 0x39, 0x63, 0x63, 0x10, 0x39, 0x42,
  0x39, 0x63, 0x63, 0x10, 0x39, 0x42, 0x10, 0x39, 0x42, 0x10, 0x39, 0x42,
  0x10, 0x39, 0x42, 0x39, 0x63, 0x63, 0x73, 0x8c, 0x8c, 0x39, 0x63, 0x63,
  0x39, 0x63, 0x63, 0x73, 0x8c, 0x8c, 0x73, 0x8c, 0x8c, 0x73, 0x8c, 0x8c,
  0x73, 0x8c, 0x8c, 0x39, 0x63, 0x63, 0x10, 0x39, 0x42, 0x39, 0x63, 0x63,
  0x10, 0x39, 0x42, 0x10, 0x39, 0x42, 0x10, 0x39, 0x42, 0x10, 0x39, 0x42,
  0x10, 0x39, 0x42, 0x73, 0x8c, 0x8c, 0x39, 0x63, 0x63, 0x73, 0x8c, 0x8c,
  0x73, 0x8c, 0x8c, 0x73, 0x8c, 0x8c, 0x39, 0x63, 0x63, 0x10, 0x39, 0x42,
  0x10, 0x39, 0x42, 0x39, 0x63, 0x63, 0x10, 0x39, 0x42, 0x39, 0x63, 0x63,
  0x39, 0x63, 0x63, 0x73, 0x8c, 0x8c, 0x39, 0x63, 0x63, 0x10, 0x39, 0x42,
  0x10, 0x39, 0x42, 0x10, 0x39, 0x42, 0x39, 0x63, 0x63, 0x39, 0x63, 0x63,
  0x10, 0x39, 0x42, 0x10, 0x39, 0x42, 0x39, 0x63, 0x63, 0x39, 0x63, 0x63,
  0x10, 0x39, 0x42, 0x10, 0x39, 0x42, 0x10, 0x39, 0x42, 0x52, 0x9c, 0xf7,
  0x52, 0x9c, 0xf7, 0x52, 0x9c, 0xf7, 0x52, 0x9c, 0xf7, 0x52, 0x9c, 0xf7,
  0x52, 0x9c, 0xf7, 0x52, 0x9c, 0xf7, 0x52, 0x9c, 0xf7, 0x52, 0x9c, 0xf7,
  0x52, 0x9c, 0xf7, 0x52, 0x9c, 0xf7, 0x52, 0x9c, 0xf7, 0x52, 0x9c, 0xf7,
  0x52, 0x9c, 0xf7, 0x52, 0x9c, 0xf7, 0x52, 0x9c, 0xf7, 0x52, 0x9c, 0xf7,
  0x52, 0x9c, 0xf7, 0x52, 0x9c, 0xf7, 0x52, 0x9c, 0xf7, 0x52, 0x9c, 0xf7,
  0x52, 0x9c, 0xf7, 0x52, 0x9c, 0xf7, 0x52, 0x9c, 0xf7, 0x52, 0x9c, 0xf7,
  0x52, 0x9c, 0xf7, 0x52, 0x9c, 0xf7, 0x52, 0x9c, 0xf7, 0x52, 0x9c, 0xf7,
  0x52, 0x9c, 0xf7, 0x52, 0x9c, 0xf7, 0x52, 0x9c, 0xf7, 0x52, 0x9c, 0xf7,
  0x52, 0x9c, 0xf7, 0x52, 0x9c, 0xf7, 0x52, 0x9c, 0xf7, 0x52, 0x9c, 0xf7,
  0x52, 0x9c, 0xf7, 0x52, 0x9c, 0xf7, 0x52, 0x9c, 0xf7, 0x52, 0x9c, 0xf7,
  0x52, 0x9c, 0xf7, 0x52, 0x9c, 0xf7, 0x52, 0x9c, 0xf7, 0x52, 0x9c, 0xf7,
  0x52, 0x9c, 0xf7, 0x52, 0x9c, 0xf7, 0x52, 0x9c, 0xf7, 0x52, 0x9c, 0xf7,
  0x52, 0x9c, 0xf7, 0x52, 0x9c, 0xf7, 0x52, 0x9c, 0xf7, 0x52, 0x9c, 0xf7,
  0x52, 0x9c, 0xf7, 0x52, 0x9c, 0xf7, 0x52, 0x9c, 0xf7, 0x52, 0x9c, 0xf7,
  0x52, 0x9c, 0xf7, 0x52, 0x9c, 0xf7, 0x52, 0x9c, 0xf7, 0x52, 0x9c, 0xf7,
  0x52, 0x9c, 0xf7, 0x52, 0x9c, 0xf7, 0x52, 0x9c, 0xf7, 0x52, 0x9c, 0xf7,
  0x52, 0x9c, 0xf7, 0x52, 0x9c, 0xf7, 0x52, 0x9c, 0xf7, 0x52, 0x9c, 0xf7,
  0x52, 0x9c, 0xf7, 0x52, 0x9c, 0xf7, 0x39, 0x63, 0x63, 0x39, 0x63, 0x63,
  0x73, 0x8c, 0x8c, 0x39, 0x63, 0x63, 0x73, 0x8c, 0x8c, 0x73, 0x8c, 0x8c,
  0x73, 0x8c, 0x8c, 0x73, 0x8c, 0x8c, 0x73, 0x8c, 0x8c, 0x10, 0x39, 0x42,
  0x39, 0x63, 0x63, 0x10, 0x39, 0x42, 0x10, 0x39, 0x42, 0x73, 0x8c, 0x8c,
  0x73, 0x8c, 0x8c, 0x73, 0x8c, 0x8c, 0x39, 0x63, 0x63, 0x10, 0x39, 0x42,
  0x10, 0x39, 0x42, 0x10, 0x39, 0x42, 0x10, 0x39, 0x42, 0x39, 0x63, 0x63,
  0x39, 0x63, 0x63, 0x39, 0x63, 0x63, 0x73, 0x8c, 0x8c, 0x73, 0x8c, 0x8c,
  0x73, 0x8c, 0x8c, 0x39, 0x63, 0x63, 0x10, 0x39, 0x42, 0x10, 0x39, 0x42,
  0x39, 0x63, 0x63, 0x39, 0x63, 0x63, 0x10, 0x39, 0x42, 0x10, 0x39, 0x42,
  0x10, 0x39, 0x42, 0x10, 0x39, 0x42, 0x10, 0x39, 0x42, 0x73, 0x8c, 0x8c,
  0x10, 0x39, 0x42, 0x39, 0x63, 0x63, 0x73, 0x8c, 0x8c, 0x10, 0x39, 0x42,
  0x73, 0x8c, 0x8c, 0x73, 0x8c, 0x8c, 0x73, 0x8c, 0x8c, 0x39, 0x63, 0x63,
  0x73, 0x8c, 0x8c, 0x39, 0x63, 0x63, 0x39, 0x63, 0x63, 0x73, 0x8c, 0x8c,
  0x39, 0x63, 0x63, 0x10, 0x39, 0x42, 0x10, 0x39, 0x42, 0x10, 0x39, 0x42,
  0x39, 0x63, 0x63, 0x39, 0x63, 0x63, 0x73, 0x8c, 0x8c, 0x39, 0x63, 0x63,
  0x10, 0x39, 0x42, 0x39, 0x63, 0x63, 0x10, 0x39, 0x42, 0x10, 0x39, 0x42,
  0x10, 0x39, 0x42, 0x39, 0x63, 0x63, 0x39, 0x63, 0x63, 0x10, 0x39, 0x42,
  0x10, 0x39, 0x42, 0x39, 0x63, 0x63, 0x39, 0x63, 0x63, 0x39, 0x63, 0x63,
  0x10, 0x39, 0x42, 0x39, 0x63, 0x63, 0x10, 0x39, 0x42, 0x10, 0x39, 0x42,
  0x39, 0x63, 0x63, 0x39, 0x63, 0x63, 0x73, 0x8c, 0x8c, 0x39, 0x63, 0x63,
  0x39, 0x63, 0x63, 0x10, 0x39, 0x42, 0x39, 0x63, 0x63, 0x10, 0x39, 0x42,
  0x73, 0x8c, 0x8c, 0x39, 0x63, 0x63, 0x73, 0x8c, 0x8c, 0x39, 0x63, 0x63,
  0x73, 0x8c, 0x8c, 0x39, 0x63, 0x63, 0x39, 0x63, 0x63, 0x73, 0x8c, 0x8c,
  0x39, 0x63, 0x63, 0x73, 0x8c, 0x8c, 0x73, 0x8c, 0x8c, 0x39, 0x63, 0x63,
  0x39, 0x63, 0x63, 0x39, 0x63, 0x63, 0x39, 0x63, 0x63, 0x73, 0x8c, 0x8c,
  0x73, 0x8c, 0x8c, 0x39, 0x63, 0x63, 0x73, 0x8c, 0x8c, 0x39, 0x63, 0x63,
  0x10, 0x39, 0x42, 0x39, 0x63, 0x63, 0x39, 0x63, 0x63, 0x39, 0x63, 0x63,
  0x10, 0x39, 0x42, 0x39, 0x63, 0x63, 0x10, 0x39, 0x42, 0x10, 0x39, 0x42,
  0x39, 0x63, 0x63, 0x73, 0x8c, 0x8c, 0x10, 0x39, 0x42, 0x39, 0x63, 0x63,
  0x73, 0x8c, 0x8c, 0x73, 0x8c, 0x8c, 0x73, 0x8c, 0x8c, 0x39, 0x63, 0x63,
  0x73, 0x8c, 0x8c, 0x39, 0x63, 0x63, 0x39, 0x63, 0x63, 0x73, 0x8c, 0x8c,
  0x39, 0x63, 0x63, 0x73, 0x8c, 0x8c, 0x10, 0x39, 0x42, 0x10, 0x39, 0x42,
  0x10, 0x39, 0x42, 0x10, 0x39, 0x42, 0x10, 0x39, 0x42, 0x10, 0x39, 0x42,
  0x10, 0x39, 0x42, 0x10, 0x39, 0x42, 0x39, 0x63, 0x63, 0x39, 0x63, 0x63,
  0x10, 0x39, 0x42, 0x39, 0x63, 0x63, 0x39, 0x63, 0x63, 0x39, 0x63, 0x63,
  0x39, 0x63, 0x63, 0x10, 0x39, 0x42, 0x39, 0x63, 0x63, 0x10, 0x39, 0x42,
  0x10, 0x39, 0x42, 0x39, 0x63, 0x63, 0x39, 0x63, 0x63, 0x73, 0x8c, 0x8c,
  0x73, 0x8c, 0x8c, 0x73, 0x8c, 0x8c, 0x39, 0x63, 0x63, 0x73, 0x8c, 0x8c,
  0x73, 0x8c, 0x8c, 0x73, 0x8c, 0x8c, 0x39, 0x63, 0x63, 0x39, 0x63, 0x63,
  0x10, 0x39, 0x42, 0x10, 0x39, 0x42, 0x10, 0x39, 0x42, 0x10, 0x39, 0x42,
  0x10, 0x39, 0x42, 0x39, 0x63, 0x63, 0x73, 0x8c, 0x8c, 0x39, 0x63, 0x63,
  0x39, 0x63, 0x63, 0x73, 0x8c, 0x8c, 0x10, 0x39, 0x42, 0x10, 0x39, 0x42,
  0x10, 0x39, 0x42, 0x39, 0x63, 0x63, 0x39, 0x63, 0x63, 0x10, 0x39, 0x42,
  0x10, 0x39, 0x42, 0x39, 0x63, 0x63, 0x39, 0x63, 0x63, 0x39, 0x63, 0x63,
  0x39, 0x63, 0x63, 0x10, 0x39, 0x42, 0x10, 0x39, 0x42, 0x10, 0x39, 0x42,
  0x39, 0x63, 0x63, 0x39, 0x63, 0x63, 0x10, 0x39, 0x42, 0x10, 0x39, 0x42,
  0x10, 0x39, 0x42, 0x10, 0x39, 0x42, 0x10, 0x39, 0x42, 0x10, 0x39, 0x42,
  0x52, 0x9c, 0xf7, 0x52, 0x9c, 0xf7, 0x52, 0x9c, 0xf7, 0x52, 0x9c, 0xf7,
  0x52, 0x9c, 0xf7, 0x52, 0x9c, 0xf7, 0x52, 0x9c, 0xf7, 0x52, 0x9c, 0xf7,
  0x52, 0x9c, 0xf7, 0x52, 0x9c, 0xf7, 0x52, 0x9c, 0xf7, 0x52, 0x9c, 0xf7,
  0x52, 0x9c, 0xf7, 0x52, 0x9c, 0xf7, 0x52, 0x9c, 0xf7, 0x52, 0x9c, 0xf7,
  0x52, 0x9c, 0xf7, 0x52, 0x9c, 0xf7, 0x52, 0x9c, 0xf7, 0x52, 0x9c, 0xf7,
  0x52, 0x9c, 0xf7, 0x52, 0x9c, 0xf7, 0x52, 0x9c, 0xf7, 0x52, 0x9c, 0xf7,
  0x52, 0x9c, 0xf7, 0x52, 0x9c, 0xf7, 0x52, 0x9c, 0xf7, 0x52, 0x9c, 0xf7,
  0x52, 0x9c, 0xf7, 0x52, 0x9c, 0xf7, 0x52, 0x9c, 0xf7, 0x52, 0x9c, 0xf7,
  0x52, 0x9c, 0xf7, 0x52, 0x9c, 0xf7, 0x52, 0x9c, 0xf7, 0x52, 0x9c, 0xf7,
  0x52, 0x9c, 0xf7, 0x52, 0x9c, 0xf7, 0x52, 0x9c, 0xf7, 0x52, 0x9c, 0xf7,
  0x52, 0x9c, 0xf7, 0x52, 0x9c, 0xf7, 0x52, 0x9c, 0xf7, 0x52, 0x9c, 0xf7,
  0x52, 0x9c, 0xf7, 0x52, 0x9c, 0xf7, 0x52, 0x9c, 0xf7, 0x52, 0x9c, 0xf7,
  0x52, 0x9c, 0xf7, 0x52, 0x9c, 0xf7, 0x52, 0x9c, 0xf7, 0x52, 0x9c, 0xf7,
  0x52, 0x9c, 0xf7, 0x52, 0x9c, 0xf7, 0x52, 0x9c, 0xf7, 0x52, 0x9c, 0xf7,
  0x52, 0x9c, 0xf7, 0x52, 0x9c, 0xf7, 0x52, 0x9c, 0xf7, 0x52, 0x9c, 0xf7,
  0x52, 0x9c, 0xf7, 0x52, 0x9c, 0xf7, 0x52, 0x9c, 0xf7, 0x52, 0x9c, 0xf7,
  0x52, 0x9c, 0xf7, 0x52, 0x9c, 0xf7, 0x52, 0x9c, 0xf7, 0x52, 0x9c, 0xf7,
  0x39, 0x63, 0x63, 0x39, 0x63, 0x63, 0x73, 0x8c, 0x8c, 0x39, 0x63, 0x63,
  0x39, 0x63, 0x63, 0x39, 0x63, 0x63, 0x73, 0x8c, 0x8c, 0x39, 0x63, 0x63,
  0x39, 0x63, 0x63, 0x73, 0x8c, 0x8c, 0x73, 0x8c, 0x8c, 0x10, 0x39, 0x42,
  0x10, 0x39, 0x42, 0x10, 0x39, 0x42, 0x39, 0x63, 0x63, 0x73, 0x8c, 0x8c,
  0x73, 0x8c, 0x8c, 0x39, 0x63, 0x63, 0x39, 0x63, 0x63, 0x10, 0x39, 0x42,
  0x10, 0x39, 0x42, 0x10, 0x39, 0x42, 0x39, 0x63, 0x63, 0x39, 0x63, 0x63,
  0x10, 0x39, 0x42, 0x73, 0x8c, 0x8c, 0x39, 0x63, 0x63, 0x73, 0x8c, 0x8c,
  0x39, 0x63, 0x63, 0x73, 0x8c, 0x8c, 0x10, 0x39, 0x42, 0x39, 0x63, 0x63,
  0x10, 0x39, 0x42, 0x39, 0x63, 0x63, 0x10, 0x39, 0x42, 0x39, 0x63, 0x63,
  0x10, 0x39, 0x42, 0x39, 0x63, 0x63, 0x39, 0x63, 0x63, 0x73, 0x8c, 0x8c,
  0x10, 0x39, 0x42, 0x73, 0x8c, 0x8c, 0x73, 0x8c, 0x8c, 0x73, 0x8c, 0x8c,
  0x73, 0x8c, 0x8c, 0x39, 0x63, 0x63, 0x73, 0x8c, 0x8c, 0x73, 0x8c, 0x8c,
  0x73, 0x8c, 0x8c, 0x73, 0x8c, 0x8c, 0x39, 0x63, 0x63, 0x39, 0x63, 0x63,
  0x73, 0x8c, 0x8c, 0x39, 0x63, 0x63, 0x10, 0x39, 0x42, 0x10, 0x39, 0x42,
  0x10, 0x39, 0x42, 0x39, 0x63, 0x63, 0x39, 0x63, 0x63, 0x10, 0x39, 0x42,
  0x10, 0x39, 0x42, 0x39, 0x63, 0x63, 0x39, 0x63, 0x63, 0x10, 0x39, 0x42,
  0x10, 0x39, 0x42, 0x39, 0x63, 0x63, 0x10, 0x39, 0x42, 0x10, 0x39, 0x42,
  0x39, 0x63, 0x63, 0x39, 0x63, 0x63, 0x10, 0x39, 0x42, 0x10, 0x39, 0x42,
  0x39, 0x63, 0x63, 0x39, 0x63, 0x63, 0x10, 0x39, 0x42, 0x73, 0x8c, 0x8c,
  0x73, 0x8c, 0x8c, 0x73, 0x8c, 0x8c, 0x39, 0x63, 0x63, 0x73, 0x8c, 0x8c,
  0x39, 0x63, 0x63, 0x39, 0x63, 0x63, 0x10, 0x39, 0x42, 0x10, 0x39, 0x42,
  0x39, 0x63, 0x63, 0x73, 0x8c, 0x8c, 0x73, 0x8c, 0x8c, 0x39, 0x63, 0x63,
  0x39, 0x63, 0x63, 0x39, 0x63, 0x63, 0x73, 0x8c, 0x8c, 0x39, 0x63, 0x63,
  0x73, 0x8c, 0x8c, 0x73, 0x8c, 0x8c, 0x39, 0x63, 0x63, 0x39, 0x63, 0x63,
  0x73, 0x8c, 0x8c, 0x39, 0x63, 0x63, 0x73, 0x8c, 0x8c, 0x39, 0x63, 0x63,
  0x39, 0x63, 0x63, 0x73, 0x8c, 0x8c, 0x39, 0x63, 0x63, 0x39, 0x63, 0x63,
  0x39, 0x63, 0x63, 0x10, 0x39, 0x42, 0x10, 0x39, 0x42, 0x39, 0x63, 0x63,
  0x39, 0x63, 0x63, 0x10, 0x39, 0x42, 0x10, 0x39, 0x42, 0x39, 0x63, 0x63,
  0x39, 0x63, 0x63, 0x10, 0x39, 0x42, 0x10, 0x39, 0x42, 0x39, 0x63, 0x63,
  0x39, 0x63, 0x63, 0x39, 0x63, 0x63, 0x39, 0x63, 0x63, 0x73, 0x8c, 0x8c,
  0x73, 0x8c, 0x8c, 0x73, 0x8c, 0x8c, 0x39, 0x63, 0x63, 0x73, 0x8c, 0x8c,
  0x73, 0x8c, 0x8c, 0x39, 0x63, 0x63, 0x73, 0x8c, 0x8c, 0x10, 0x39, 0x42,
  0x73, 0x8c, 0x8c, 0x10, 0x39, 0x42, 0x39, 0x63, 0x63, 0x10, 0x39, 0x42,
  0x10, 0x39, 0x42, 0x10, 0x39, 0x42, 0x10, 0x39, 0x42, 0x39, 0x63, 0x63,
  0x10, 0x39, 0x42, 0x10, 0x39, 0x42, 0x10, 0x39, 0x42, 0x39, 0x63, 0x63,
  0x10, 0x39, 0x42, 0x39, 0x63, 0x63, 0x10, 0x39, 0x42, 0x10, 0x39, 0x42,
  0x73, 0x8c, 0x8c, 0x73, 0x8c, 0x8c, 0x73, 0x8c, 0x8c, 0x73, 0x8c, 0x8c,
  0x39, 0x63, 0x63, 0x39, 0x63, 0x63, 0x73, 0x8c, 0x8c, 0x39, 0x63, 0x63,
  0x73, 0x8c, 0x8c, 0x39, 0x63, 0x63, 0x73, 0x8c, 0x8c, 0x73, 0x8c, 0x8c,
  0x10, 0x39, 0x42, 0x10, 0x39, 0x42, 0x10, 0x39, 0x42, 0x39, 0x63, 0x63,
  0x39, 0x63, 0x63, 0x39, 0x63, 0x63, 0x73, 0x8c, 0x8c, 0x73, 0x8c, 0x8c,
  0x73, 0x8c, 0x8c, 0x73, 0x8c, 0x8c, 0x39, 0x63, 0x63, 0x10, 0x39, 0x42,
  0x10, 0x39, 0x42, 0x10, 0x39, 0x42, 0x10, 0x39, 0x42, 0x10, 0x39, 0x42,
  0x39, 0x63, 0x63, 0x39, 0x63, 0x63, 0x73, 0x8c, 0x8c, 0x39, 0x63, 0x63,
  0x10, 0x39, 0x42, 0x10, 0x39, 0x42, 0x39, 0x63, 0x63, 0x10, 0x39, 0x42,
  0x10, 0x39, 0x42, 0x10, 0x39, 0x42, 0x10, 0x39, 0x42, 0x10, 0x39, 0x42,
  0x10, 0x39, 0x42, 0x39, 0x63, 0x63, 0x39, 0x63, 0x63, 0x10, 0x39, 0x42,
  0x10, 0x39, 0x42, 0x52, 0x9c, 0xf7, 0x52, 0x9c, 0xf7, 0x52, 0x9c, 0xf7,
  0x52, 0x9c, 0xf7, 0x52, 0x9c, 0xf7, 0x52, 0x9c, 0xf7, 0x52, 0x9c, 0xf7,
  0x52, 0x9c, 0xf7, 0x52, 0x9c, 0xf7, 0x52, 0x9c, 0xf7, 0x52, 0x9c, 0xf7,
  0x52, 0x9c, 0xf7, 0x52, 0x9c, 0xf7, 0x52, 0x9c, 0xf7, 0x52, 0x9c, 0xf7,
  0x52, 0x9c, 0xf7, 0x52, 0x9c, 0xf7, 0x52, 0x9c, 0xf7, 0x52, 0x9c, 0xf7,
  0x52, 0x9c, 0xf7, 0x52, 0x9c, 0xf7, 0x52, 0x9c, 0xf7, 0x52, 0x9c, 0xf7,
  0x52, 0x9c, 0xf7, 0x52, 0x9c, 0xf7, 0x52, 0x9c, 0xf7, 0x52, 0x9c, 0xf7,
  0x52, 0x9c, 0xf7, 0x52, 0x9c, 0xf7, 0x52, 0x9c, 0xf7, 0x52, 0x9c, 0xf7,
  0x52, 0x9c, 0xf7, 0x52, 0x9c, 0xf7, 0x52, 0x9c, 0xf7, 0x52, 0x9c, 0xf7,
  0x52, 0x9c, 0xf7, 0x52, 0x9c, 0xf7, 0x52, 0x9c, 0xf7, 0x52, 0x9c, 0xf7,
  0x52, 0x9c, 0xf7, 0x52, 0x9c, 0xf7, 0x52, 0x9c, 0xf7, 0x52, 0x9c, 0xf7,
  0x52, 0x9c, 0xf7, 0x52, 0x9c, 0xf7, 0x52, 0x9c, 0xf7, 0x52, 0x9c, 0xf7,
  0x52, 0x9c, 0xf7, 0x52, 0x9c, 0xf7, 0x52, 0x9c, 0xf7, 0x52, 0x9c, 0xf7,
  0x52, 0x9c, 0xf7, 0x52, 0x9c, 0xf7, 0x52, 0x9c, 0xf7, 0x52, 0x9c, 0xf7,
  0x52, 0x9c, 0xf7, 0x52, 0x9c, 0xf7, 0x52, 0x9c, 0xf7, 0x52, 0x9c, 0xf7,
  0x52, 0x9c, 0xf7, 0x52, 0x9c, 0xf7, 0x52, 0x9c, 0xf7, 0x52, 0x9c, 0xf7,
  0x52, 0x9c, 0xf7, 0x52, 0x9c, 0xf7, 0x52, 0x9c, 0xf7, 0x52, 0x9c, 0xf7,
  0x39, 0x63, 0x63, 0x73, 0x8c, 0x8c, 0x73, 0x8c, 0x8c, 0x73, 0x8c, 0x8c,
  0x73, 0x8c, 0x8c, 0x39, 0x63, 0x63, 0x39, 0x63, 0x63, 0x73, 0x8c, 0x8c,
  0x39, 0x63, 0x63, 0x10, 0x39, 0x42, 0x73, 0x8c, 0x8c, 0x39, 0x63, 0x63,
  0x10, 0x39, 0x42, 0x73, 0x8c, 0x8c, 0x39, 0x63, 0x63, 0x73, 0x8c, 0x8c,
  0x39, 0x63, 0x63, 0x39, 0x63, 0x63, 0x10, 0x39, 0x42, 0x10, 0x39, 0x42,
  0x10, 0x39, 0x42, 0x39, 0x63, 0x63, 0x10, 0x39, 0x42, 0x39, 0x63, 0x63,
  0x10, 0x39, 0x42, 0x73, 0x8c, 0x8c, 0x73, 0x8c, 0x8c, 0x73, 0x8c, 0x8c,
  0x39, 0x63, 0x63, 0x39, 0x63, 0x63, 0x39, 0x63, 0x63, 0x39, 0x63, 0x63,
  0x10, 0x39, 0x42, 0x39, 0x63, 0x63, 0x10, 0x39, 0x42, 0x39, 0x63, 0x63,
  0x10, 0x39, 0x42, 0x10, 0x39, 0x42, 0x10, 0x39, 0x42, 0x10, 0x39, 0x42,
  0x73, 0x8c, 0x8c, 0x39, 0x63, 0x63, 0x39, 0x63, 0x63, 0x73, 0x8c, 0x8c,
  0x73, 0x8c, 0x8c, 0x73, 0x8c, 0x8c, 0x39, 0x63, 0x63, 0x73, 0x8c, 0x8c,
  0x73, 0x8c, 0x8c, 0x73, 0x8c, 0x8c, 0x39, 0x63, 0x63, 0x73, 0x8c, 0x8c,
  0x39, 0x63, 0x63, 0x39, 0x63, 0x63, 0x39, 0x63, 0x63, 0x10, 0x39, 0x42,
  0x10, 0x39, 0x42, 0x10, 0x39, 0x42, 0x10, 0x39, 0x42, 0x39, 0x63, 0x63,
  0x10, 0x39, 0x42, 0x10, 0x39, 0x42, 0x10, 0x39, 0x42, 0x10, 0x39, 0x42,
  0x39, 0x63, 0x63, 0x39, 0x63, 0x63, 0x10, 0x39, 0x42, 0x10, 0x39, 0x42,
  0x39, 0x63, 0x63, 0x10, 0x39, 0x42, 0x10, 0x39, 0x42, 0x10, 0x39, 0x42,
  0x39, 0x63, 0x63, 0x10, 0x39, 0x42, 0x10, 0x39, 0x42, 0x10, 0x39, 0x42,
  0x39, 0x63, 0x63, 0x39, 0x63, 0x63, 0x39, 0x63, 0x63, 0x39, 0x63, 0x63,
  0x73, 0x8c, 0x8c, 0x39, 0x63, 0x63, 0x10, 0x39, 0x42, 0x73, 0x8c, 0x8c,
  0x39, 0x63, 0x63, 0x39, 0x63, 0x63, 0x73, 0x8c, 0x8c, 0x39, 0x63, 0x63,
  0x73, 0x8c, 0x8c, 0x73, 0x8c, 0x8c, 0x73, 0x8c, 0x8c, 0x39, 0x63, 0x63,
  0x39, 0x63, 0x63, 0x73, 0x8c, 0x8c, 0x39, 0x63, 0x63, 0x73, 0x8c, 0x8c,
  0x39, 0x63, 0x63, 0x73, 0x8c, 0x8c, 0x39, 0x63, 0x63, 0x73, 0x8c, 0x8c,
  0x39, 0x63, 0x63, 0x39, 0x63, 0x63, 0x39, 0x63, 0x63, 0x39, 0x63, 0x63,
  0x39, 0x63, 0x63, 0x10, 0x39, 0x42, 0x39, 0x63, 0x63, 0x39, 0x63, 0x63,
  0x39, 0x63, 0x63, 0x10, 0x39, 0x42, 0x10, 0x39, 0x42, 0x10, 0x39, 0x42,
  0x10, 0x39, 0x42, 0x39, 0x63, 0x63, 0x39, 0x63, 0x63, 0x10, 0x39, 0x42,
  0x39, 0x63, 0x63, 0x73, 0x8c, 0x8c, 0x39, 0x63, 0x63, 0x39, 0x63, 0x63,
  0x39, 0x63, 0x63, 0x73, 0x8c, 0x8c, 0x39, 0x63, 0x63, 0x39, 0x63, 0x63,
  0x39, 0x63, 0x63, 0x39, 0x63, 0x63, 0x73, 0x8c, 0x8c, 0x39, 0x63, 0x63,
  0x39, 0x63, 0x63, 0x39, 0x63, 0x63, 0x10, 0x39, 0x42, 0x10, 0x39, 0x42,
  0x39, 0x63, 0x63, 0x10, 0x39, 0x42, 0x10, 0x39, 0x42, 0x10, 0x39, 0x42,
  0x39, 0x63, 0x63, 0x10, 0x39, 0x42, 0x10, 0x39, 0x42, 0x10, 0x39, 0x42,
  0x10, 0x39, 0x42, 0x10, 0x39, 0x42, 0x10, 0x39, 0x42, 0x10, 0x39, 0x42,
  0x39, 0x63, 0x63, 0x73, 0x8c, 0x8c, 0x39, 0x63, 0x63, 0x39, 0x63, 0x63,
  0x73, 0x8c, 0x8c, 0x39, 0x63, 0x63, 0x39, 0x63, 0x63, 0x73, 0x8c, 0x8c,
  0x39, 0x63, 0x63, 0x73, 0x8c, 0x8c, 0x39, 0x63, 0x63, 0x39, 0x63, 0x63,
  0x10, 0x39, 0x42, 0x39, 0x63, 0x63, 0x10, 0x39, 0x42, 0x10, 0x39, 0x42,
  0x39, 0x63, 0x63, 0x73, 0x8c, 0x8c, 0x39, 0x63, 0x63, 0x39, 0x63, 0x63,
  0x73, 0x8c, 0x8c, 0x39, 0x63, 0x63, 0x10, 0x39, 0x42, 0x10, 0x39, 0x42,
  0x39, 0x63, 0x63, 0x10, 0x39, 0x42, 0x39, 0x63, 0x63, 0x10, 0x39, 0x42,
  0x39, 0x63, 0x63, 0x39, 0x63, 0x63, 0x39, 0x63, 0x63, 0x39, 0x63, 0x63,
  0x10, 0x39, 0x42, 0x10, 0x39, 0x42, 0x10, 0x39, 0x42, 0x10, 0x39, 0x42,
  0x10, 0x39, 0x42, 0x10, 0x39, 0x42, 0x39, 0x63, 0x63, 0x10, 0x39, 0x42,
  0x10, 0x39, 0x42, 0x39, 0x63, 0x63, 0x10, 0x39, 0x42, 0x39, 0x63, 0x63,
  0x10, 0x39, 0x42, 0x10, 0x39, 0x42, 0x52, 0x9c, 0xf7, 0x52, 0x9c, 0xf7,
  0x52, 0x9c, 0xf7, 0x52, 0x9c, 0xf7, 0x52, 0x9c, 0xf7, 0x52, 0x9c, 0xf7,
  0x52, 0x9c, 0xf7, 0x52, 0x9c, 0xf7, 0x52, 0x9c, 0xf7, 0x52, 0x9c, 0xf7,
  0x52, 0x9c, 0xf7, 0x52, 0x9c, 0xf7, 0x52, 0x9c, 0xf7, 0x52, 0x9c, 0xf7,
  0x52, 0x9c, 0xf7, 0x52, 0x9c, 0xf7, 0x52, 0x9c, 0xf7, 0x52, 0x9c, 0xf7,
  0x52, 0x9c, 0xf7, 0x52, 0x9c, 0xf7, 0x52, 0x9c, 0xf7, 0x52, 0x9c, 0xf7,
  0x52, 0x9c, 0xf7, 0x52, 0x9c, 0xf7, 0x52, 0x9c, 0xf7, 0x52, 0x9c, 0xf7,
  0x52, 0x9c, 0xf7, 0x52, 0x9c, 0xf7, 0x52, 0x9c, 0xf7, 0x52, 0x9c, 0xf7,
  0x52, 0x9c, 0xf7, 0x52, 0x9c, 0xf7, 0x52, 0x9c, 0xf7, 0x52, 0x9c, 0xf7,
  0x52, 0x9c, 0xf7, 0x52, 0x9c, 0xf7, 0x52, 0x9c, 0xf7, 0x52, 0x9c, 0xf7,
  0x52, 0x9c, 0xf7, 0x52, 0x9c, 0xf7, 0x52, 0x9c, 0xf7, 0x52, 0x9c, 0xf7,
  0x52, 0x9c, 0xf7, 0x52, 0x9c, 0xf7, 0x52, 0x9c, 0xf7, 0x39, 0x8c, 0x00,
  0x39, 0x8c, 0x00, 0x39, 0x8c, 0x00, 0x18, 0x52, 0x00, 0x39, 0x8c, 0x00,
  0x00, 0x29, 0x00, 0x18, 0x52, 0x00, 0x39, 0x8c, 0x00, 0x00, 0x29, 0x00,
  0x52, 0x9c, 0xf7, 0x52, 0x9c, 0xf7, 0x52, 0x9c, 0xf7, 0x52, 0x9c, 0xf7,
  0x52, 0x9c, 0xf7, 0x52, 0x9c, 0xf7, 0x52, 0x9c, 0xf7, 0x52, 0x9c, 0xf7,
  0x52, 0x9c, 0xf7, 0x52, 0x9c, 0xf7, 0x52, 0x9c, 0xf7, 0x39, 0x63, 0x63,
  0x39, 0x63, 0x63, 0x39, 0x63, 0x63, 0x10, 0x39, 0x42, 0x73, 0x8c, 0x8c,
  0x39, 0x63, 0x63, 0x10, 0x39, 0x42, 0x39, 0x63, 0x63, 0x39, 0x63, 0x63,
  0x10, 0x39, 0x42, 0x73, 0x8c, 0x8c, 0x39, 0x63, 0x63, 0x10, 0x39, 0x42,
  0x10, 0x39, 0x42, 0x39, 0x63, 0x63, 0x10, 0x39, 0x42, 0x73, 0x8c, 0x8c,
  0x39, 0x63, 0x63, 0x10, 0x39, 0x42, 0x10, 0x39, 0x42, 0x39, 0x63, 0x63,
  0x39, 0x63, 0x63, 0x39, 0x63, 0x63, 0x10, 0x39, 0x42, 0x73, 0x8c, 0x8c,
  0x73, 0x8c, 0x8c, 0x73, 0x8c, 0x8c, 0x10, 0x39, 0x42, 0x10, 0x39, 0x42,
  0x10, 0x39, 0x42, 0x39, 0x63, 0x63, 0x39, 0x63, 0x63, 0x39, 0x63, 0x63,
  0x39, 0x63, 0x63, 0x39, 0x63, 0x63, 0x10, 0x39, 0x42, 0x10, 0x39, 0x42,
  0x10, 0x39, 0x42, 0x39, 0x63, 0x63, 0x10, 0x39, 0x42, 0x39, 0x63, 0x63,
  0x73, 0x8c, 0x8c, 0x73, 0x8c, 0x8c, 0x73, 0x8c, 0x8c, 0x39, 0x63, 0x63,
  0x73, 0x8c, 0x8c, 0x73, 0x8c, 0x8c, 0x73, 0x8c, 0x8c, 0x73, 0x8c, 0x8c,
  0x39, 0x63, 0x63, 0x39, 0x63, 0x63, 0x73, 0x8c, 0x8c, 0x39, 0x63, 0x63,
  0x10, 0x39, 0x42, 0x10, 0x39, 0x42, 0x10, 0x39, 0x42, 0x39, 0x63, 0x63,
  0x10, 0x39, 0x42, 0x10, 0x39, 0x42, 0x39, 0x63, 0x63, 0x39, 0x63, 0x63,
  0x39, 0x63, 0x63, 0x39, 0x63, 0x63, 0x10, 0x39, 0x42, 0x10, 0x39, 0x42,
  0x39, 0x63, 0x63, 0x10, 0x39, 0x42, 0x39, 0x63, 0x63, 0x10, 0x39, 0x42,
  0x39, 0x63, 0x63, 0x10, 0x39, 0x42, 0x10, 0x39, 0x42, 0x10, 0x39, 0x42,
  0x10, 0x39, 0x42, 0x39, 0x63, 0x63, 0x39, 0x63, 0x63, 0x10, 0x39, 0x42,
  0x10, 0x39, 0x42, 0x73, 0x8c, 0x8c, 0x73, 0x8c, 0x8c, 0x39, 0x63, 0x63,
  0x39, 0x63, 0x63, 0x39, 0x63, 0x63, 0x10, 0x39, 0x42, 0x10, 0x39, 0x42,
  0x39, 0x63, 0x63, 0x73, 0x8c, 0x8c, 0x73, 0x8c, 0x8c, 0x73, 0x8c, 0x8c,
  0x39, 0x63, 0x63, 0x39, 0x63, 0x63, 0x73, 0x8c, 0x8c, 0x39, 0x63, 0x63,
  0x73, 0x8c, 0x8c, 0x73, 0x8c, 0x8c, 0x73, 0x8c, 0x8c, 0x73, 0x8c, 0x8c,
  0x39, 0x63, 0x63, 0x39, 0x63, 0x63, 0x39, 0x63, 0x63, 0x39, 0x63, 0x63,
  0x73, 0x8c, 0x8c, 0x39, 0x63, 0x63, 0x39, 0x63, 0x63, 0x10, 0x39, 0x42,
  0x10, 0x39, 0x42, 0x39, 0x63, 0x63, 0x10, 0x39, 0x42, 0x39, 0x63, 0x63,
  0x39, 0x63, 0x63, 0x39, 0x63, 0x63, 0x39, 0x63, 0x63, 0x10, 0x39, 0x42,
  0x10, 0x39, 0x42, 0x10, 0x39, 0x42, 0x10, 0x39, 0x42, 0x10, 0x39, 0x42,
  0x10, 0x39, 0x42, 0x10, 0x39, 0x42, 0x73, 0x8c, 0x8c, 0x73, 0x8c, 0x8c,
  0x73, 0x8c, 0x8c, 0x73, 0x8c, 0x8c, 0x39, 0x63, 0x63, 0x73, 0x8c, 0x8c,
  0x10, 0x39, 0x42, 0x39, 0x63, 0x63, 0x39, 0x63, 0x63, 0x39, 0x63, 0x63,
  0x10, 0x39, 0x42, 0x10, 0x39, 0x42, 0x39, 0x63, 0x63, 0x10, 0x39, 0x42,
  0x10, 0x39, 0x42, 0x10, 0x39, 0x42, 0x39, 0x63, 0x63, 0x10, 0x39, 0x42,
  0x39, 0x63, 0x63, 0x10, 0x39, 0x42, 0x10, 0x39, 0x42, 0x10, 0x39, 0x42,
  0x10, 0x39, 0x42, 0x39, 0x63, 0x63, 0x10, 0x39, 0x42, 0x10, 0x39, 0x42,
  0x39, 0x63, 0x63, 0x73, 0x8c, 0x8c, 0x73, 0x8c, 0x8c, 0x73, 0x8c, 0x8c,
  0x73, 0x8c, 0x8c, 0x73, 0x8c, 0x8c, 0x73, 0x8c, 0x8c, 0x73, 0x8c, 0x8c,
  0x39, 0x63, 0x63, 0x73, 0x8c, 0x8c, 0x73, 0x8c, 0x8c, 0x73, 0x8c, 0x8c,
  0x10, 0x39, 0x42, 0x10, 0x39, 0x42, 0x10, 0x39, 0x42, 0x10, 0x39, 0x42,
  0x10, 0x39, 0x42, 0x10, 0x39, 0x42, 0x39, 0x63, 0x63, 0x39, 0x63, 0x63,
  0x73, 0x8c, 0x8c, 0x10, 0x39, 0x42, 0x10, 0x39, 0x42, 0x39, 0x63, 0x63,
  0x10, 0x39, 0x42, 0x10, 0x39, 0x42, 0x39, 0x63, 0x63, 0x39, 0x63, 0x63,
  0x10, 0x39, 0x42, 0x39, 0x63, 0x63, 0x39, 0x63, 0x63, 0x10, 0x39, 0x42,
  0x10, 0x39, 0x42, 0x10, 0x39, 0x42, 0x10, 0x39, 0x42, 0x39, 0x63, 0x63,
  0x10, 0x39, 0x42, 0x10, 0x39, 0x42, 0x39, 0x63, 0x63, 0x10, 0x39, 0x42,
  0x10, 0x39, 0x42, 0x10, 0x39, 0x42, 0x10, 0x39, 0x42, 0x10, 0x39, 0x42,
  0x10, 0x39, 0x42, 0x10, 0x39, 0x42, 0x10, 0x39, 0x42, 0x52, 0x9c, 0xf7,
  0x52, 0x9c, 0xf7, 0x52, 0x9c, 0xf7, 0x52, 0x9c, 0xf7, 0x52, 0x9c, 0xf7,
  0x52, 0x9c, 0xf7, 0x52, 0x9c, 0xf7, 0x52, 0x9c, 0xf7, 0x52, 0x9c, 0xf7,
  0x52, 0x9c, 0xf7, 0x52, 0x9c, 0xf7, 0x52, 0x9c, 0xf7, 0x52, 0x9c, 0xf7,
  0x52, 0x9c, 0xf7, 0x52, 0x9c, 0xf7, 0x52, 0x9c, 0xf7, 0x52, 0x9c, 0xf7,
  0x52, 0x9c, 0xf7, 0x52, 0x9c, 0xf7, 0x52, 0x9c, 0xf7, 0x52, 0x9c, 0xf7,
  0x52, 0x9c, 0xf7, 0x52, 0x9c, 0xf7, 0x52, 0x9c, 0xf7, 0x52, 0x9c, 0xf7,
  0x52, 0x9c, 0xf7, 0x52, 0x9c, 0xf7, 0x52, 0x9c, 0xf7, 0x52, 0x9c, 0xf7,
  0x52, 0x9c, 0xf7, 0x52, 0x9c, 0xf7, 0x52, 0x9c, 0xf7, 0x52, 0x9c, 0xf7,
  0x00, 0x29, 0x00, 0x18, 0x52, 0x00, 0x52, 0x9c, 0xf7, 0x52, 0x9c, 0xf7,
  0x52, 0x9c, 0xf7, 0x52, 0x9c, 0xf7, 0x52, 0x9c, 0xf7, 0x52, 0x9c, 0xf7,
  0x39, 0x8c, 0x00, 0x18, 0x52, 0x00, 0x39, 0x8c, 0x00, 0x39, 0x8c, 0x00,
  0x39, 0x8c, 0x00, 0x39, 0x8c, 0x00, 0x39, 0x8c, 0x00, 0x18, 0x52, 0x00,
  0x18, 0x52, 0x00, 0x18, 0x52, 0x00, 0x39, 0x8c, 0x00, 0x00, 0x29, 0x00,
  0x18, 0x52, 0x00, 0x18, 0x52, 0x00, 0x39, 0x8c, 0x00, 0x18, 0x52, 0x00,
  0x52, 0x9c, 0xf7, 0x52, 0x9c, 0xf7, 0x52, 0x9c, 0xf7, 0x52, 0x9c, 0xf7,
  0x39, 0x63, 0x63, 0x39, 0x63, 0x63, 0x39, 0x63, 0x63, 0x39, 0x63, 0x63,
  0x39, 0x63, 0x63, 0x39, 0x63, 0x63, 0x39, 0x63, 0x63, 0x73, 0x8c, 0x8c,
  0x39, 0x63, 0x63, 0x10, 0x39, 0x42, 0x10, 0x39, 0x42, 0x10, 0x39, 0x42,
  0x39, 0x63, 0x63, 0x10, 0x39, 0x42, 0x10, 0x39, 0x42, 0x39, 0x63, 0x63,
  0x39, 0x63, 0x63, 0x10, 0x39, 0x42, 0x73, 0x8c, 0x8c, 0x39, 0x63, 0x63,
  0x39, 0x63, 0x63, 0x39, 0x63, 0x63, 0x39, 0x63, 0x63, 0x39, 0x63, 0x63,
  0x39, 0x63, 0x63, 0x73, 0x8c, 0x8c, 0x39, 0x63, 0x63, 0x73, 0x8c, 0x8c,
  0x73, 0x8c, 0x8c, 0x39, 0x63, 0x63, 0x39, 0x63, 0x63, 0x10, 0x39, 0x42,
  0x10, 0x39, 0x42, 0x39, 0x63, 0x63, 0x10, 0x39, 0x42, 0x10, 0x39, 0x42,
  0x10, 0x39, 0x42, 0x10, 0x39, 0x42, 0x10, 0x39, 0x42, 0x73, 0x8c, 0x8c,
  0x73, 0x8c, 0x8c, 0x10, 0x39, 0x42, 0x10, 0x39, 0x42, 0x73, 0x8c, 0x8c,
  0x39, 0x63, 0x63, 0x73, 0x8c, 0x8c, 0x39, 0x63, 0x63, 0x73, 0x8c, 0x8c,
  0x10, 0x39, 0x42, 0x39, 0x63, 0x63, 0x73, 0x8c, 0x8c, 0x39, 0x63, 0x63,
  0x10, 0x39, 0x42, 0x10, 0x39, 0x42, 0x39, 0x63, 0x63, 0x39, 0x63, 0x63,
  0x39, 0x63, 0x63, 0x73, 0x8c, 0x8c, 0x39, 0x63, 0x63, 0x73, 0x8c, 0x8c,
  0x39, 0x63, 0x63, 0x10, 0x39, 0x42, 0x10, 0x39, 0x42, 0x10, 0x39, 0x42,
  0x10, 0x39, 0x42, 0x39, 0x63, 0x63, 0x10, 0x39, 0x42, 0x10, 0x39, 0x42,
  0x73, 0x8c, 0x8c, 0x39, 0x63, 0x63, 0x39, 0x63, 0x63, 0x10, 0x39, 0x42,
  0x10, 0x39, 0x42, 0x10, 0x39, 0x42, 0x39, 0x63, 0x63, 0x39, 0x63, 0x63,
  0x10, 0x39, 0x42, 0x39, 0x63, 0x63, 0x10, 0x39, 0x42, 0x10, 0x39, 0x42,
  0x10, 0x39, 0x42, 0x39, 0x63, 0x63, 0x73, 0x8c, 0x8c, 0x73, 0x8c, 0x8c,
  0x39, 0x63, 0x63, 0x39, 0x63, 0x63, 0x39, 0x63, 0x63, 0x10, 0x39, 0x42,
  0x10, 0x39, 0x42, 0x73, 0x8c, 0x8c, 0x39, 0x63, 0x63, 0x39, 0x63, 0x63,
  0x73, 0x8c, 0x8c, 0x73, 0x8c, 0x8c, 0x39, 0x63, 0x63, 0x39, 0x63, 0x63,
  0x73, 0x8c, 0x8c, 0x39, 0x63, 0x63, 0x10, 0x39, 0x42, 0x39, 0x63, 0x63,
  0x39, 0x63, 0x63, 0x10, 0x39, 0x42, 0x10, 0x39, 0x42, 0x39, 0x63, 0x63,
  0x10, 0x39, 0x42, 0x39, 0x63, 0x63, 0x39, 0x63, 0x63, 0x10, 0x39, 0x42,
  0x39, 0x63, 0x63, 0x39, 0x63, 0x63, 0x39, 0x63, 0x63, 0x10, 0x39, 0x42,
  0x10, 0x39, 0x42, 0x39, 0x63, 0x63, 0x39, 0x63, 0x63, 0x39, 0x63, 0x63,
  0x39, 0x63, 0x63, 0x39, 0x63, 0x63, 0x39, 0x63, 0x63, 0x10, 0x39, 0x42,
  0x10, 0x39, 0x42, 0x10, 0x39, 0x42, 0x73, 0x8c, 0x8c, 0x39, 0x63, 0x63,
  0x39, 0x63, 0x63, 0x39, 0x63, 0x63, 0x39, 0x63, 0x63, 0x10, 0x39, 0x42,
  0x39, 0x63, 0x63, 0x10, 0x39, 0x42, 0x39, 0x63, 0x63, 0x39, 0x63, 0x63,
  0x39, 0x63, 0x63, 0x39, 0x63, 0x63, 0x39, 0x63, 0x63, 0x10, 0x39, 0x42,
  0x39, 0x63, 0x63, 0x39, 0x63, 0x63, 0x39, 0x63, 0x63, 0x10, 0x39, 0x42,
  0x10, 0x39, 0x42, 0x39, 0x63, 0x63, 0x10, 0x39, 0x42, 0x39, 0x63, 0x63,
  0x10, 0x39, 0x42, 0x10, 0x39, 0x42, 0x10, 0x39, 0x42, 0x39, 0x63, 0x63,
  0x73, 0x8c, 0x8c, 0x73, 0x8c, 0x8c, 0x39, 0x63, 0x63, 0x73, 0x8c, 0x8c,
  0x39, 0x63, 0x63, 0x39, 0x63, 0x63, 0x39, 0x63, 0x63, 0x39, 0x63, 0x63,
  0x73, 0x8c, 0x8c, 0x39, 0x63, 0x63, 0x73, 0x8c, 0x8c, 0x10, 0x39, 0x42,
  0x10, 0x39, 0x42, 0x10, 0x39, 0x42, 0x39, 0x63, 0x63, 0x10, 0x39, 0x42,
  0x39, 0x63, 0x63, 0x10, 0x39, 0x42, 0x39, 0x63, 0x63, 0x39, 0x63, 0x63,
  0x39, 0x63, 0x63, 0x10, 0x39, 0x42, 0x39, 0x63, 0x63, 0x10, 0x39, 0x42,
  0x10, 0x39, 0x42, 0x39, 0x63, 0x63, 0x10, 0x39, 0x42, 0x39, 0x63, 0x63,
  0x39, 0x63, 0x63, 0x39, 0x63, 0x63, 0x39, 0x63, 0x63, 0x10, 0x39, 0x42,
  0x39, 0x63, 0x63, 0x39, 0x63, 0x63, 0x39, 0x63, 0x63, 0x10, 0x39, 0x42,
  0x39, 0x63, 0x63, 0x10, 0x39, 0x42, 0x10, 0x39, 0x42, 0x39, 0x63, 0x63,
  0x39, 0x63, 0x63, 0x10, 0x39, 0x42, 0x39, 0x63, 0x63, 0x10, 0x39, 0x42,
  0x39, 0x63, 0x63, 0x10, 0x39, 0x42, 0x10, 0x39, 0x42, 0x52, 0x9c, 0xf7,
  0x52, 0x9c, 0xf7, 0x52, 0x9c, 0xf7, 0x52, 0x9c, 0xf7, 0x52, 0x9c, 0xf7,
  0x52, 0x9c, 0xf7, 0x52, 0x9c, 0xf7, 0x52, 0x9c, 0xf7, 0x52, 0x9c, 0xf7,
  0x52, 0x9c, 0xf7, 0x52, 0x9c, 0xf7, 0x52, 0x9c, 0xf7, 0x52, 0x9c, 0xf7,
  0x52, 0x9c, 0xf7, 0x52, 0x9c, 0xf7, 0x52, 0x9c, 0xf7, 0x52, 0x9c, 0xf7,
  0x52, 0x9c, 0xf7, 0x52, 0x9c, 0xf7, 0x52, 0x9c, 0xf7, 0x52, 0x9c, 0xf7,
  0x52, 0x9c, 0xf7, 0x52, 0x9c, 0xf7, 0x52, 0x9c, 0xf7, 0x52, 0x9c, 0xf7,
  0x52, 0x9c, 0xf7, 0x52, 0x9c, 0xf7, 0x52, 0x9c, 0xf7, 0x52, 0x9c, 0xf7,
  0x52, 0x9c, 0xf7, 0x52, 0x9c, 0xf7, 0x52, 0x9c, 0xf7, 0x52, 0x9c, 0xf7,
  0x00, 0x29, 0x00, 0x00, 0x29, 0x00, 0x18, 0x52, 0x00, 0x39, 0x8c, 0x00,
  0x52, 0x9c, 0xf7, 0x52, 0x9c, 0xf7, 0x18, 0x52, 0x00, 0x39, 0x8c, 0x00,
  0x39, 0x8c, 0x00, 0x18, 0x52, 0x00, 0x39, 0x8c, 0x00, 0x39, 0x8c, 0x00,
  0x39, 0x8c, 0x00, 0x00, 0x29, 0x00, 0x18, 0x52, 0x00, 0x39, 0x8c, 0x00,
  0x18, 0x52, 0x00, 0x18, 0x52, 0x00, 0x00, 0x29, 0x00, 0x39, 0x8c, 0x00,
  0x18, 0x52, 0x00, 0x39, 0x8c, 0x00, 0x39, 0x8c, 0x00, 0x18, 0x52, 0x00,
  0x18, 0x52, 0x00, 0x39, 0x8c, 0x00, 0x00, 0x29, 0x00, 0x39, 0x63, 0x63,
  0x39, 0x63, 0x63, 0x39, 0x63, 0x63, 0x10, 0x39, 0x42, 0x39, 0x63, 0x63,
  0x39, 0x63, 0x63, 0x10, 0x39, 0x42, 0x39, 0x63, 0x63, 0x39, 0x63, 0x63,
  0x10, 0x39, 0x42, 0x39, 0x63, 0x63, 0x73, 0x8c, 0x8c, 0x73, 0x8c, 0x8c,
  0x73, 0x8c, 0x8c, 0x10, 0x39, 0x42, 0x39, 0x63, 0x63, 0x73, 0x8c, 0x8c,
  0x39, 0x63, 0x63, 0x10, 0x39, 0x42, 0x39, 0x63, 0x63, 0x39, 0x63, 0x63,
  0x39, 0x63, 0x63, 0x39, 0x63, 0x63, 0x73, 0x8c, 0x8c, 0x39, 0x63, 0x63,
  0x73, 0x8c, 0x8c, 0x73, 0x8c, 0x8c, 0x73, 0x8c, 0x8c, 0x39, 0x63, 0x63,
  0x39, 0x63, 0x63, 0x39, 0x63, 0x63, 0x39, 0x63, 0x63, 0x39, 0x63, 0x63,
  0x39, 0x63, 0x63, 0x39, 0x63, 0x63, 0x39, 0x63, 0x63, 0x73, 0x8c, 0x8c,
  0x73, 0x8c, 0x8c, 0x73, 0x8c, 0x8c, 0x39, 0x63, 0x63, 0x73, 0x8c, 0x8c,
  0x39, 0x63, 0x63, 0x10, 0x39, 0x42, 0x73, 0x8c, 0x8c, 0x73, 0x8c, 0x8c,
  0x39, 0x63, 0x63, 0x10, 0x39, 0x42, 0x39, 0x63, 0x63, 0x39, 0x63, 0x63,
  0x39, 0x63, 0x63, 0x73, 0x8c, 0x8c, 0x39, 0x63, 0x63, 0x39, 0x63, 0x63,
  0x10, 0x39, 0x42, 0x39, 0x63, 0x63, 0x39, 0x63, 0x63, 0x10, 0x39, 0x42,
  0x39, 0x63, 0x63, 0x39, 0x63, 0x63, 0x73, 0x8c, 0x8c, 0x39, 0x63, 0x63,
  0x10, 0x39, 0x42, 0x10, 0x39, 0x42, 0x10, 0x39, 0x42, 0x39, 0x63, 0x63,
  0x10, 0x39, 0x42, 0x10, 0x39, 0x42, 0x10, 0x39, 0x42, 0x39, 0x63, 0x63,
  0x39, 0x63, 0x63, 0x73, 0x8c, 0x8c, 0x39, 0x63, 0x63, 0x39, 0x63, 0x63,
  0x10, 0x39, 0x42, 0x39, 0x63, 0x63, 0x39, 0x63, 0x63, 0x10, 0x39, 0x42,
  0x10, 0x39, 0x42, 0x10, 0x39, 0x42, 0x39, 0x63, 0x63, 0x39, 0x63, 0x63,
  0x10, 0x39, 0x42, 0x10, 0x39, 0x42, 0x73, 0x8c, 0x8c, 0x73, 0x8c, 0x8c,
  0x39, 0x63, 0x63, 0x73, 0x8c, 0x8c, 0x73, 0x8c, 0x8c, 0x10, 0x39, 0x42,
  0x10, 0x39, 0x42, 0x39, 0x63, 0x63, 0x10, 0x39, 0x42, 0x10, 0x39, 0x42,
  0x39, 0x63, 0x63, 0x39, 0x63, 0x63, 0x39, 0x63, 0x63, 0x73, 0x8c, 0x8c,
  0x73, 0x8c, 0x8c, 0x39, 0x63, 0x63, 0x39, 0x63, 0x63, 0x39, 0x63, 0x63,
  0x10, 0x39, 0x42, 0x10, 0x39, 0x42, 0x10, 0x39, 0x42, 0x39, 0x63, 0x63,
  0x10, 0x39, 0x42, 0x39, 0x63, 0x63, 0x10, 0x39, 0x42, 0x39, 0x63, 0x63,
  0x39, 0x63, 0x63, 0x10, 0x39, 0x42, 0x39, 0x63, 0x63, 0x10, 0x39, 0x42,
  0x39, 0x63, 0x63, 0x39, 0x63, 0x63, 0x10, 0x39, 0x42, 0x39, 0x63, 0x63,
  0x10, 0x39, 0x42, 0x39, 0x63, 0x63, 0x39, 0x63, 0x63, 0x39, 0x63, 0x63,
  0x39, 0x63, 0x63, 0x10, 0x39, 0x42, 0x10, 0x39, 0x42, 0x39, 0x63, 0x63,
  0x10, 0x39, 0x42, 0x39, 0x63, 0x63, 0x73, 0x8c, 0x8c, 0x39, 0x63, 0x63,
  0x39, 0x63, 0x63, 0x10, 0x39, 0x42, 0x10, 0x39, 0x42, 0x10, 0x39, 0x42,
  0x10, 0x39, 0x42, 0x39, 0x63, 0x63, 0x39, 0x63, 0x63, 0x10, 0x39, 0x42,
  0x39, 0x63, 0x63, 0x10, 0x39, 0x42, 0x39, 0x63, 0x63, 0x10, 0x39, 0x42,
  0x39, 0x63, 0x63, 0x10, 0x39, 0x42, 0x10, 0x39, 0x42, 0x10, 0x39, 0x42,
  0x39, 0x63, 0x63, 0x39, 0x63, 0x63, 0x10, 0x39, 0x42, 0x73, 0x8c, 0x8c,
  0x39, 0x63, 0x63, 0x10, 0x39, 0x42, 0x39, 0x63, 0x63, 0x39, 0x63, 0x63,
  0x39, 0x63, 0x63, 0x73, 0x8c, 0x8c, 0x39, 0x63, 0x63, 0x73, 0x8c, 0x8c,
  0x73, 0x8c, 0x8c, 0x39, 0x63, 0x63, 0x73, 0x8c, 0x8c, 0x73, 0x8c, 0x8c,
  0x10, 0x39, 0x42, 0x39, 0x63, 0x63, 0x39, 0x63, 0x63, 0x10, 0x39, 0x42,
  0x10, 0x39, 0x42, 0x39, 0x63, 0x63, 0x39, 0x63, 0x63, 0x10, 0x39, 0x42,
  0x39, 0x63, 0x63, 0x10, 0x39, 0x42, 0x10, 0x39, 0x42, 0x10, 0x39, 0x42,
  0x10, 0x39, 0x42, 0x10, 0x39, 0x42, 0x10, 0x39, 0x42, 0x10, 0x39, 0x42,
  0x39, 0x63, 0x63, 0x10, 0x39, 0x42, 0x10, 0x39, 0x42, 0x39, 0x63, 0x63,
  0x39, 0x63, 0x63, 0x10, 0x39, 0x42, 0x73, 0x8c, 0x8c, 0x39, 0x63, 0x63,
  0x10, 0x39, 0x42, 0x10, 0x39, 0x42, 0x39, 0x63, 0x63, 0x10, 0x39, 0x42,
  0x10, 0x39, 0x42, 0x10, 0x39, 0x42, 0x39, 0x63, 0x63, 0x10, 0x39, 0x42,
  0x10, 0x39, 0x42, 0x39, 0x63, 0x63, 0x10, 0x39, 0x42, 0x10, 0x39, 0x42,
  0x52, 0x9c, 0xf7, 0x52, 0x9c, 0xf7, 0x52, 0x9c, 0xf7, 0x52, 0x9c, 0xf7,
  0x52, 0x9c, 0xf7, 0x52, 0x9c, 0xf7, 0x52, 0x9c, 0xf7, 0x52, 0x9c, 0xf7,
  0x52, 0x9c, 0xf7, 0x52, 0x9c, 0xf7, 0x52, 0x9c, 0xf7, 0x52, 0x9c, 0xf7,
  0x52, 0x9c, 0xf7, 0x52, 0x9c, 0xf7, 0x52, 0x9c, 0xf7, 0x52, 0x9c, 0xf7,
  0x52, 0x9c, 0xf7, 0x52, 0x9c, 0xf7, 0x52, 0x9c, 0xf7, 0x52, 0x9c, 0xf7,
  0x52, 0x9c, 0xf7, 0x52, 0x9c, 0xf7, 0x52, 0x9c, 0xf7, 0x52, 0x9c, 0xf7,
  0x52, 0x9c, 0xf7, 0x52, 0x9c, 0xf7, 0x52, 0x9c, 0xf7, 0x52, 0x9c, 0xf7,
  0x52, 0x9c, 0xf7, 0x52, 0x9c, 0xf7, 0x52, 0x9c, 0xf7, 0x52, 0x9c, 0xf7,
  0x18, 0x52, 0x00, 0x00, 0x29, 0x00, 0x18, 0x52, 0x00, 0x18, 0x52, 0x00,
  0x18, 0x52, 0x00, 0x39, 0x8c, 0x00, 0x18, 0x52, 0x00, 0x39, 0x8c, 0x00,
  0x00, 0x29, 0x00, 0x18, 0x52, 0x00, 0x39, 0x8c, 0x00, 0x39, 0x8c, 0x00,
  0x39, 0x8c, 0x00, 0x18, 0x52, 0x00, 0x39, 0x8c, 0x00, 0x39, 0x8c, 0x00,
  0x00, 0x29, 0x00, 0x39, 0x8c, 0x00, 0x39, 0x8c, 0x00, 0x39, 0x8c, 0x00,
  0x39, 0x8c, 0x00, 0x18, 0x52, 0x00, 0x39, 0x8c, 0x00, 0x18, 0x52, 0x00,
  0x18, 0x52, 0x00, 0x18, 0x52, 0x00, 0x00, 0x29, 0x00, 0x39, 0x63, 0x63,
  0x39, 0x63, 0x63, 0x39, 0x63, 0x63, 0x39, 0x63, 0x63, 0x10, 0x39, 0x42,
  0x39, 0x63, 0x63, 0x10, 0x39, 0x42, 0x10, 0x39, 0x42, 0x10, 0x39, 0x42,
  0x10, 0x39, 0x42, 0x10, 0x39, 0x42, 0x10, 0x39, 0x42, 0x39, 0x63, 0x63,
  0x39, 0x63, 0x63, 0x10, 0x39, 0x42, 0x73, 0x8c, 0x8c, 0x10, 0x39, 0x42,
  0x39, 0x63, 0x63, 0x39, 0x63, 0x63, 0x39, 0x63, 0x63, 0x39, 0x63, 0x63,
  0x73, 0x8c, 0x8c, 0x39, 0x63, 0x63, 0x73, 0x8c, 0x8c, 0x73, 0x8c, 0x8c,
  0x73, 0x8c, 0x8c, 0x39, 0x63, 0x63, 0x39, 0x63, 0x63, 0x73, 0x8c, 0x8c,
  0x39, 0x63, 0x63, 0x39, 0x63, 0x63, 0x39, 0x63, 0x63, 0x39, 0x63, 0x63,
  0x39, 0x63, 0x63, 0x39, 0x63, 0x63, 0x73, 0x8c, 0x8c, 0x73, 0x8c, 0x8c,
  0x39, 0x63, 0x63, 0x10, 0x39, 0x42, 0x73, 0x8c, 0x8c, 0x39, 0x63, 0x63,
  0x39, 0x63, 0x63, 0x73, 0x8c, 0x8c, 0x73, 0x8c, 0x8c, 0x39, 0x63, 0x63,
  0x10, 0x39, 0x42, 0x39, 0x63, 0x63, 0x73, 0x8c, 0x8c, 0x10, 0x39, 0x42,
  0x39, 0x63, 0x63, 0x39, 0x63, 0x63, 0x73, 0x8c, 0x8c, 0x10, 0x39, 0x42,
  0x39, 0x63, 0x63, 0x10, 0x39, 0x42, 0x39, 0x63, 0x63, 0x39, 0x63, 0x63,
  0x39, 0x63, 0x63, 0x39, 0x63, 0x63, 0x73, 0x8c, 0x8c, 0x10, 0x39, 0x42,
  0x10, 0x39, 0x42, 0x39, 0x63, 0x63, 0x39, 0x63, 0x63, 0x10, 0x39, 0x42,
  0x10, 0x39, 0x42, 0x39, 0x63, 0x63, 0x73, 0x8c, 0x8c, 0x39, 0x63, 0x63,
  0x73, 0x8c, 0x8c, 0x73, 0x8c, 0x8c, 0x73, 0x8c, 0x8c, 0x10, 0x39, 0x42,
  0x39, 0x63, 0x63, 0x39, 0x63, 0x63, 0x39, 0x63, 0x63, 0x39, 0x63, 0x63,
  0x39, 0x63, 0x63, 0x10, 0x39, 0x42, 0x10, 0x39, 0x42, 0x39, 0x63, 0x63,
  0x39, 0x63, 0x63, 0x10, 0x39, 0x42, 0x10, 0x39, 0x42, 0x73, 0x8c, 0x8c,
  0x39, 0x63, 0x63, 0x39, 0x63, 0x63, 0x73, 0x8c, 0x8c, 0x39, 0x63, 0x63,
  0x10, 0x39, 0x42, 0x10, 0x39, 0x42, 0x10, 0x39, 0x42, 0x39, 0x63, 0x63,
  0x39, 0x63, 0x63, 0x10, 0x39, 0x42, 0x39, 0x63, 0x63, 0x39, 0x63, 0x63,
  0x73, 0x8c, 0x8c, 0x39, 0x63, 0x63, 0x10, 0x39, 0x42, 0x39, 0x63, 0x63,
  0x39, 0x63, 0x63, 0x10, 0x39, 0x42, 0x39, 0x63, 0x63, 0x10, 0x39, 0x42,
  0x10, 0x39, 0x42, 0x10, 0x39, 0x42, 0x39, 0x63, 0x63, 0x39, 0x63, 0x63,
  0x39, 0x63, 0x63, 0x39, 0x63, 0x63, 0x39, 0x63, 0x63, 0x39, 0x63, 0x63,
  0x10, 0x39, 0x42, 0x39, 0x63, 0x63, 0x39, 0x63, 0x63, 0x39, 0x63, 0x63,
  0x10, 0x39, 0x42, 0x39, 0x63, 0x63, 0x39, 0x63, 0x63, 0x10, 0x39, 0x42,
  0x39, 0x63, 0x63, 0x10, 0x39, 0x42, 0x39, 0x63, 0x63, 0x39, 0x63, 0x63,
  0x10, 0x39, 0x42, 0x39, 0x63, 0x63, 0x39, 0x63, 0x63, 0x73, 0x8c, 0x8c,
  0x39, 0x63, 0x63, 0x10, 0x39, 0x42, 0x39, 0x63, 0x63, 0x39, 0x63, 0x63,
  0x10, 0x39, 0x42, 0x10, 0x39, 0x42, 0x39, 0x63, 0x63, 0x39, 0x63, 0x63,
  0x10, 0x39, 0x42, 0x10, 0x39, 0x42, 0x39, 0x63, 0x63, 0x10, 0x39, 0x42,
  0x39, 0x63, 0x63, 0x10, 0x39, 0x42, 0x10, 0x39, 0x42, 0x10, 0x39, 0x42,
  0x39, 0x63, 0x63, 0x10, 0x39, 0x42, 0x39, 0x63, 0x63, 0x39, 0x63, 0x63,
  0x73, 0x8c, 0x8c, 0x39, 0x63, 0x63, 0x73, 0x8c, 0x8c, 0x39, 0x63, 0x63,
  0x73, 0x8c, 0x8c, 0x39, 0x63, 0x63, 0x39, 0x63, 0x63, 0x73, 0x8c, 0x8c,
  0x39, 0x63, 0x63, 0x39, 0x63, 0x63, 0x39, 0x63, 0x63, 0x10, 0x39, 0x42,
  0x10, 0x39, 0x42, 0x10, 0x39, 0x42, 0x39, 0x63, 0x63, 0x39, 0x63, 0x63,
  0x39, 0x63, 0x63, 0x39, 0x63, 0x63, 0x73, 0x8c, 0x8c, 0x39, 0x63, 0x63,
  0x10, 0x39, 0x42, 0x10, 0x39, 0x42, 0x10, 0x39, 0x42, 0x10, 0x39, 0x42,
  0x39, 0x63, 0x63, 0x10, 0x39, 0x42, 0x10, 0x39, 0x42, 0x10, 0x39, 0x42,
  0x39, 0x63, 0x63, 0x10, 0x39, 0x42, 0x39, 0x63, 0x63, 0x39, 0x63, 0x63,
  0x10, 0x39, 0x42, 0x39, 0x63, 0x63, 0x39, 0x63, 0x63, 0x73, 0x8c, 0x8c,
  0x39, 0x63, 0x63, 0x39, 0x63, 0x63, 0x10, 0x39, 0x42, 0x10, 0x39, 0x42,
  0x10, 0x39, 0x42, 0x39, 0x63, 0x63, 0x10, 0x39, 0x42, 0x10, 0x39, 0x42,
  0x10, 0x39, 0x42, 0x39, 0x63, 0x63, 0x39, 0x63, 0x63, 0x10, 0x39, 0x42,
  0x10, 0x39, 0x42, 0x52, 0x9c, 0xf7, 0x52, 0x9c, 0xf7, 0x52, 0x9c, 0xf7,
  0x52, 0x9c, 0xf7, 0x52, 0x9c, 0xf7, 0x52, 0x9c, 0xf7, 0x52, 0x9c, 0xf7,
  0x52, 0x9c, 0xf7, 0x52, 0x9c, 0xf7, 0x52, 0x9c, 0xf7, 0x52, 0x9c, 0xf7,
  0x18, 0x52, 0x00, 0x39, 0x8c, 0x00, 0x39, 0x8c, 0x00, 0x39, 0x8c, 0x00,
  0x18, 0x52, 0x00, 0x39, 0x8c, 0x00, 0x18, 0x52, 0x00, 0x39, 0x8c, 0x00,
  0x39, 0x8c, 0x00, 0x39, 0x8c, 0x00, 0x18, 0x52, 0x00, 0x39, 0x8c, 0x00,
  0x00, 0x29, 0x00, 0x00, 0x29, 0x00, 0x18, 0x52, 0x00, 0x39, 0x8c, 0x00,
  0x18, 0x52, 0x00, 0x39, 0x8c, 0x00, 0x00, 0x29, 0x00, 0x18, 0x52, 0x00,
  0x00, 0x29, 0x00, 0x00, 0x29, 0x00, 0x39, 0x8c, 0x00, 0x39, 0x8c, 0x00,
  0x39, 0x8c, 0x00, 0x18, 0x52, 0x00, 0x18, 0x52, 0x00, 0x39, 0x8c, 0x00,
  0x18, 0x52, 0x00, 0x39, 0x8c, 0x00, 0x18, 0x52, 0x00, 0x18, 0x52, 0x00,
  0x39, 0x8c, 0x00, 0x18, 0x52, 0x00, 0x39, 0x8c, 0x00, 0x00, 0x29, 0x00,
  0x18, 0x52, 0x00, 0x18, 0x52, 0x00, 0x18, 0x52, 0x00, 0x18, 0x52, 0x00,
  0x39, 0x8c, 0x00, 0x00, 0x29, 0x00, 0x18, 0x52, 0x00, 0x18, 0x52, 0x00,
  0x39, 0x8c, 0x00, 0x39, 0x8c, 0x00, 0x18, 0x52, 0x00, 0x00, 0x29, 0x00,
  0x00, 0x29, 0x00, 0x00, 0x29, 0x00, 0x39, 0x63, 0x63, 0x39, 0x63, 0x63,
  0x39, 0x63, 0x63, 0x39, 0x63, 0x63, 0x18, 0x52, 0x00, 0x10, 0x39, 0x42,
  0x10, 0x39, 0x42, 0x10, 0x39, 0x42, 0x10, 0x39, 0x42, 0x10, 0x39, 0x42,
  0x10, 0x39, 0x42, 0x39, 0x63, 0x63, 0x39, 0x63, 0x63, 0x39, 0x63, 0x63,
  0x39, 0x63, 0x63, 0x10, 0x39, 0x42, 0x39, 0x63, 0x63, 0x39, 0x63, 0x63,
  0x39, 0x63, 0x63, 0x10, 0x39, 0x42, 0x39, 0x63, 0x63, 0x10, 0x39, 0x42,
  0x39, 0x63, 0x63, 0x39, 0x63, 0x63, 0x10, 0x39, 0x42, 0x39, 0x63, 0x63,
  0x39, 0x63, 0x63, 0x39, 0x63, 0x63, 0x10, 0x39, 0x42, 0x39, 0x63, 0x63,
  0x10, 0x39, 0x42, 0x10, 0x39, 0x42, 0x10, 0x39, 0x42, 0x10, 0x39, 0x42,
  0x39, 0x63, 0x63, 0x10, 0x39, 0x42, 0x39, 0x63, 0x63, 0x10, 0x39, 0x42,
  0x10, 0x39, 0x42, 0x10, 0x39, 0x42, 0x39, 0x63, 0x63, 0x39, 0x63, 0x63,
  0x10, 0x39, 0x42, 0x10, 0x39, 0x42, 0x39, 0x63, 0x63, 0x39, 0x63, 0x63,
  0x10, 0x39, 0x42, 0x39, 0x63, 0x63, 0x39, 0x63, 0x63, 0x39, 0x63, 0x63,
  0x10, 0x39, 0x42, 0x39, 0x63, 0x63, 0x39, 0x63, 0x63, 0x10, 0x39, 0x42,
  0x39, 0x63, 0x63, 0x10, 0x39, 0x42, 0x39, 0x63, 0x63, 0x39, 0x63, 0x63,
  0x00, 0x29, 0x00, 0x39, 0x63, 0x63, 0x10, 0x39, 0x42, 0x10, 0x39, 0x42,
  0x39, 0x63, 0x63, 0x10, 0x39, 0x42, 0x10, 0x39, 0x42, 0x10, 0x39, 0x42,
  0x10, 0x39, 0x42, 0x10, 0x39, 0x42, 0x39, 0x63, 0x63, 0x39, 0x63, 0x63,
  0x10, 0x39, 0x42, 0x39, 0x63, 0x63, 0x10, 0x39, 0x42, 0x10, 0x39, 0x42,
  0x39, 0x63, 0x63, 0x39, 0x63, 0x63, 0x39, 0x63, 0x63, 0x39, 0x63, 0x63,
  0x10, 0x39, 0x42, 0x39, 0x63, 0x63, 0x39, 0x63, 0x63, 0x10, 0x39, 0x42,
  0x10, 0x39, 0x42, 0x10, 0x39, 0x42, 0x10, 0x39, 0x42, 0x39, 0x63, 0x63,
  0x10, 0x39, 0x42, 0x10, 0x39, 0x42, 0x39, 0x63, 0x63, 0x10, 0x39, 0x42,
  0x39, 0x63, 0x63, 0x39, 0x63, 0x63, 0x39, 0x63, 0x63, 0x39, 0x63, 0x63,
  0x10, 0x39, 0x42, 0x39, 0x63, 0x63, 0x10, 0x39, 0x42, 0x39, 0x63, 0x63,
  0x39, 0x63, 0x63, 0x39, 0x63, 0x63, 0x10, 0x39, 0x42, 0x39, 0x63, 0x63,
  0x10, 0x39, 0x42, 0x39, 0x63, 0x63, 0x39, 0x63, 0x63, 0x10, 0x39, 0x42,
  0x39, 0x63, 0x63, 0x39, 0x63, 0x63, 0x10, 0x39, 0x42, 0x39, 0x63, 0x63,
  0x39, 0x63, 0x63, 0x39, 0x63, 0x63, 0x10, 0x39, 0x42, 0x39, 0x63, 0x63,
  0x10, 0x39, 0x42, 0x10, 0x39, 0x42, 0x39, 0x63, 0x63, 0x10, 0x39, 0x42,
  0x39, 0x63, 0x63, 0x39, 0x63, 0x63, 0x10, 0x39, 0x42, 0x39, 0x63, 0x63,
  0x39, 0x63, 0x63, 0x39, 0x63, 0x63, 0x39, 0x63, 0x63, 0x10, 0x39, 0x42,
  0x10, 0x39, 0x42, 0x10, 0x39, 0x42, 0x10, 0x39, 0x42, 0x10, 0x39, 0x42,
  0x39, 0x63, 0x63, 0x39, 0x63, 0x63, 0x10, 0x39, 0x42, 0x10, 0x39, 0x42,
  0x39, 0x63, 0x63, 0x39, 0x63, 0x63, 0x39, 0x63, 0x63, 0x10, 0x39, 0x42,
  0x10, 0x39, 0x42, 0x10, 0x39, 0x42, 0x39, 0x63, 0x63, 0x10, 0x39, 0x42,
  0x39, 0x63, 0x63, 0x10, 0x39, 0x42, 0x39, 0x63, 0x63, 0x39, 0x63, 0x63,
  0x10, 0x39, 0x42, 0x10, 0x39, 0x42, 0x39, 0x63, 0x63, 0x39, 0x63, 0x63,
  0x39, 0x63, 0x63, 0x10, 0x39, 0x42, 0x39, 0x63, 0x63, 0x10, 0x39, 0x42,
  0x39, 0x63, 0x63, 0x39, 0x63, 0x63, 0x10, 0x39, 0x42, 0x10, 0x39, 0x42,
  0x39, 0x63, 0x63, 0x10, 0x39, 0x42, 0x39, 0x63, 0x63, 0x10, 0x39, 0x42,
  0x39, 0x63, 0x63, 0x39, 0x63, 0x63, 0x39, 0x63, 0x63, 0x10, 0x39, 0x42,
  0x39, 0x63, 0x63, 0x39, 0x63, 0x63, 0x39, 0x63, 0x63, 0x10, 0x39, 0x42,
  0x10, 0x39, 0x42, 0x39, 0x63, 0x63, 0x39, 0x63, 0x63, 0x10, 0x39, 0x42,
  0x10, 0x39, 0x42, 0x39, 0x63, 0x63, 0x10, 0x39, 0x42, 0x10, 0x39, 0x42,
  0x39, 0x63, 0x63, 0x10, 0x39, 0x42, 0x10, 0x39, 0x42, 0x10, 0x39, 0x42,
  0x39, 0x63, 0x63, 0x10, 0x39, 0x42, 0x39, 0x63, 0x63, 0x10, 0x39, 0x42,
  0x10, 0x39, 0x42, 0x10, 0x39, 0x42, 0x10, 0x39, 0x42, 0x39, 0x63, 0x63,
  0x39, 0x63, 0x63, 0x10, 0x39, 0x42, 0x10, 0x39, 0x42, 0x39, 0x63, 0x63,
  0x39, 0x63, 0x63, 0x39, 0x63, 0x63, 0x52, 0x9c, 0xf7, 0x52, 0x9c, 0xf7,
  0x52, 0x9c, 0xf7, 0x52, 0x9c, 0xf7, 0x39, 0x8c, 0x00, 0x39, 0x8c, 0x00,
  0x18, 0x52, 0x00, 0x39, 0x8c, 0x00, 0x39, 0x8c, 0x00, 0x39, 0x8c, 0x00,
  0x39, 0x8c, 0x00, 0x39, 0x8c, 0x00, 0x18, 0x52, 0x00, 0x18, 0x52, 0x00,
  0x18, 0x52, 0x00, 0x00, 0x29, 0x00, 0x39, 0x8c, 0x00, 0x39, 0x8c, 0x00,
  0x39, 0x8c, 0x00, 0x39, 0x8c, 0x00, 0x18, 0x52, 0x00, 0x39, 0x8c, 0x00,
  0x18, 0x52, 0x00, 0x18, 0x52, 0x00, 0x39, 0x8c, 0x00, 0x18, 0x52, 0x00,
  0x00, 0x29, 0x00, 0x39, 0x8c, 0x00, 0x00, 0x29, 0x00, 0x18, 0x52, 0x00,
  0x18, 0x52, 0x00, 0x39, 0x8c, 0x00, 0x00, 0x29, 0x00, 0x39, 0x8c, 0x00,
  0x00, 0x29, 0x00, 0x39, 0x8c, 0x00, 0x18, 0x52, 0x00, 0x18, 0x52, 0x00,
  0x18, 0x52, 0x00, 0x39, 0x8c, 0x00, 0x18, 0x52, 0x00, 0x18, 0x52, 0x00,
  0x39, 0x8c, 0x00, 0x00, 0x29, 0x00, 0x18, 0x52, 0x00, 0x39, 0x8c, 0x00,
  0x00, 0x29, 0x00, 0x39, 0x8c, 0x00, 0x18, 0x52, 0x00, 0x39, 0x8c, 0x00,
  0x18, 0x52, 0x00, 0x39, 0x8c, 0x00, 0x39, 0x8c, 0x00, 0x18, 0x52, 0x00,
  0x39, 0x8c, 0x00, 0x00, 0x29, 0x00, 0x00, 0x29, 0x00, 0x18, 0x52, 0x00,
  0x00, 0x29, 0x00, 0x00, 0x29, 0x00, 0x00, 0x29, 0x00, 0x00, 0x29, 0x00,
  0x00, 0x29, 0x00, 0x00, 0x29, 0x00, 0x39, 0x63, 0x63, 0x39, 0x63, 0x63,
  0x10, 0x39, 0x42, 0x39, 0x63, 0x63, 0x10, 0x39, 0x42, 0x10, 0x39, 0x42,
  0x10, 0x39, 0x42, 0x10, 0x39, 0x42, 0x10, 0x39, 0x42, 0x10, 0x39, 0x42,
  0x39, 0x63, 0x63, 0x00, 0x29, 0x00, 0x39, 0x63, 0x63, 0x00, 0x29, 0x00,
  0x10, 0x39, 0x42, 0x10, 0x39, 0x42, 0x10, 0x39, 0x42, 0x10, 0x39, 0x42,
  0x10, 0x39, 0x42, 0x10, 0x39, 0x42, 0x10, 0x39, 0x42, 0x39, 0x63, 0x63,
  0x39, 0x63, 0x63, 0x10, 0x39, 0x42, 0x10, 0x39, 0x42, 0x10, 0x39, 0x42,
  0x39, 0x63, 0x63, 0x10, 0x39, 0x42, 0x10, 0x39, 0x42, 0x39, 0x63, 0x63,
  0x10, 0x39, 0x42, 0x10, 0x39, 0x42, 0x39, 0x63, 0x63, 0x10, 0x39, 0x42,
  0x39, 0x63, 0x63, 0x39, 0x63, 0x63, 0x10, 0x39, 0x42, 0x39, 0x63, 0x63,
  0x39, 0x63, 0x63, 0x10, 0x39, 0x42, 0x10, 0x39, 0x42, 0x10, 0x39, 0x42,
  0x39, 0x63, 0x63, 0x10, 0x39, 0x42, 0x10, 0x39, 0x42, 0x39, 0x63, 0x63,
  0x39, 0x63, 0x63, 0x39, 0x63, 0x63, 0x10, 0x39, 0x42, 0x10, 0x39, 0x42,
  0x39, 0x63, 0x63, 0x10, 0x39, 0x42, 0x39, 0x63, 0x63, 0x10, 0x39, 0x42,
  0x39, 0x63, 0x63, 0x10, 0x39, 0x42, 0x10, 0x39, 0x42, 0x10, 0x39, 0x42,
  0x10, 0x39, 0x42, 0x39, 0x63, 0x63, 0x39, 0x63, 0x63, 0x10, 0x39, 0x42,
  0x39, 0x63, 0x63, 0x39, 0x63, 0x63, 0x10, 0x39, 0x42, 0x39, 0x63, 0x63,
  0x10, 0x39, 0x42, 0x10, 0x39, 0x42, 0x39, 0x63, 0x63, 0x39, 0x63, 0x63,
  0x39, 0x63, 0x63, 0x10, 0x39, 0x42, 0x10, 0x39, 0x42, 0x10, 0x39, 0x42,
  0x39, 0x63, 0x63, 0x10, 0x39, 0x42, 0x39, 0x63, 0x63, 0x10, 0x39, 0x42,
  0x10, 0x39, 0x42, 0x39, 0x63, 0x63, 0x10, 0x39, 0x42, 0x10, 0x39, 0x42,
  0x10, 0x39, 0x42, 0x39, 0x63, 0x63, 0x39, 0x63, 0x63, 0x10, 0x39, 0x42,
  0x39, 0x63, 0x63, 0x10, 0x39, 0x42, 0x39, 0x63, 0x63, 0x10, 0x39, 0x42,
  0x10, 0x39, 0x42, 0x39, 0x63, 0x63, 0x39, 0x63, 0x63, 0x39, 0x63, 0x63,
  0x10, 0x39, 0x42, 0x39, 0x63, 0x63, 0x39, 0x63, 0x63, 0x39, 0x63, 0x63,
  0x39, 0x63, 0x63, 0x10, 0x39, 0x42, 0x39, 0x63, 0x63, 0x39, 0x63, 0x63,
  0x39, 0x63, 0x63, 0x39, 0x63, 0x63, 0x10, 0x39, 0x42, 0x39, 0x63, 0x63,
  0x39, 0x63, 0x63, 0x39, 0x63, 0x63, 0x39, 0x63, 0x63, 0x39, 0x63, 0x63,
  0x10, 0x39, 0x42, 0x10, 0x39, 0x42, 0x10, 0x39, 0x42, 0x10, 0x39, 0x42,
  0x39, 0x63, 0x63, 0x10, 0x39, 0x42, 0x39, 0x63, 0x63, 0x10, 0x39, 0x42,
  0x10, 0x39, 0x42, 0x39, 0x63, 0x63, 0x10, 0x39, 0x42, 0x10, 0x39, 0x42,
  0x39, 0x63, 0x63, 0x39, 0x63, 0x63, 0x10, 0x39, 0x42, 0x10, 0x39, 0x42,
  0x10, 0x39, 0x42, 0x39, 0x63, 0x63, 0x10, 0x39, 0x42, 0x10, 0x39, 0x42,
  0x39, 0x63, 0x63, 0x10, 0x39, 0x42, 0x10, 0x39, 0x42, 0x10, 0x39, 0x42,
  0x39, 0x63, 0x63, 0x39, 0x63, 0x63, 0x39, 0x63, 0x63, 0x10, 0x39, 0x42,
  0x39, 0x63, 0x63, 0x10, 0x39, 0x42, 0x10, 0x39, 0x42, 0x10, 0x39, 0x42,
  0x10, 0x39, 0x42, 0x39, 0x63, 0x63, 0x39, 0x63, 0x63, 0x10, 0x39, 0x42,
  0x10, 0x39, 0x42, 0x39, 0x63, 0x63, 0x10, 0x39, 0x42, 0x10, 0x39, 0x42,
  0x39, 0x63, 0x63, 0x39, 0x63, 0x63, 0x10, 0x39, 0x42, 0x39, 0x63, 0x63,
  0x10, 0x39, 0x42, 0x10, 0x39, 0x42, 0x10, 0x39, 0x42, 0x10, 0x39, 0x42,
  0x10, 0x39, 0x42, 0x10, 0x39, 0x42, 0x39, 0x63, 0x63, 0x10, 0x39, 0x42,
  0x10, 0x39, 0x42, 0x10, 0x39, 0x42, 0x10, 0x39, 0x42, 0x10, 0x39, 0x42,
  0x10, 0x39, 0x42, 0x39, 0x63, 0x63, 0x10, 0x39, 0x42, 0x10, 0x39, 0x42,
  0x10, 0x39, 0x42, 0x10, 0x39, 0x42, 0x10, 0x39, 0x42, 0x39, 0x63, 0x63,
  0x10, 0x39, 0x42, 0x39, 0x63, 0x63, 0x10, 0x39, 0x42, 0x39, 0x63, 0x63,
  0x39, 0x63, 0x63, 0x39, 0x63, 0x63, 0x10, 0x39, 0x42, 0x39, 0x63, 0x63,
  0x10, 0x39, 0x42, 0x10, 0x39, 0x42, 0x39, 0x63, 0x63, 0x39, 0x63, 0x63,
  0x10, 0x39, 0x42, 0x10, 0x39, 0x42, 0x10, 0x39, 0x42, 0x10, 0x39, 0x42,
  0x10, 0x39, 0x42, 0x39, 0x63, 0x63, 0x52, 0x9c, 0xf7, 0x39, 0x8c, 0x00,
  0x39, 0x8c, 0x00, 0x39, 0x8c, 0x00, 0x18, 0x52, 0x00, 0x39, 0x8c, 0x00,
  0x39, 0x8c, 0x00, 0x39, 0x8c, 0x00, 0x39, 0x8c, 0x00, 0x18, 0x52, 0x00,
  0x18, 0x52, 0x00, 0x39, 0x8c, 0x00, 0x39, 0x8c, 0x00, 0x00, 0x29, 0x00,
  0x00, 0x29, 0x00, 0x39, 0x8c, 0x00, 0x18, 0x52, 0x00, 0x39, 0x8c, 0x00,
  0x18, 0x52, 0x00, 0x00, 0x29, 0x00, 0x00, 0x29, 0x00, 0x00, 0x29, 0x00,
  0x18, 0x52, 0x00, 0x00, 0x29, 0x00, 0x39, 0x8c, 0x00, 0x00, 0x29, 0x00,
  0x18, 0x52, 0x00, 0x18, 0x52, 0x00, 0x18, 0x52, 0x00, 0x00, 0x29, 0x00,
  0x39, 0x8c, 0x00, 0x18, 0x52, 0x00, 0x18, 0x52, 0x00, 0x39, 0x8c, 0x00,
  0x39, 0x8c, 0x00, 0x39, 0x8c, 0x00, 0x39, 0x8c, 0x00, 0x39, 0x8c, 0x00,
  0x39, 0x8c, 0x00, 0x00, 0x29, 0x00, 0x00, 0x29, 0x00, 0x18, 0x52, 0x00,
  0x39, 0x8c, 0x00, 0x18, 0x52, 0x00, 0x18, 0x52, 0x00, 0x39, 0x8c, 0x00,
  0x39, 0x8c, 0x00, 0x18, 0x52, 0x00, 0x39, 0x8c, 0x00, 0x00, 0x29, 0x00,
  0x00, 0x29, 0x00, 0x39, 0x8c, 0x00, 0x39, 0x8c, 0x00, 0x18, 0x52, 0x00,
  0x39, 0x8c, 0x00, 0x18, 0x52, 0x00, 0x00, 0x29, 0x00, 0x00, 0x29, 0x00,
  0x18, 0x52, 0x00, 0x00, 0x29, 0x00, 0x18, 0x52, 0x00, 0x00, 0x29, 0x00,
  0x00, 0x29, 0x00, 0x00, 0x29, 0x00, 0x00, 0x29, 0x00, 0x10, 0x39, 0x42,
  0x10, 0x39, 0x42, 0x10, 0x39, 0x42, 0x10, 0x39, 0x42, 0x39, 0x63, 0x63,
  0x39, 0x63, 0x63, 0x10, 0x39, 0x42, 0x10, 0x39, 0x42, 0x39, 0x63, 0x63,
  0x39, 0x63, 0x63, 0x00, 0x29, 0x00, 0x10, 0x39, 0x42, 0x10, 0x39, 0x42,
  0x10, 0x39, 0x42, 0x39, 0x63, 0x63, 0x39, 0x63, 0x63, 0x10, 0x39, 0x42,
  0x10, 0x39, 0x42, 0x39, 0x63, 0x63, 0x10, 0x39, 0x42, 0x39, 0x63, 0x63,
  0x39, 0x63, 0x63, 0x39, 0x63, 0x63, 0x10, 0x39, 0x42, 0x39, 0x63, 0x63,
  0x10, 0x39, 0x42, 0x10, 0x39, 0x42, 0x39, 0x63, 0x63, 0x10, 0x39, 0x42,
  0x10, 0x39, 0x42, 0x39, 0x63, 0x63, 0x39, 0x63, 0x63, 0x10, 0x39, 0x42,
  0x10, 0x39, 0x42, 0x39, 0x63, 0x63, 0x39, 0x63, 0x63, 0x39, 0x63, 0x63,
  0x10, 0x39, 0x42, 0x39, 0x63, 0x63, 0x10, 0x39, 0x42, 0x10, 0x39, 0x42,
  0x10, 0x39, 0x42, 0x39, 0x63, 0x63, 0x10, 0x39, 0x42, 0x39, 0x63, 0x63,
  0x39, 0x63, 0x63, 0x10, 0x39, 0x42, 0x39, 0x63, 0x63, 0x39, 0x63, 0x63,
  0x39, 0x63, 0x63, 0x10, 0x39, 0x42, 0x10, 0x39, 0x42, 0x39, 0x63, 0x63,
  0x10, 0x39, 0x42, 0x10, 0x39, 0x42, 0x39, 0x63, 0x63, 0x10, 0x39, 0x42,
  0x39, 0x63, 0x63, 0x10, 0x39, 0x42, 0x39, 0x63, 0x63, 0x10, 0x39, 0x42,
  0x10, 0x39, 0x42, 0x10, 0x39, 0x42, 0x39, 0x63, 0x63, 0x10, 0x39, 0x42,
  0x10, 0x39, 0x42, 0x10, 0x39, 0x42, 0x10, 0x39, 0x42, 0x39, 0x63, 0x63,
  0x10, 0x39, 0x42, 0x39, 0x63, 0x63, 0x39, 0x63, 0x63, 0x10, 0x39, 0x42,
  0x10, 0x39, 0x42, 0x10, 0x39, 0x42, 0x10, 0x39, 0x42, 0x10, 0x39, 0x42,
  0x39, 0x63, 0x63, 0x39, 0x63, 0x63, 0x39, 0x63, 0x63, 0x39, 0x63, 0x63,
  0x39, 0x63, 0x63, 0x39, 0x63, 0x63, 0x10, 0x39, 0x42, 0x39, 0x63, 0x63,
  0x10, 0x39, 0x42, 0x10, 0x39, 0x42, 0x39, 0x63, 0x63, 0x10, 0x39, 0x42,
  0x39, 0x63, 0x63, 0x10, 0x39, 0x42, 0x10, 0x39, 0x42, 0x39, 0x63, 0x63,
  0x39, 0x63, 0x63, 0x10, 0x39, 0x42, 0x10, 0x39, 0x42, 0x10, 0x39, 0x42,
  0x39, 0x63, 0x63, 0x39, 0x63, 0x63, 0x39, 0x63, 0x63, 0x10, 0x39, 0x42,
  0x39, 0x63, 0x63, 0x10, 0x39, 0x42, 0x10, 0x39, 0x42, 0x39, 0x63, 0x63,
  0x39, 0x63, 0x63, 0x10, 0x39, 0x42, 0x10, 0x39, 0x42, 0x10, 0x39, 0x42,
  0x10, 0x39, 0x42, 0x39, 0x63, 0x63, 0x10, 0x39, 0x42, 0x10, 0x39, 0x42,
  0x10, 0x39, 0x42, 0x10, 0x39, 0x42, 0x10, 0x39, 0x42, 0x10, 0x39, 0x42,
  0x10, 0x39, 0x42, 0x10, 0x39, 0x42, 0x10, 0x39, 0x42, 0x39, 0x63, 0x63,
  0x10, 0x39, 0x42, 0x10, 0x39, 0x42, 0x10, 0x39, 0x42, 0x10, 0x39, 0x42,
  0x10, 0x39, 0x42, 0x39, 0x63, 0x63, 0x10, 0x39, 0x42, 0x39, 0x63, 0x63,
  0x39, 0x63, 0x63, 0x39, 0x63, 0x63, 0x10, 0x39, 0x42, 0x10, 0x39, 0x42,
  0x39, 0x63, 0x63, 0x10, 0x39, 0x42, 0x39, 0x63, 0x63, 0x39, 0x63, 0x63,
  0x10, 0x39, 0x42, 0x10, 0x39, 0x42, 0x10, 0x39, 0x42, 0x10, 0x39, 0x42,
  0x39, 0x63, 0x63, 0x10, 0x39, 0x42, 0x10, 0x39, 0x42, 0x39, 0x63, 0x63,
  0x39, 0x63, 0x63, 0x39, 0x63, 0x63, 0x10, 0x39, 0x42, 0x39, 0x63, 0x63,
  0x10, 0x39, 0x42, 0x10, 0x39, 0x42, 0x10, 0x39, 0x42, 0x10, 0x39, 0x42,
  0x39, 0x63, 0x63, 0x39, 0x63, 0x63, 0x10, 0x39, 0x42, 0x39, 0x63, 0x63,
  0x10, 0x39, 0x42, 0x39, 0x63, 0x63, 0x10, 0x39, 0x42, 0x10, 0x39, 0x42,
  0x10, 0x39, 0x42, 0x39, 0x63, 0x63, 0x10, 0x39, 0x42, 0x10, 0x39, 0x42,
  0x10, 0x39, 0x42, 0x10, 0x39, 0x42, 0x10, 0x39, 0x42, 0x10, 0x39, 0x42,
  0x10, 0x39, 0x42, 0x10, 0x39, 0x42, 0x10, 0x39, 0x42, 0x10, 0x39, 0x42,
  0x10, 0x39, 0x42, 0x10, 0x39, 0x42, 0x10, 0x39, 0x42, 0x10, 0x39, 0x42,
  0x10, 0x39, 0x42, 0x39, 0x63, 0x63, 0x39, 0x63, 0x63, 0x39, 0x63, 0x63,
  0x39, 0x63, 0x63, 0x39, 0x63, 0x63, 0x10, 0x39, 0x42, 0x39, 0x63, 0x63,
  0x10, 0x39, 0x42, 0x10, 0x39, 0x42, 0x39, 0x63, 0x63, 0x10, 0x39, 0x42,
  0x10, 0x39, 0x42, 0x39, 0x63, 0x63, 0x39, 0x63, 0x63, 0x39, 0x8c, 0x00,
  0x18, 0x52, 0x00, 0x39, 0x8c, 0x00, 0x39, 0x8c, 0x00, 0x18, 0x52, 0x00,
  0x39, 0x8c, 0x00, 0x18, 0x52, 0x00, 0x18, 0x52, 0x00, 0x39, 0x8c, 0x00,
  0x18, 0x52, 0x00, 0x39, 0x8c, 0x00, 0x00, 0x29, 0x00, 0x39, 0x8c, 0x00,
  0x18, 0x52, 0x00, 0x00, 0x29, 0x00, 0x18, 0x52, 0x00, 0x18, 0x52, 0x00,
  0x39, 0x8c, 0x00, 0x18, 0x52, 0x00, 0x39, 0x8c, 0x00, 0x39, 0x8c, 0x00,
  0x39, 0x8c, 0x00, 0x18, 0x52, 0x00, 0x18, 0x52, 0x00, 0x00, 0x29, 0x00,
  0x39, 0x8c, 0x00, 0x18, 0x52, 0x00, 0x00, 0x29, 0x00, 0x00, 0x29, 0x00,
  0x39, 0x8c, 0x00, 0x18, 0x52, 0x00, 0x18, 0x52, 0x00, 0x39, 0x8c, 0x00,
  0x00, 0x29, 0x00, 0x39, 0x8c, 0x00, 0x00, 0x29, 0x00, 0x39, 0x8c, 0x00,
  0x39, 0x8c, 0x00, 0x00, 0x29, 0x00, 0x39, 0x8c, 0x00, 0x39, 0x8c, 0x00,
  0x00, 0x29, 0x00, 0x39, 0x8c, 0x00, 0x39, 0x8c, 0x00, 0x39, 0x8c, 0x00,
  0x18, 0x52, 0x00, 0x39, 0x8c, 0x00, 0x00, 0x29, 0x00, 0x18, 0x52, 0x00,
  0x00, 0x29, 0x00, 0x39, 0x8c, 0x00, 0x00, 0x29, 0x00, 0x18, 0x52, 0x00,
  0x18, 0x52, 0x00, 0x18, 0x52, 0x00, 0x18, 0x52, 0x00, 0x18, 0x52, 0x00,
  0x18, 0x52, 0x00, 0x18, 0x52, 0x00, 0x00, 0x29, 0x00, 0x00, 0x29, 0x00,
  0x18, 0x52, 0x00, 0x18, 0x52, 0x00, 0x00, 0x29, 0x00, 0x00, 0x29, 0x00,
  0x10, 0x39, 0x42, 0x10, 0x39, 0x42, 0x39, 0x63, 0x63, 0x39, 0x63, 0x63,
  0x10, 0x39, 0x42, 0x10, 0x39, 0x42, 0x39, 0x63, 0x63, 0x39, 0x63, 0x63,
  0x39, 0x63, 0x63, 0x10, 0x39, 0x42, 0x10, 0x39, 0x42, 0x39, 0x63, 0x63,
  0x10, 0x39, 0x42, 0x39, 0x63, 0x63, 0x10, 0x39, 0x42, 0x10, 0x39, 0x42,
  0x39, 0x63, 0x63, 0x39, 0x63, 0x63, 0x39, 0x63, 0x63, 0x39, 0x63, 0x63,
  0x10, 0x39, 0x42, 0x10, 0x39, 0x42, 0x10, 0x39, 0x42, 0x10, 0x39, 0x42,
  0x39, 0x63, 0x63, 0x10, 0x39, 0x42, 0x39, 0x63, 0x63, 0x10, 0x39, 0x42,
  0x10, 0x39, 0x42, 0x39, 0x63, 0x63, 0x10, 0x39, 0x42, 0x39, 0x63, 0x63,
  0x39, 0x63, 0x63, 0x39, 0x63, 0x63, 0x10, 0x39, 0x42, 0x10, 0x39, 0x42,
  0x10, 0x39, 0x42, 0x10, 0x39, 0x42, 0x39, 0x63, 0x63, 0x39, 0x63, 0x63,
  0x10, 0x39, 0x42, 0x39, 0x63, 0x63, 0x39, 0x63, 0x63, 0x39, 0x63, 0x63,
  0x10, 0x39, 0x42, 0x10, 0x39, 0x42, 0x39, 0x63, 0x63, 0x10, 0x39, 0x42,
  0x39, 0x63, 0x63, 0x10, 0x39, 0x42, 0x10, 0x39, 0x42, 0x10, 0x39, 0x42,
  0x10, 0x39, 0x42, 0x39, 0x63, 0x63, 0x39, 0x63, 0x63, 0x39, 0x63, 0x63,
  0x10, 0x39, 0x42, 0x39, 0x63, 0x63, 0x39, 0x63, 0x63, 0x10, 0x39, 0x42,
  0x10, 0x39, 0x42, 0x10, 0x39, 0x42, 0x39, 0x63, 0x63, 0x10, 0x39, 0x42,
  0x10, 0x39, 0x42, 0x10, 0x39, 0x42, 0x10, 0x39, 0x42, 0x39, 0x63, 0x63,
  0x10, 0x39, 0x42, 0x39, 0x63, 0x63, 0x10, 0x39, 0x42, 0x39, 0x63, 0x63,
  0x39, 0x63, 0x63, 0x10, 0x39, 0x42, 0x10, 0x39, 0x42, 0x39, 0x63, 0x63,
  0x39, 0x63, 0x63, 0x10, 0x39, 0x42, 0x10, 0x39, 0x42, 0x39, 0x63, 0x63,
  0x10, 0x39, 0x42, 0x10, 0x39, 0x42, 0x39, 0x63, 0x63, 0x10, 0x39, 0x42,
  0x10, 0x39, 0x42, 0x10, 0x39, 0x42, 0x10, 0x39, 0x42, 0x10, 0x39, 0x42,
  0x10, 0x39, 0x42, 0x39, 0x63, 0x63, 0x10, 0x39, 0x42, 0x10, 0x39, 0x42,
  0x39, 0x63, 0x63, 0x10, 0x39, 0x42, 0x10, 0x39, 0x42, 0x39, 0x63, 0x63,
  0x39, 0x63, 0x63, 0x10, 0x39, 0x42, 0x10, 0x39, 0x42, 0x10, 0x39, 0x42,
  0x10, 0x39, 0x42, 0x10, 0x39, 0x42, 0x39, 0x63, 0x63, 0x39, 0x63, 0x63,
  0x10, 0x39, 0x42, 0x39, 0x63, 0x63, 0x10, 0x39, 0x42, 0x10, 0x39, 0x42,
  0x39, 0x63, 0x63, 0x10, 0x39, 0x42, 0x39, 0x63, 0x63, 0x39, 0x63, 0x63,
  0x39, 0x63, 0x63, 0x39, 0x63, 0x63, 0x10, 0x39, 0x42, 0x10, 0x39, 0x42,
  0x39, 0x63, 0x63, 0x39, 0x63, 0x63, 0x39, 0x63, 0x63, 0x10, 0x39, 0x42,
  0x10, 0x39, 0x42, 0x39, 0x63, 0x63, 0x10, 0x39, 0x42, 0x39, 0x63, 0x63,
  0x10, 0x39, 0x42, 0x10, 0x39, 0x42, 0x39, 0x63, 0x63, 0x39, 0x63, 0x63,
  0x10, 0x39, 0x42, 0x39, 0x63, 0x63, 0x39, 0x63, 0x63, 0x10, 0x39, 0x42,
  0x39, 0x63, 0x63, 0x39, 0x63, 0x63, 0x39, 0x63, 0x63, 0x10, 0x39, 0x42,
  0x10, 0x39, 0x42, 0x39, 0x63, 0x63, 0x10, 0x39, 0x42, 0x39, 0x63, 0x63,
  0x10, 0x39, 0x42, 0x39, 0x63, 0x63, 0x39, 0x63, 0x63, 0x10, 0x39, 0x42,
  0x39, 0x63, 0x63, 0x10, 0x39, 0x42, 0x10, 0x39, 0x42, 0x39, 0x63, 0x63,
  0x10, 0x39, 0x42, 0x10, 0x39, 0x42, 0x39, 0x63, 0x63, 0x39, 0x63, 0x63,
  0x10, 0x39, 0x42, 0x10, 0x39, 0x42, 0x39, 0x63, 0x63, 0x10, 0x39, 0x42,
  0x39, 0x63, 0x63, 0x39, 0x63, 0x63, 0x39, 0x63, 0x63, 0x39, 0x63, 0x63,
  0x10, 0x39, 0x42, 0x10, 0x39, 0x42, 0x10, 0x39, 0x42, 0x39, 0x63, 0x63,
  0x39, 0x63, 0x63, 0x10, 0x39, 0x42, 0x10, 0x39, 0x42, 0x39, 0x63, 0x63,
  0x10, 0x39, 0x42, 0x39, 0x63, 0x63, 0x39, 0x63, 0x63, 0x39, 0x63, 0x63,
  0x39, 0x63, 0x63, 0x10, 0x39, 0x42, 0x10, 0x39, 0x42, 0x39, 0x63, 0x63,
  0x10, 0x39, 0x42, 0x39, 0x63, 0x63, 0x10, 0x39, 0x42, 0x39, 0x63, 0x63,
  0x39, 0x63, 0x63, 0x10, 0x39, 0x42, 0x10, 0x39, 0x42, 0x39, 0x63, 0x63,
  0x10, 0x39, 0x42, 0x39, 0x63, 0x63, 0x10, 0x39, 0x42, 0x39, 0x63, 0x63,
  0x39, 0x63, 0x63, 0x39, 0x63, 0x63, 0x39, 0x63, 0x63, 0x39, 0x8c, 0x00,
  0x39, 0x8c, 0x00, 0x39, 0x8c, 0x00, 0x39, 0x8c, 0x00, 0x39, 0x8c, 0x00,
  0x39, 0x8c, 0x00, 0x39, 0x8c, 0x00, 0x18, 0x52, 0x00, 0x18, 0x52, 0x00,
  0x18, 0x52, 0x00, 0x18, 0x52, 0x00, 0x18, 0x52, 0x00, 0x18, 0x52, 0x00,
  0x18, 0x52, 0x00, 0x00, 0x29, 0x00, 0x18, 0x52, 0x00, 0x18, 0x52, 0x00,
  0x00, 0x29, 0x00, 0x18, 0x52, 0x00, 0x00, 0x29, 0x00, 0x00, 0x29, 0x00,
  0x18, 0x52, 0x00, 0x00, 0x29, 0x00, 0x18, 0x52, 0x00, 0x18, 0x52, 0x00,
  0x18, 0x52, 0x00, 0x00, 0x29, 0x00, 0x18, 0x52, 0x00, 0x00, 0x29, 0x00,
  0x39, 0x8c, 0x00, 0x00, 0x29, 0x00, 0x18, 0x52, 0x00, 0x00, 0x29, 0x00,
  0x18, 0x52, 0x00, 0x00, 0x29, 0x00, 0x39, 0x8c, 0x00, 0x39, 0x8c, 0x00,
  0x18, 0x52, 0x00, 0x00, 0x29, 0x00, 0x00, 0x29, 0x00, 0x39, 0x8c, 0x00,
  0x00, 0x29, 0x00, 0x18, 0x52, 0x00, 0x39, 0x8c, 0x00, 0x39, 0x8c, 0x00,
  0x39, 0x8c, 0x00, 0x39, 0x8c, 0x00, 0x39, 0x8c, 0x00, 0x18, 0x52, 0x00,
  0x39, 0x8c, 0x00, 0x00, 0x29, 0x00, 0x39, 0x8c, 0x00, 0x18, 0x52, 0x00,
  0x18, 0x52, 0x00, 0x18, 0x52, 0x00, 0x00, 0x29, 0x00, 0x00, 0x29, 0x00,
  0x18, 0x52, 0x00, 0x18, 0x52, 0x00, 0x00, 0x29, 0x00, 0x18, 0x52, 0x00,
  0x18, 0x52, 0x00, 0x00, 0x29, 0x00, 0x00, 0x29, 0x00, 0x00, 0x29, 0x00,
  0x00, 0x29, 0x00, 0x00, 0x29, 0x00, 0x00, 0x29, 0x00, 0x00, 0x29, 0x00,
  0x00, 0x29, 0x00, 0x00, 0x29, 0x00, 0x00, 0x29, 0x00, 0x00, 0x29, 0x00,
  0x00, 0x29, 0x00, 0x00, 0x29, 0x00, 0x00, 0x29, 0x00, 0x00, 0x29, 0x00,
  0x00, 0x29, 0x00, 0x00, 0x29, 0x00, 0x00, 0x29, 0x00, 0x00, 0x29, 0x00,
  0x00, 0x29, 0x00, 0x00, 0x29, 0x00, 0x00, 0x29, 0x00, 0x39, 0x63, 0x63,
  0x39, 0x63, 0x63, 0x10, 0x39, 0x42, 0x10, 0x39, 0x42, 0x39, 0x63, 0x63,
  0x39, 0x63, 0x63, 0x10, 0x39, 0x42, 0x10, 0x39, 0x42, 0x10, 0x39, 0x42,
  0x39, 0x63, 0x63, 0x10, 0x39, 0x42, 0x10, 0x39, 0x42, 0x10, 0x39, 0x42,
  0x10, 0x39, 0x42, 0x39, 0x63, 0x63, 0x39, 0x63, 0x63, 0x39, 0x63, 0x63,
  0x10, 0x39, 0x42, 0x00, 0x29, 0x00, 0x00, 0x29, 0x00, 0x00, 0x29, 0x00,
  0x00, 0x29, 0x00, 0x00, 0x29, 0x00, 0x00, 0x29, 0x00, 0x00, 0x29, 0x00,
  0x00, 0x29, 0x00, 0x00, 0x29, 0x00, 0x00, 0x29, 0x00, 0x00, 0x29, 0x00,
  0x00, 0x29, 0x00, 0x00, 0x29, 0x00, 0x00, 0x29, 0x00, 0x00, 0x29, 0x00,
  0x00, 0x29, 0x00, 0x00, 0x29, 0x00, 0x00, 0x29, 0x00, 0x00, 0x29, 0x00,
  0x00, 0x29, 0x00, 0x00, 0x29, 0x00, 0x00, 0x29, 0x00, 0x00, 0x29, 0x00,
  0x39, 0x63, 0x63, 0x10, 0x39, 0x42, 0x10, 0x39, 0x42, 0x39, 0x63, 0x63,
  0x39, 0x63, 0x63, 0x39, 0x63, 0x63, 0x10, 0x39, 0x42, 0x39, 0x63, 0x63,
  0x10, 0x39, 0x42, 0x10, 0x39, 0x42, 0x39, 0x63, 0x63, 0x10, 0x39, 0x42,
  0x39, 0x63, 0x63, 0x39, 0x63, 0x63, 0x10, 0x39, 0x42, 0x39, 0x63, 0x63,
  0x10, 0x39, 0x42, 0x10, 0x39, 0x42, 0x39, 0x63, 0x63, 0x39, 0x63, 0x63,
  0x10, 0x39, 0x42, 0x39, 0x63, 0x63, 0x39, 0x63, 0x63, 0x10, 0x39, 0x42,
  0x10, 0x39, 0x42, 0x39, 0x63, 0x63, 0x10, 0x39, 0x42, 0x39, 0x63, 0x63,
  0x39, 0x63, 0x63, 0x10, 0x39, 0x42, 0x10, 0x39, 0x42, 0x39, 0x63, 0x63,
  0x10, 0x39, 0x42, 0x39, 0x63, 0x63, 0x39, 0x63, 0x63, 0x10, 0x39, 0x42,
  0x10, 0x39, 0x42, 0x39, 0x63, 0x63, 0x39, 0x63, 0x63, 0x10, 0x39, 0x42,
  0x10, 0x39, 0x42, 0x39, 0x63, 0x63, 0x10, 0x39, 0x42, 0x39, 0x63, 0x63,
  0x39, 0x63, 0x63, 0x39, 0x63, 0x63, 0x10, 0x39, 0x42, 0x10, 0x39, 0x42,
  0x39, 0x63, 0x63, 0x10, 0x39, 0x42, 0x39, 0x63, 0x63, 0x10, 0x39, 0x42,
  0x39, 0x63, 0x63, 0x10, 0x39, 0x42, 0x10, 0x39, 0x42, 0x10, 0x39, 0x42,
  0x39, 0x63, 0x63, 0x10, 0x39, 0x42, 0x39, 0x63, 0x63, 0x39, 0x63, 0x63,
  0x39, 0x63, 0x63, 0x39, 0x63, 0x63, 0x10, 0x39, 0x42, 0x10, 0x39, 0x42,
  0x39, 0x63, 0x63, 0x39, 0x63, 0x63, 0x10, 0x39, 0x42, 0x10, 0x39, 0x42,
  0x10, 0x39, 0x42, 0x10, 0x39, 0x42, 0x39, 0x63, 0x63, 0x10, 0x39, 0x42,
  0x39, 0x63, 0x63, 0x10, 0x39, 0x42, 0x10, 0x39, 0x42, 0x39, 0x63, 0x63,
  0x10, 0x39, 0x42, 0x10, 0x39, 0x42, 0x10, 0x39, 0x42, 0x39, 0x63, 0x63,
  0x39, 0x63, 0x63, 0x10, 0x39, 0x42, 0x10, 0x39, 0x42, 0x39, 0x63, 0x63,
  0x10, 0x39, 0x42, 0x39, 0x63, 0x63, 0x39, 0x63, 0x63, 0x39, 0x63, 0x63,
  0x10, 0x39, 0x42, 0x39, 0x63, 0x63, 0x10, 0x39, 0x42, 0x39, 0x63, 0x63,
  0x39, 0x63, 0x63, 0x10, 0x39, 0x42, 0x10, 0x39, 0x42, 0x10, 0x39, 0x42,
  0x39, 0x63, 0x63, 0x39, 0x63, 0x63, 0x10, 0x39, 0x42, 0x10, 0x39, 0x42,
  0x10, 0x39, 0x42, 0x39, 0x63, 0x63, 0x10, 0x39, 0x42, 0x39, 0x63, 0x63,
  0x10, 0x39, 0x42, 0x10, 0x39, 0x42, 0x10, 0x39, 0x42, 0x39, 0x63, 0x63,
  0x39, 0x63, 0x63, 0x39, 0x63, 0x63, 0x10, 0x39, 0x42, 0x10, 0x39, 0x42,
  0x10, 0x39, 0x42, 0x39, 0x63, 0x63, 0x10, 0x39, 0x42, 0x10, 0x39, 0x42,
  0x39, 0x63, 0x63, 0x39, 0x63, 0x63, 0x10, 0x39, 0x42, 0x10, 0x39, 0x42,
  0x10, 0x39, 0x42, 0x10, 0x39, 0x42, 0x10, 0x39, 0x42, 0x10, 0x39, 0x42,
  0x39, 0x63, 0x63, 0x39, 0x63, 0x63, 0x10, 0x39, 0x42, 0x10, 0x39, 0x42,
  0x39, 0x63, 0x63, 0x10, 0x39, 0x42, 0x10, 0x39, 0x42, 0x18, 0x52, 0x00,
  0x18, 0x52, 0x00, 0x18, 0x52, 0x00, 0x18, 0x52, 0x00, 0x18, 0x52, 0x00,
  0x18, 0x52, 0x00, 0x00, 0x29, 0x00, 0x18, 0x52, 0x00, 0x18, 0x52, 0x00,
  0x18, 0x52, 0x00, 0x18, 0x52, 0x00, 0x18, 0x52, 0x00, 0x18, 0x52, 0x00,
  0x18, 0x52, 0x00, 0x18, 0x52, 0x00, 0x18, 0x52, 0x00, 0x18, 0x52, 0x00,
  0x18, 0x52, 0x00, 0x00, 0x29, 0x00, 0x00, 0x29, 0x00, 0x18, 0x52, 0x00,
  0x18, 0x52, 0x00, 0x18, 0x52, 0x00, 0x18, 0x52, 0x00, 0x18, 0x52, 0x00,
  0x18, 0x52, 0x00, 0x00, 0x29, 0x00, 0x18, 0x52, 0x00, 0x00, 0x29, 0x00,
  0x39, 0x8c, 0x00, 0x00, 0x29, 0x00, 0x18, 0x52, 0x00, 0x18, 0x52, 0x00,
  0x39, 0x8c, 0x00, 0x39, 0x8c, 0x00, 0x00, 0x29, 0x00, 0x39, 0x8c, 0x00,
  0x39, 0x8c, 0x00, 0x39, 0x8c, 0x00, 0x39, 0x8c, 0x00, 0x00, 0x29, 0x00,
  0x39, 0x8c, 0x00, 0x00, 0x29, 0x00, 0x00, 0x29, 0x00, 0x00, 0x29, 0x00,
  0x18, 0x52, 0x00, 0x39, 0x8c, 0x00, 0x00, 0x29, 0x00, 0x18, 0x52, 0x00,
  0x00, 0x29, 0x00, 0x00, 0x29, 0x00, 0x00, 0x29, 0x00, 0x00, 0x29, 0x00,
  0x18, 0x52, 0x00, 0x00, 0x29, 0x00, 0x18, 0x52, 0x00, 0x00, 0x29, 0x00,
  0x18, 0x52, 0x00, 0x00, 0x29, 0x00, 0x00, 0x29, 0x00, 0x00, 0x29, 0x00,
  0x00, 0x29, 0x00, 0x00, 0x29, 0x00, 0x18, 0x52, 0x00, 0x10, 0x39, 0x42,
  0x00, 0x29, 0x00, 0x00, 0x29, 0x00, 0x00, 0x29, 0x00, 0x00, 0x29, 0x00,
  0x00, 0x29, 0x00, 0x00, 0x29, 0x00, 0x00, 0x29, 0x00, 0x00, 0x29, 0x00,
  0x00, 0x29, 0x00, 0x00, 0x29, 0x00, 0x00, 0x29, 0x00, 0x00, 0x29, 0x00,
  0x00, 0x29, 0x00, 0x00, 0x29, 0x00, 0x00, 0x29, 0x00, 0x00, 0x29, 0x00,
  0x00, 0x29, 0x00, 0x00, 0x29, 0x00, 0x00, 0x29, 0x00, 0x00, 0x29, 0x00,
  0x00, 0x29, 0x00, 0x00, 0x29, 0x00, 0x00, 0x29, 0x00, 0x00, 0x29, 0x00,
  0x00, 0x29, 0x00, 0x00, 0x29, 0x00, 0x00, 0x29, 0x00, 0x00, 0x29, 0x00,
  0x00, 0x29, 0x00, 0x00, 0x29, 0x00, 0x00, 0x29, 0x00, 0x00, 0x29, 0x00,
  0x00, 0x29, 0x00, 0x00, 0x29, 0x00, 0x00, 0x29, 0x00, 0x00, 0x29, 0x00,
  0x00, 0x29, 0x00, 0x00, 0x29, 0x00, 0x00, 0x29, 0x00, 0x00, 0x29, 0x00,
  0x00, 0x29, 0x00, 0x00, 0x29, 0x00, 0x00, 0x29, 0x00, 0x00, 0x29, 0x00,
  0x00, 0x29, 0x00, 0x00, 0x29, 0x00, 0x00, 0x29, 0x00, 0x00, 0x29, 0x00,
  0x00, 0x29, 0x00, 0x00, 0x29, 0x00, 0x00, 0x29, 0x00, 0x00, 0x29, 0x00,
  0x00, 0x29, 0x00, 0x00, 0x29, 0x00, 0x00, 0x29, 0x00, 0x00, 0x29, 0x00,
  0x00, 0x29, 0x00, 0x00, 0x29, 0x00, 0x00, 0x29, 0x00, 0x00, 0x29, 0x00,
  0x00, 0x29, 0x00, 0x00, 0x29, 0x00, 0x00, 0x29, 0x00, 0x00, 0x29, 0x00,
  0x00, 0x29, 0x00, 0x00, 0x29, 0x00, 0x00, 0x29, 0x00, 0x00, 0x29, 0x00,
  0x00, 0x29, 0x00, 0x00, 0x29, 0x00, 0x00, 0x29, 0x00, 0x00, 0x29, 0x00,
  0x00, 0x29, 0x00, 0x00, 0x29, 0x00, 0x00, 0x29, 0x00, 0x00, 0x29, 0x00,
  0x00, 0x29, 0x00, 0x00, 0x29, 0x00, 0x00, 0x29, 0x00, 0x00, 0x29, 0x00,
  0x00, 0x29, 0x00, 0x00, 0x29, 0x00, 0x00, 0x29, 0x00, 0x00, 0x29, 0x00,
  0x00, 0x29, 0x00, 0x00, 0x29, 0x00, 0x00, 0x29, 0x00, 0x00, 0x29, 0x00,
  0x00, 0x29, 0x00, 0x00, 0x29, 0x00, 0x00, 0x29, 0x00, 0x00, 0x29, 0x00,
  0x00, 0x29, 0x00, 0x10, 0x39, 0x42, 0x39, 0x63, 0x63, 0x39, 0x63, 0x63,
  0x39, 0x63, 0x63, 0x10, 0x39, 0x42, 0x39, 0x63, 0x63, 0x10, 0x39, 0x42,
  0x39, 0x63, 0x63, 0x39, 0x63, 0x63, 0x39, 0x63, 0x63, 0x39, 0x63, 0x63,
  0x10, 0x39, 0x42, 0x39, 0x63, 0x63, 0x10, 0x39, 0x42, 0x39, 0x63, 0x63,
  0x39, 0x63, 0x63, 0x39, 0x63, 0x63, 0x10, 0x39, 0x42, 0x10, 0x39, 0x42,
  0x39, 0x63, 0x63, 0x10, 0x39, 0x42, 0x39, 0x63, 0x63, 0x10, 0x39, 0x42,
  0x10, 0x39, 0x42, 0x10, 0x39, 0x42, 0x39, 0x63, 0x63, 0x10, 0x39, 0x42,
  0x10, 0x39, 0x42, 0x10, 0x39, 0x42, 0x10, 0x39, 0x42, 0x10, 0x39, 0x42,
  0x39, 0x63, 0x63, 0x39, 0x63, 0x63, 0x10, 0x39, 0x42, 0x39, 0x63, 0x63,
  0x10, 0x39, 0x42, 0x39, 0x63, 0x63, 0x10, 0x39, 0x42, 0x10, 0x39, 0x42,
  0x10, 0x39, 0x42, 0x39, 0x63, 0x63, 0x10, 0x39, 0x42, 0x39, 0x63, 0x63,
  0x10, 0x39, 0x42, 0x39, 0x63, 0x63, 0x39, 0x63, 0x63, 0x10, 0x39, 0x42,
  0x10, 0x39, 0x42, 0x10, 0x39, 0x42, 0x39, 0x63, 0x63, 0x39, 0x63, 0x63,
  0x10, 0x39, 0x42, 0x10, 0x39, 0x42, 0x10, 0x39, 0x42, 0x10, 0x39, 0x42,
  0x39, 0x63, 0x63, 0x00, 0x29, 0x00, 0x00, 0x29, 0x00, 0x00, 0x29, 0x00,
  0x00, 0x29, 0x00, 0x00, 0x29, 0x00, 0x00, 0x29, 0x00, 0x00, 0x29, 0x00,
  0x00, 0x29, 0x00, 0x00, 0x29, 0x00, 0x00, 0x29, 0x00, 0x00, 0x29, 0x00,
  0x00, 0x29, 0x00, 0x00, 0x29, 0x00, 0x00, 0x29, 0x00, 0x00, 0x29, 0x00,
  0x00, 0x29, 0x00, 0x00, 0x29, 0x00, 0x00, 0x29, 0x00, 0x00, 0x29, 0x00,
  0x00, 0x29, 0x00, 0x00, 0x29, 0x00, 0x00, 0x29, 0x00, 0x00, 0x29, 0x00,
  0x00, 0x29, 0x00, 0x00, 0x29, 0x00, 0x00, 0x29, 0x00, 0x00, 0x29, 0x00,
  0x00, 0x29, 0x00, 0x00, 0x29, 0x00, 0x00, 0x29, 0x00, 0x00, 0x29, 0x00,
  0x00, 0x29, 0x00, 0x00, 0x29, 0x00, 0x00, 0x29, 0x00, 0x00, 0x29, 0x00,
  0x00, 0x29, 0x00, 0x00, 0x29, 0x00, 0x00, 0x29, 0x00, 0x10, 0x39, 0x42,
  0x10, 0x39, 0x42, 0x10, 0x39, 0x42, 0x10, 0x39, 0x42, 0x18, 0x52, 0x00,
  0x18, 0x52, 0x00, 0x00, 0x29, 0x00, 0x18, 0x52, 0x00, 0x18, 0x52, 0x00,
  0x18, 0x52, 0x00, 0x18, 0x52, 0x00, 0x18, 0x52, 0x00, 0x00, 0x29, 0x00,
  0x00, 0x29, 0x00, 0x00, 0x29, 0x00, 0x18, 0x52, 0x00, 0x00, 0x29, 0x00,
  0x18, 0x52, 0x00, 0x18, 0x52, 0x00, 0x18, 0x52, 0x00, 0x00, 0x29, 0x00,
  0x00, 0x29, 0x00, 0x18, 0x52, 0x00, 0x18, 0x52, 0x00, 0x18, 0x52, 0x00,
  0x00, 0x29, 0x00, 0x18, 0x52, 0x00, 0x18, 0x52, 0x00, 0x00, 0x29, 0x00,
  0x18, 0x52, 0x00, 0x18, 0x52, 0x00, 0x18, 0x52, 0x00, 0x18, 0x52, 0x00,
  0x39, 0x8c, 0x00, 0x39, 0x8c, 0x00, 0x18, 0x52, 0x00, 0x00, 0x29, 0x00,
  0x00, 0x29, 0x00, 0x18, 0x52, 0x00, 0x00, 0x29, 0x00, 0x00, 0x29, 0x00,
  0x18, 0x52, 0x00, 0x39, 0x8c, 0x00, 0x18, 0x52, 0x00, 0x39, 0x8c, 0x00,
  0x00, 0x29, 0x00, 0x18, 0x52, 0x00, 0x39, 0x8c, 0x00, 0x00, 0x29, 0x00,
  0x00, 0x29, 0x00, 0x00, 0x29, 0x00, 0x18, 0x52, 0x00, 0x00, 0x29, 0x00,
  0x18, 0x52, 0x00, 0x00, 0x29, 0x00, 0x18, 0x52, 0x00, 0x18, 0x52, 0x00,
  0x18, 0x52, 0x00, 0x00, 0x29, 0x00, 0x00, 0x29, 0x00, 0x18, 0x52, 0x00,
  0x18, 0x52, 0x00, 0x00, 0x29, 0x00, 0x00, 0x29, 0x00, 0x00, 0x29, 0x00,
  0x00, 0x29, 0x00, 0x00, 0x29, 0x00, 0x00, 0x29, 0x00, 0x00, 0x29, 0x00,
  0x10, 0x39, 0x42, 0x00, 0x29, 0x00, 0x00, 0x29, 0x00, 0x10, 0x39, 0x42,
  0x00, 0x29, 0x00, 0x00, 0x29, 0x00, 0x00, 0x29, 0x00, 0x00, 0x29, 0x00,
  0x00, 0x29, 0x00, 0x00, 0x29, 0x00, 0x00, 0x29, 0x00, 0x00, 0x29, 0x00,
  0x00, 0x29, 0x00, 0x00, 0x29, 0x00, 0x00, 0x29, 0x00, 0x00, 0x29, 0x00,
  0x00, 0x29, 0x00, 0x00, 0x29, 0x00, 0x00, 0x29, 0x00, 0x00, 0x29, 0x00,
  0x00, 0x29, 0x00, 0x00, 0x29, 0x00, 0x00, 0x29, 0x00, 0x00, 0x29, 0x00,
  0x00, 0x29, 0x00, 0x00, 0x29, 0x00, 0x00, 0x29, 0x00, 0x00, 0x29, 0x00,
  0x00, 0x29, 0x00, 0x00, 0x29, 0x00, 0x00, 0x29, 0x00, 0x00, 0x29, 0x00,
  0x00, 0x29, 0x00, 0x00, 0x29, 0x00, 0x00, 0x29, 0x00, 0x00, 0x29, 0x00,
  0x00, 0x29, 0x00, 0x00, 0x29, 0x00, 0x00, 0x29, 0x00, 0x00, 0x29, 0x00,
  0x00, 0x29, 0x00, 0x00, 0x29, 0x00, 0x00, 0x29, 0x00, 0x00, 0x29, 0x00,
  0x00, 0x29, 0x00, 0x00, 0x29, 0x00, 0x00, 0x29, 0x00, 0x00, 0x29, 0x00,
  0x00, 0x29, 0x00, 0x00, 0x29, 0x00, 0x00, 0x29, 0x00, 0x00, 0x29, 0x00,
  0x00, 0x29, 0x00, 0x00, 0x29, 0x00, 0x00, 0x29, 0x00, 0x00, 0x29, 0x00,
  0x00, 0x29, 0x00, 0x00, 0x29, 0x00, 0x00, 0x29, 0x00, 0x00, 0x29, 0x00,
  0x00, 0x29, 0x00, 0x00, 0x29, 0x00, 0x00, 0x29, 0x00, 0x00, 0x29, 0x00,
  0x00, 0x29, 0x00, 0x00, 0x29, 0x00, 0x00, 0x29, 0x00, 0x00, 0x29, 0x00,
  0x00, 0x29, 0x00, 0x00, 0x29, 0x00, 0x00, 0x29, 0x00, 0x00, 0x29, 0x00,
  0x00, 0x29, 0x00, 0x00, 0x29, 0x00, 0x00, 0x29, 0x00, 0x00, 0x29, 0x00,
  0x00, 0x29, 0x00, 0x00, 0x29, 0x00, 0x00, 0x29, 0x00, 0x00, 0x29, 0x00,
  0x00, 0x29, 0x00, 0x00, 0x29, 0x00, 0x00, 0x29, 0x00, 0x00, 0x29, 0x00,
  0x00, 0x29, 0x00, 0x00, 0x29, 0x00, 0x00, 0x29, 0x00, 0x00, 0x29, 0x00,
  0x00, 0x29, 0x00, 0x00, 0x29, 0x00, 0x00, 0x29, 0x00, 0x00, 0x29, 0x00,
  0x00, 0x29, 0x00, 0x00, 0x29, 0x00, 0x00, 0x29, 0x00, 0x00, 0x29, 0x00,
  0x00, 0x29, 0x00, 0x00, 0x29, 0x00, 0x00, 0x29, 0x00, 0x00, 0x29, 0x00,
  0x00, 0x29, 0x00, 0x00, 0x29, 0x00, 0x00, 0x29, 0x00, 0x00, 0x29, 0x00,
  0x00, 0x29, 0x00, 0x00, 0x29, 0x00, 0x00, 0x29, 0x00, 0x00, 0x29, 0x00,
  0x00, 0x29, 0x00, 0x00, 0x29, 0x00, 0x00, 0x29, 0x00, 0x00, 0x29, 0x00,
  0x00, 0x29, 0x00, 0x10, 0x39, 0x42, 0x10, 0x39, 0x42, 0x10, 0x39, 0x42,
  0x10, 0x39, 0x42, 0x39, 0x63, 0x63, 0x39, 0x63, 0x63, 0x39, 0x63, 0x63,
  0x10, 0x39, 0x42, 0x10, 0x39, 0x42, 0x39, 0x63, 0x63, 0x10, 0x39, 0x42,
  0x39, 0x63, 0x63, 0x10, 0x39, 0x42, 0x39, 0x63, 0x63, 0x39, 0x63, 0x63,
  0x39, 0x63, 0x63, 0x10, 0x39, 0x42, 0x10, 0x39, 0x42, 0x10, 0x39, 0x42,
  0x39, 0x63, 0x63, 0x10, 0x39, 0x42, 0x10, 0x39, 0x42, 0x10, 0x39, 0x42,
  0x10, 0x39, 0x42, 0x10, 0x39, 0x42, 0x39, 0x63, 0x63, 0x10, 0x39, 0x42,
  0x10, 0x39, 0x42, 0x10, 0x39, 0x42, 0x10, 0x39, 0x42, 0x10, 0x39, 0x42,
  0x39, 0x63, 0x63, 0x10, 0x39, 0x42, 0x10, 0x39, 0x42, 0x10, 0x39, 0x42,
  0x39, 0x63, 0x63, 0x00, 0x29, 0x00, 0x00, 0x29, 0x00, 0x00, 0x29, 0x00,
  0x00, 0x29, 0x00, 0x00, 0x29, 0x00, 0x00, 0x29, 0x00, 0x00, 0x29, 0x00,
  0x00, 0x29, 0x00, 0x00, 0x29, 0x00, 0x00, 0x29, 0x00, 0x00, 0x29, 0x00,
  0x00, 0x29, 0x00, 0x00, 0x29, 0x00, 0x00, 0x29, 0x00, 0x00, 0x29, 0x00,
  0x00, 0x29, 0x00, 0x00, 0x29, 0x00, 0x00, 0x29, 0x00, 0x00, 0x29, 0x00,
  0x00, 0x29, 0x00, 0x00, 0x29, 0x00, 0x00, 0x29, 0x00, 0x00, 0x29, 0x00,
  0x00, 0x29, 0x00, 0x00, 0x29, 0x00, 0x00, 0x29, 0x00, 0x00, 0x29, 0x00,
  0x00, 0x29, 0x00, 0x00, 0x29, 0x00, 0x00, 0x29, 0x00, 0x00, 0x29, 0x00,
  0x00, 0x29, 0x00, 0x00, 0x29, 0x00, 0x00, 0x29, 0x00, 0x00, 0x29, 0x00,
  0x00, 0x29, 0x00, 0x00, 0x29, 0x00, 0x00, 0x29, 0x00, 0x00, 0x29, 0x00,
  0x00, 0x29, 0x00, 0x00, 0x29, 0x00, 0x00, 0x29, 0x00, 0x00, 0x29, 0x00,
  0x00, 0x29, 0x00, 0x00, 0x29, 0x00, 0x00, 0x29, 0x00, 0x00, 0x29, 0x00,
  0x00, 0x29, 0x00, 0x00, 0x29, 0x00, 0x00, 0x29, 0x00, 0x00, 0x29, 0x00,
  0x00, 0x29, 0x00, 0x00, 0x29, 0x00, 0x00, 0x29, 0x00, 0x00, 0x29, 0x00,
  0x00, 0x29, 0x00, 0x00, 0x29, 0x00, 0x00, 0x29, 0x00, 0x00, 0x29, 0x00,
  0x00, 0x29, 0x00, 0x00, 0x29, 0x00, 0x00, 0x29, 0x00, 0x00, 0x29, 0x00,
  0x00, 0x29, 0x00, 0x18, 0x52, 0x00, 0x18, 0x52, 0x00, 0x18, 0x52, 0x00,
  0x00, 0x29, 0x00, 0x00, 0x29, 0x00, 0x18, 0x52, 0x00, 0x00, 0x29, 0x00,
  0x00, 0x29, 0x00, 0x18, 0x52, 0x00, 0x00, 0x29, 0x00, 0x18, 0x52, 0x00,
  0x00, 0x29, 0x00, 0x18, 0x52, 0x00, 0x00, 0x29, 0x00, 0x18, 0x52, 0x00,
  0x00, 0x29, 0x00, 0x18, 0x52, 0x00, 0x00, 0x29, 0x00, 0x18, 0x52, 0x00,
  0x00, 0x29, 0x00, 0x18, 0x52, 0x00, 0x00, 0x29, 0x00, 0x18, 0x52, 0x00,
  0x00, 0x29, 0x00, 0x18, 0x52, 0x00, 0x00, 0x29, 0x00, 0x18, 0x52, 0x00,
  0x00, 0x29, 0x00, 0x18, 0x52, 0x00, 0x00, 0x29, 0x00, 0x18, 0x52, 0x00,
  0x00, 0x29, 0x00, 0x18, 0x52, 0x00, 0x00, 0x29, 0x00, 0x18, 0x52, 0x00,
  0x00, 0x29, 0x00, 0x18, 0x52, 0x00, 0x00, 0x29, 0x00, 0x18, 0x52, 0x00,
  0x00, 0x29, 0x00, 0x18, 0x52, 0x00, 0x00, 0x29, 0x00, 0x00, 0x29, 0x00,
  0x00, 0x29, 0x00, 0x00, 0x29, 0x00, 0x00, 0x29, 0x00, 0x00, 0x29, 0x00,
  0x00, 0x29, 0x00, 0x00, 0x29, 0x00, 0x00, 0x29, 0x00, 0x00, 0x29, 0x00,
  0x00, 0x29, 0x00, 0x00, 0x29, 0x00, 0x00, 0x29, 0x00, 0x00, 0x29, 0x00,
  0x00, 0x29, 0x00, 0x00, 0x29, 0x00, 0x00, 0x29, 0x00, 0x00, 0x29, 0x00,
  0x00, 0x29, 0x00, 0x00, 0x29, 0x00, 0x00, 0x29, 0x00, 0x00, 0x29, 0x00,
  0x00, 0x29, 0x00, 0x00, 0x29, 0x00, 0x00, 0x29, 0x00, 0x00, 0x29, 0x00,
  0x00, 0x29, 0x00, 0x00, 0x29, 0x00, 0x00, 0x29, 0x00, 0x00, 0x29, 0x00,
  0x00, 0x29, 0x00, 0x00, 0x29, 0x00, 0x00, 0x29, 0x00, 0x00, 0x29, 0x00,
  0x00, 0x29, 0x00, 0x00, 0x29, 0x00, 0x00, 0x29, 0x00, 0x00, 0x29, 0x00,
  0x00, 0x29, 0x00, 0x00, 0x29, 0x00, 0x00, 0x29, 0x00, 0x00, 0x29, 0x00,
  0x00, 0x29, 0x00, 0x00, 0x29, 0x00, 0x00, 0x29, 0x00, 0x00, 0x29, 0x00,
  0x00, 0x29, 0x00, 0x00, 0x29, 0x00, 0x00, 0x29, 0x00, 0x00, 0x29, 0x00,
  0x00, 0x29, 0x00, 0x00, 0x29, 0x00, 0x00, 0x29, 0x00, 0x00, 0x29, 0x00,
  0x00, 0x29, 0x00, 0x00, 0x29, 0x00, 0x00, 0x29, 0x00, 0x00, 0x29, 0x00,
  0x00, 0x29, 0x00, 0x00, 0x29, 0x00, 0x00, 0x29, 0x00, 0x00, 0x29, 0x00,
  0x00, 0x29, 0x00, 0x00, 0x29, 0x00, 0x00, 0x29, 0x00, 0x00, 0x29, 0x00,
  0x00, 0x29, 0x00, 0x00, 0x29, 0x00, 0x00, 0x29, 0x00, 0x00, 0x29, 0x00,
  0x00, 0x29, 0x00, 0x00, 0x29, 0x00, 0x00, 0x29, 0x00, 0x00, 0x29, 0x00,
  0x00, 0x29, 0x00, 0x00, 0x29, 0x00, 0x00, 0x29, 0x00, 0x00, 0x29, 0x00,
  0x00, 0x29, 0x00, 0x00, 0x29, 0x00, 0x00, 0x29, 0x00, 0x00, 0x29, 0x00,
  0x00, 0x29, 0x00, 0x00, 0x29, 0x00, 0x00, 0x29, 0x00, 0x00, 0x29, 0x00,
  0x00, 0x29, 0x00, 0x00, 0x29, 0x00, 0x00, 0x29, 0x00, 0x00, 0x29, 0x00,
  0x00, 0x29, 0x00, 0x00, 0x29, 0x00, 0x00, 0x29, 0x00, 0x00, 0x29, 0x00,
  0x00, 0x29, 0x00, 0x00, 0x29, 0x00, 0x00, 0x29, 0x00, 0x00, 0x29, 0x00,
  0x00, 0x29, 0x00, 0x00, 0x29, 0x00, 0x00, 0x29, 0x00, 0x00, 0x29, 0x00,
  0x00, 0x29, 0x00, 0x00, 0x29, 0x00, 0x00, 0x29, 0x00, 0x00, 0x29, 0x00,
  0x00, 0x29, 0x00, 0x00, 0x29, 0x00, 0x00, 0x29, 0x00, 0x00, 0x29, 0x00,
  0x00, 0x29, 0x00, 0x00, 0x29, 0x00, 0x00, 0x29, 0x00, 0x00, 0x29, 0x00,
  0x00, 0x29, 0x00, 0x00, 0x29, 0x00, 0x00, 0x29, 0x00, 0x00, 0x29, 0x00,
  0x00, 0x29, 0x00, 0x00, 0x29, 0x00, 0x00, 0x29, 0x00, 0x00, 0x29, 0x00,
  0x00, 0x29, 0x00, 0x00, 0x29, 0x00, 0x00, 0x29, 0x00, 0x00, 0x29, 0x00,
  0x00, 0x29, 0x00, 0x00, 0x29, 0x00, 0x00, 0x29, 0x00, 0x00, 0x29, 0x00,
  0x00, 0x29, 0x00, 0x00, 0x29, 0x00, 0x00, 0x29, 0x00, 0x00, 0x29, 0x00,
  0x00, 0x29, 0x00, 0x00, 0x29, 0x00, 0x00, 0x29, 0x00, 0x00, 0x29, 0x00,
  0x00, 0x29, 0x00, 0x00, 0x29, 0x00, 0x00, 0x29, 0x00, 0x00, 0x29, 0x00,
  0x00, 0x29, 0x00, 0x00, 0x29, 0x00, 0x00, 0x29, 0x00, 0x00, 0x29, 0x00,
  0x00, 0x29, 0x00, 0x00, 0x29, 0x00, 0x00, 0x29, 0x00, 0x00, 0x29, 0x00,
  0x00, 0x29, 0x00, 0x00, 0x29, 0x00, 0x00, 0x29, 0x00, 0x00, 0x29, 0x00,
  0x00, 0x29, 0x00, 0x00, 0x29, 0x00, 0x00, 0x29, 0x00, 0x00, 0x29, 0x00,
  0x00, 0x29, 0x00, 0x00, 0x29, 0x00, 0x00, 0x29, 0x00, 0x00, 0x29, 0x00,
  0x00, 0x29, 0x00, 0x00, 0x29, 0x00, 0x00, 0x29, 0x00, 0x00, 0x29, 0x00,
  0x00, 0x29, 0x00, 0x00, 0x29, 0x00, 0x00, 0x29, 0x00, 0x00, 0x29, 0x00,
  0x00, 0x29, 0x00, 0x00, 0x29, 0x00, 0x00, 0x29, 0x00, 0x00, 0x29, 0x00,
  0x00, 0x29, 0x00, 0x00, 0x29, 0x00, 0x00, 0x29, 0x00, 0x00, 0x29, 0x00,
  0x00, 0x29, 0x00, 0x00, 0x29, 0x00, 0x00, 0x29, 0x00, 0x00, 0x29, 0x00,
  0x00, 0x29, 0x00, 0x00, 0x29, 0x00, 0x00, 0x29, 0x00, 0x00, 0x29, 0x00,
  0x00, 0x29, 0x00, 0x00, 0x29, 0x00, 0x00, 0x29, 0x00, 0x00, 0x29, 0x00,
  0x00, 0x29, 0x00, 0x00, 0x29, 0x00, 0x00, 0x29, 0x00, 0x00, 0x29, 0x00,
  0x00, 0x29, 0x00, 0x00, 0x29, 0x00, 0x00, 0x29, 0x00, 0x00, 0x29, 0x00,
  0x00, 0x29, 0x00, 0x00, 0x29, 0x00, 0x00, 0x29, 0x00, 0x00, 0x29, 0x00,
  0x00, 0x29, 0x00, 0x00, 0x29, 0x00, 0x00, 0x29, 0x00, 0x00, 0x29, 0x00,
  0x00, 0x29, 0x00, 0x00, 0x29, 0x00, 0x00, 0x29, 0x00, 0x00, 0x29, 0x00,
  0x00, 0x29, 0x00, 0x00, 0x29, 0x00, 0x00, 0x29, 0x00, 0x00, 0x29, 0x00,
  0x00, 0x29, 0x00, 0x00, 0x29, 0x00, 0x00, 0x29, 0x00, 0x00, 0x29, 0x00,
  0x00, 0x29, 0x00, 0x00, 0x29, 0x00, 0x00, 0x29, 0x00, 0x00, 0x29, 0x00,
  0x18, 0x52, 0x00, 0x00, 0x29, 0x00, 0x18, 0x52, 0x00, 0x00, 0x29, 0x00,
  0x18, 0x52, 0x00, 0x00, 0x29, 0x00, 0x18, 0x52, 0x00, 0x00, 0x29, 0x00,
  0x18, 0x52, 0x00, 0x00, 0x29, 0x00, 0x18, 0x52, 0x00, 0x00, 0x29, 0x00,
  0x18, 0x52, 0x00, 0x00, 0x29, 0x00, 0x18, 0x52, 0x00, 0x00, 0x29, 0x00,
  0x18, 0x52, 0x00, 0x00, 0x29, 0x00, 0x18, 0x52, 0x00, 0x00, 0x29, 0x00,
  0x18, 0x52, 0x00, 0x00, 0x29, 0x00, 0x18, 0x52, 0x00, 0x00, 0x29, 0x00,
  0x18, 0x52, 0x00, 0x00, 0x29, 0x00, 0x18, 0x52, 0x00, 0x00, 0x29, 0x00,
  0x18, 0x52, 0x00, 0x00, 0x29, 0x00, 0x18, 0x52, 0x00, 0x00, 0x29, 0x00,
  0x18, 0x52, 0x00, 0x00, 0x29, 0x00, 0x18, 0x52, 0x00, 0x00, 0x29, 0x00,
  0x18, 0x52, 0x00, 0x00, 0x29, 0x00, 0x18, 0x52, 0x00, 0x00, 0x29, 0x00,
  0x18, 0x52, 0x00, 0x00, 0x29, 0x00, 0x18, 0x52, 0x00, 0x00, 0x29, 0x00,
  0x18, 0x52, 0x00, 0x00, 0x29, 0x00, 0x18, 0x52, 0x00, 0x00, 0x29, 0x00,
  0x18, 0x52, 0x00, 0x00, 0x29, 0x00, 0x18, 0x52, 0x00, 0x00, 0x29, 0x00,
  0x18, 0x52, 0x00, 0x00, 0x29, 0x00, 0x18, 0x52, 0x00, 0x00, 0x29, 0x00,
  0x18, 0x52, 0x00, 0x00, 0x29, 0x00, 0x18, 0x52, 0x00, 0x00, 0x29, 0x00,
  0x18, 0x52, 0x00, 0x00, 0x29, 0x00, 0x18, 0x52, 0x00, 0x00, 0x29, 0x00,
  0x18, 0x52, 0x00, 0x00, 0x29, 0x00, 0x18, 0x52, 0x00, 0x00, 0x29, 0x00,
  0x18, 0x52, 0x00, 0x00, 0x29, 0x00, 0x18, 0x52, 0x00, 0x00, 0x29, 0x00,
  0x18, 0x52, 0x00, 0x00, 0x29, 0x00, 0x18, 0x52, 0x00, 0x00, 0x29, 0x00,
  0x18, 0x52, 0x00, 0x00, 0x29, 0x00, 0x18, 0x52, 0x00, 0x00, 0x29, 0x00,
  0x18, 0x52, 0x00, 0x00, 0x29, 0x00, 0x18, 0x52, 0x00, 0x00, 0x29, 0x00,
  0x18, 0x52, 0x00, 0x00, 0x29, 0x00, 0x18, 0x52, 0x00, 0x00, 0x29, 0x00,
  0x18, 0x52, 0x00, 0x00, 0x29, 0x00, 0x18, 0x52, 0x00, 0x00, 0x29, 0x00,
  0x18, 0x52, 0x00, 0x00, 0x29, 0x00, 0x18, 0x52, 0x00, 0x00, 0x29, 0x00,
  0x18, 0x52, 0x00, 0x00, 0x29, 0x00, 0x18, 0x52, 0x00, 0x00, 0x29, 0x00,
  0x18, 0x52, 0x00, 0x00, 0x29, 0x00, 0x18, 0x52, 0x00, 0x00, 0x29, 0x00,
  0x18, 0x52, 0x00, 0x00, 0x29, 0x00, 0x18, 0x52, 0x00, 0x00, 0x29, 0x00,
  0x18, 0x52, 0x00, 0x00, 0x29, 0x00, 0x18, 0x52, 0x00, 0x00, 0x29, 0x00,
  0x18, 0x52, 0x00, 0x00, 0x29, 0x00, 0x18, 0x52, 0x00, 0x00, 0x29, 0x00,
  0x18, 0x52, 0x00, 0x00, 0x29, 0x00, 0x18, 0x52, 0x00, 0x00, 0x29, 0x00,
  0x18, 0x52, 0x00, 0x00, 0x29, 0x00, 0x18, 0x52, 0x00, 0x00, 0x29, 0x00,
  0x18, 0x52, 0x00, 0x00, 0x29, 0x00, 0x18, 0x52, 0x00, 0x00, 0x29, 0x00,
  0x18, 0x52, 0x00, 0x00, 0x29, 0x00, 0x18, 0x52, 0x00, 0x00, 0x29, 0x00,
  0x18, 0x52, 0x00, 0x00, 0x29, 0x00, 0x18, 0x52, 0x00, 0x00, 0x29, 0x00,
  0x18, 0x52, 0x00, 0x00, 0x29, 0x00, 0x18, 0x52, 0x00, 0x00, 0x29, 0x00,
  0x18, 0x52, 0x00, 0x00, 0x29, 0x00, 0x18, 0x52, 0x00, 0x00, 0x29, 0x00,
  0x18, 0x52, 0x00, 0x00, 0x29, 0x00, 0x18, 0x52, 0x00, 0x00, 0x29, 0x00,
  0x18, 0x52, 0x00, 0x00, 0x29, 0x00, 0x18, 0x52, 0x00, 0x00, 0x29, 0x00,
  0x18, 0x52, 0x00, 0x00, 0x29, 0x00, 0x18, 0x52, 0x00, 0x00, 0x29, 0x00,
  0x18, 0x52, 0x00, 0x00, 0x29, 0x00, 0x18, 0x52, 0x00, 0x00, 0x29, 0x00,
  0x18, 0x52, 0x00, 0x00, 0x29, 0x00, 0x18, 0x52, 0x00, 0x00, 0x29, 0x00,
  0x18, 0x52, 0x00, 0x00, 0x29, 0x00, 0x18, 0x52, 0x00, 0x00, 0x29, 0x00,
  0x18, 0x52, 0x00, 0x00, 0x29, 0x00, 0x18, 0x52, 0x00, 0x00, 0x29, 0x00,
  0x18, 0x52, 0x00, 0x00, 0x29, 0x00, 0x18, 0x52, 0x00, 0x00, 0x29, 0x00,
  0x18, 0x52, 0x00, 0x00, 0x29, 0x00, 0x18, 0x52, 0x00, 0x00, 0x29, 0x00,
  0x18, 0x52, 0x00, 0x00, 0x29, 0x00, 0x18, 0x52, 0x00, 0x00, 0x29, 0x00,
  0x18, 0x52, 0x00, 0x00, 0x29, 0x00, 0x18, 0x52, 0x00, 0x00, 0x29, 0x00,
  0x18, 0x52, 0x00, 0x00, 0x29, 0x00, 0x18, 0x52, 0x00, 0x00, 0x29, 0x00,
  0x18, 0x52, 0x00, 0x00, 0x29, 0x00, 0x18, 0x52, 0x00, 0x00, 0x29, 0x00,
  0x18, 0x52, 0x00, 0x00, 0x29, 0x00, 0x18, 0x52, 0x00, 0x00, 0x29, 0x00,
  0x18, 0x52, 0x00, 0x00, 0x29, 0x00, 0x18, 0x52, 0x00, 0x00, 0x29, 0x00,
  0x18, 0x52, 0x00, 0x00, 0x29, 0x00, 0x18, 0x52, 0x00, 0x00, 0x29, 0x00,
  0x18, 0x52, 0x00, 0x00, 0x29, 0x00, 0x18, 0x52, 0x00, 0x00, 0x29, 0x00,
  0x18, 0x52, 0x00, 0x00, 0x29, 0x00, 0x18, 0x52, 0x00, 0x00, 0x29, 0x00,
  0x18, 0x52, 0x00, 0x00, 0x29, 0x00, 0x18, 0x52, 0x00, 0x00, 0x29, 0x00,
  0x18, 0x52, 0x00, 0x00, 0x29, 0x00, 0x18, 0x52, 0x00, 0x00, 0x29, 0x00,
  0x18, 0x52, 0x00, 0x00, 0x29, 0x00, 0x18, 0x52, 0x00, 0x00, 0x29, 0x00,
  0x18, 0x52, 0x00, 0x00, 0x29, 0x00, 0x18, 0x52, 0x00, 0x00, 0x29, 0x00,
  0x18, 0x52, 0x00, 0x00, 0x29, 0x00, 0x18, 0x52, 0x00, 0x00, 0x29, 0x00,
  0x18, 0x52, 0x00, 0x00, 0x29, 0x00, 0x18, 0x52, 0x00, 0x00, 0x29, 0x00,
  0x18, 0x52, 0x00, 0x00, 0x29, 0x00, 0x18, 0x52, 0x00, 0x00, 0x29, 0x00,
  0x18, 0x52, 0x00, 0x00, 0x29, 0x00, 0x18, 0x52, 0x00, 0x00, 0x29, 0x00,
  0x18, 0x52, 0x00, 0x00, 0x29, 0x00, 0x18, 0x52, 0x00, 0x00, 0x29, 0x00,
  0x18, 0x52, 0x00, 0x00, 0x29, 0x00, 0x18, 0x52, 0x00, 0x00, 0x29, 0x00,
  0x00, 0x29, 0x00, 0x18, 0x52, 0x00, 0x00, 0x29, 0x00, 0x18, 0x52, 0x00,
  0x00, 0x29, 0x00, 0x18, 0x52, 0x00, 0x00, 0x29, 0x00, 0x18, 0x52, 0x00,
  0x00, 0x29, 0x00, 0x18, 0x52, 0x00, 0x00, 0x29, 0x00, 0x18, 0x52, 0x00,
  0x00, 0x29, 0x00, 0x18, 0x52, 0x00, 0x00, 0x29, 0x00, 0x18, 0x52, 0x00,
  0x00, 0x29, 0x00, 0x18, 0x52, 0x00, 0x00, 0x29, 0x00, 0x18, 0x52, 0x00,
  0x00, 0x29, 0x00, 0x18, 0x52, 0x00, 0x00, 0x29, 0x00, 0x18, 0x52, 0x00,
  0x00, 0x29, 0x00, 0x18, 0x52, 0x00, 0x00, 0x29, 0x00, 0x18, 0x52, 0x00,
  0x00, 0x29, 0x00, 0x18, 0x52, 0x00, 0x00, 0x29, 0x00, 0x18, 0x52, 0x00,
  0x00, 0x29, 0x00, 0x18, 0x52, 0x00, 0x00, 0x29, 0x00, 0x18, 0x52, 0x00,
  0x00, 0x29, 0x00, 0x18, 0x52, 0x00, 0x00, 0x29, 0x00, 0x18, 0x52, 0x00,
  0x00, 0x29, 0x00, 0x18, 0x52, 0x00, 0x00, 0x29, 0x00, 0x18, 0x52, 0x00,
  0x00, 0x29, 0x00, 0x18, 0x52, 0x00, 0x00, 0x29, 0x00, 0x18, 0x52, 0x00,
  0x00, 0x29, 0x00, 0x18, 0x52, 0x00, 0x00, 0x29, 0x00, 0x18, 0x52, 0x00,
  0x00, 0x29, 0x00, 0x18, 0x52, 0x00, 0x00, 0x29, 0x00, 0x18, 0x52, 0x00,
  0x00, 0x29, 0x00, 0x18, 0x52, 0x00, 0x00, 0x29, 0x00, 0x18, 0x52, 0x00,
  0x00, 0x29, 0x00, 0x18, 0x52, 0x00, 0x00, 0x29, 0x00, 0x18, 0x52, 0x00,
  0x00, 0x29, 0x00, 0x18, 0x52, 0x00, 0x00, 0x29, 0x00, 0x18, 0x52, 0x00,
  0x00, 0x29, 0x00, 0x18, 0x52, 0x00, 0x00, 0x29, 0x00, 0x18, 0x52, 0x00,
  0x00, 0x29, 0x00, 0x18, 0x52, 0x00, 0x00, 0x29, 0x00, 0x18, 0x52, 0x00,
  0x00, 0x29, 0x00, 0x18, 0x52, 0x00, 0x00, 0x29, 0x00, 0x18, 0x52, 0x00,
  0x00, 0x29, 0x00, 0x18, 0x52, 0x00, 0x00, 0x29, 0x00, 0x18, 0x52, 0x00,
  0x00, 0x29, 0x00, 0x18, 0x52, 0x00, 0x00, 0x29, 0x00, 0x18, 0x52, 0x00,
  0x00, 0x29, 0x00, 0x18, 0x52, 0x00, 0x00, 0x29, 0x00, 0x18, 0x52, 0x00,
  0x00, 0x29, 0x00, 0x18, 0x52, 0x00, 0x00, 0x29, 0x00, 0x18, 0x52, 0x00,
  0x00, 0x29, 0x00, 0x18, 0x52, 0x00, 0x00, 0x29, 0x00, 0x18, 0x52, 0x00,
  0x00, 0x29, 0x00, 0x18, 0x52, 0x00, 0x00, 0x29, 0x00, 0x18, 0x52, 0x00,
  0x00, 0x29, 0x00, 0x18, 0x52, 0x00, 0x00, 0x29, 0x00, 0x18, 0x52, 0x00,
  0x00, 0x29, 0x00, 0x18, 0x52, 0x00, 0x00, 0x29, 0x00, 0x18, 0x52, 0x00,
  0x00, 0x29, 0x00, 0x18, 0x52, 0x00, 0x00, 0x29, 0x00, 0x18, 0x52, 0x00,
  0x00, 0x29, 0x00, 0x18, 0x52, 0x00, 0x00, 0x29, 0x00, 0x18, 0x52, 0x00,
  0x00, 0x29, 0x00, 0x18, 0x52, 0x00, 0x00, 0x29, 0x00, 0x18, 0x52, 0x00,
  0x00, 0x29, 0x00, 0x18, 0x52, 0x00, 0x00, 0x29, 0x00, 0x18, 0x52, 0x00,
  0x00, 0x29, 0x00, 0x18, 0x52, 0x00, 0x00, 0x29, 0x00, 0x18, 0x52, 0x00,
  0x00, 0x29, 0x00, 0x18, 0x52, 0x00, 0x00, 0x29, 0x00, 0x18, 0x52, 0x00,
  0x00, 0x29, 0x00, 0x18, 0x52, 0x00, 0x00, 0x29, 0x00, 0x18, 0x52, 0x00,
  0x00, 0x29, 0x00, 0x18, 0x52, 0x00, 0x00, 0x29, 0x00, 0x18, 0x52, 0x00,
  0x00, 0x29, 0x00, 0x18, 0x52, 0x00, 0x00, 0x29, 0x00, 0x18, 0x52, 0x00,
  0x00, 0x29, 0x00, 0x18, 0x52, 0x00, 0x00, 0x29, 0x00, 0x18, 0x52, 0x00,
  0x00, 0x29, 0x00, 0x18, 0x52, 0x00, 0x00, 0x29, 0x00, 0x18, 0x52, 0x00,
  0x00, 0x29, 0x00, 0x18, 0x52, 0x00, 0x00, 0x29, 0x00, 0x18, 0x52, 0x00,
  0x00, 0x29, 0x00, 0x18, 0x52, 0x00, 0x00, 0x29, 0x00, 0x18, 0x52, 0x00,
  0x00, 0x29, 0x00, 0x18, 0x52, 0x00, 0x00, 0x29, 0x00, 0x18, 0x52, 0x00,
  0x00, 0x29, 0x00, 0x18, 0x52, 0x00, 0x00, 0x29, 0x00, 0x18, 0x52, 0x00,
  0x00, 0x29, 0x00, 0x18, 0x52, 0x00, 0x00, 0x29, 0x00, 0x18, 0x52, 0x00,
  0x00, 0x29, 0x00, 0x18, 0x52, 0x00, 0x00, 0x29, 0x00, 0x18, 0x52, 0x00,
  0x00, 0x29, 0x00, 0x18, 0x52, 0x00, 0x00, 0x29, 0x00, 0x18, 0x52, 0x00,
  0x00, 0x29, 0x00, 0x18, 0x52, 0x00, 0x00, 0x29, 0x00, 0x18, 0x52, 0x00,
  0x00, 0x29, 0x00, 0x18, 0x52, 0x00, 0x00, 0x29, 0x00, 0x18, 0x52, 0x00,
  0x00, 0x29, 0x00, 0x18, 0x52, 0x00, 0x00, 0x29, 0x00, 0x18, 0x52, 0x00,
  0x00, 0x29, 0x00, 0x18, 0x52, 0x00, 0x00, 0x29, 0x00, 0x18, 0x52, 0x00,
  0x00, 0x29, 0x00, 0x18, 0x52, 0x00, 0x00, 0x29, 0x00, 0x18, 0x52, 0x00,
  0x00, 0x29, 0x00, 0x18, 0x52, 0x00, 0x00, 0x29, 0x00, 0x18, 0x52, 0x00,
  0x00, 0x29, 0x00, 0x18, 0x52, 0x00, 0x00, 0x29, 0x00, 0x18, 0x52, 0x00,
  0x00, 0x29, 0x00, 0x18, 0x52, 0x00, 0x00, 0x29, 0x00, 0x18, 0x52, 0x00,
  0x00, 0x29, 0x00, 0x18, 0x52, 0x00, 0x00, 0x29, 0x00, 0x18, 0x52, 0x00,
  0x00, 0x29, 0x00, 0x18, 0x52, 0x00, 0x00, 0x29, 0x00, 0x18, 0x52, 0x00,
  0x00, 0x29, 0x00, 0x18, 0x52, 0x00, 0x00, 0x29, 0x00, 0x18, 0x52, 0x00,
  0x00, 0x29, 0x00, 0x18, 0x52, 0x00, 0x00, 0x29, 0x00, 0x18, 0x52, 0x00,
  0x00, 0x29, 0x00, 0x18, 0x52, 0x00, 0x00, 0x29, 0x00, 0x18, 0x52, 0x00,
  0x00, 0x29, 0x00, 0x18, 0x52, 0x00, 0x00, 0x29, 0x00, 0x18, 0x52, 0x00,
  0x00, 0x29, 0x00, 0x18, 0x52, 0x00, 0x00, 0x29, 0x00, 0x18, 0x52, 0x00,
  0x00, 0x29, 0x00, 0x18, 0x52, 0x00, 0x00, 0x29, 0x00, 0x18, 0x52, 0x00,
  0x00, 0x29, 0x00, 0x18, 0x52, 0x00, 0x00, 0x29, 0x00, 0x18, 0x52, 0x00,
  0x00, 0x29, 0x00, 0x18, 0x52, 0x00, 0x00, 0x29, 0x00, 0x18, 0x52, 0x00,
  0x18, 0x52, 0x00, 0x00, 0x29, 0x00, 0x18, 0x52, 0x00, 0x00, 0x29, 0x00,
  0x18, 0x52, 0x00, 0x00, 0x29, 0x00, 0x18, 0x52, 0x00, 0x00, 0x29, 0x00,
  0x18, 0x52, 0x00, 0x00, 0x29, 0x00, 0x18, 0x52, 0x00, 0x00, 0x29, 0x00,
  0x18, 0x52, 0x00, 0x00, 0x29, 0x00, 0x18, 0x52, 0x00, 0x00, 0x29, 0x00,
  0x18, 0x52, 0x00, 0x00, 0x29, 0x00, 0x18, 0x52, 0x00, 0x00, 0x29, 0x00,
  0x18, 0x52, 0x00, 0x00, 0x29, 0x00, 0x18, 0x52, 0x00, 0x00, 0x29, 0x00,
  0x18, 0x52, 0x00, 0x00, 0x29, 0x00, 0x18, 0x52, 0x00, 0x00, 0x29, 0x00,
  0x18, 0x52, 0x00, 0x00, 0x29, 0x00, 0x18, 0x52, 0x00, 0x00, 0x29, 0x00,
  0x18, 0x52, 0x00, 0x00, 0x29, 0x00, 0x18, 0x52, 0x00, 0x00, 0x29, 0x00,
  0x18, 0x52, 0x00, 0x00, 0x29, 0x00, 0x18, 0x52, 0x00, 0x00, 0x29, 0x00,
  0x18, 0x52, 0x00, 0x00, 0x29, 0x00, 0x18, 0x52, 0x00, 0x00, 0x29, 0x00,
  0x18, 0x52, 0x00, 0x00, 0x29, 0x00, 0x18, 0x52, 0x00, 0x00, 0x29, 0x00,
  0x18, 0x52, 0x00, 0x00, 0x29, 0x00, 0x18, 0x52, 0x00, 0x00, 0x29, 0x00,
  0x18, 0x52, 0x00, 0x00, 0x29, 0x00, 0x18, 0x52, 0x00, 0x00, 0x29, 0x00,
  0x18, 0x52, 0x00, 0x00, 0x29, 0x00, 0x18, 0x52, 0x00, 0x00, 0x29, 0x00,
  0x18, 0x52, 0x00, 0x00, 0x29, 0x00, 0x18, 0x52, 0x00, 0x00, 0x29, 0x00,
  0x18, 0x52, 0x00, 0x00, 0x29, 0x00, 0x18, 0x52, 0x00, 0x00, 0x29, 0x00,
  0x18, 0x52, 0x00, 0x00, 0x29, 0x00, 0x18, 0x52, 0x00, 0x00, 0x29, 0x00,
  0x18, 0x52, 0x00, 0x00, 0x29, 0x00, 0x18, 0x52, 0x00, 0x00, 0x29, 0x00,
  0x18, 0x52, 0x00, 0x00, 0x29, 0x00, 0x18, 0x52, 0x00, 0x00, 0x29, 0x00,
  0x18, 0x52, 0x00, 0x00, 0x29, 0x00, 0x18, 0x52, 0x00, 0x00, 0x29, 0x00,
  0x18, 0x52, 0x00, 0x00, 0x29, 0x00, 0x18, 0x52, 0x00, 0x00, 0x29, 0x00,
  0x18, 0x52, 0x00, 0x00, 0x29, 0x00, 0x18, 0x52, 0x00, 0x00, 0x29, 0x00,
  0x18, 0x52, 0x00, 0x00, 0x29, 0x00, 0x18, 0x52, 0x00, 0x00, 0x29, 0x00,
  0x18, 0x52, 0x00, 0x00, 0x29, 0x00, 0x18, 0x52, 0x00, 0x00, 0x29, 0x00,
  0x18, 0x52, 0x00, 0x00, 0x29, 0x00, 0x18, 0x52, 0x00, 0x00, 0x29, 0x00,
  0x18, 0x52, 0x00, 0x00, 0x29, 0x00, 0x18, 0x52, 0x00, 0x00, 0x29, 0x00,
  0x18, 0x52, 0x00, 0x00, 0x29, 0x00, 0x18, 0x52, 0x00, 0x00, 0x29, 0x00,
  0x18, 0x52, 0x00, 0x00, 0x29, 0x00, 0x18, 0x52, 0x00, 0x00, 0x29, 0x00,
  0x18, 0x52, 0x00, 0x00, 0x29, 0x00, 0x18, 0x52, 0x00, 0x00, 0x29, 0x00,
  0x18, 0x52, 0x00, 0x00, 0x29, 0x00, 0x18, 0x52, 0x00, 0x00, 0x29, 0x00,
  0x18, 0x52, 0x00, 0x00, 0x29, 0x00, 0x18, 0x52, 0x00, 0x00, 0x29, 0x00,
  0x18, 0x52, 0x00, 0x00, 0x29, 0x00, 0x18, 0x52, 0x00, 0x00, 0x29, 0x00,
  0x18, 0x52, 0x00, 0x00, 0x29, 0x00, 0x18, 0x52, 0x00, 0x00, 0x29, 0x00,
  0x18, 0x52, 0x00, 0x00, 0x29, 0x00, 0x18, 0x52, 0x00, 0x00, 0x29, 0x00,
  0x18, 0x52, 0x00, 0x00, 0x29, 0x00, 0x18, 0x52, 0x00, 0x00, 0x29, 0x00,
  0x18, 0x52, 0x00, 0x00, 0x29, 0x00, 0x18, 0x52, 0x00, 0x00, 0x29, 0x00,
  0x18, 0x52, 0x00, 0x00, 0x29, 0x00, 0x18, 0x52, 0x00, 0x00, 0x29, 0x00,
  0x18, 0x52, 0x00, 0x00, 0x29, 0x00, 0x18, 0x52, 0x00, 0x00, 0x29, 0x00,
  0x18, 0x52, 0x00, 0x00, 0x29, 0x00, 0x18, 0x52, 0x00, 0x00, 0x29, 0x00,
  0x18, 0x52, 0x00, 0x00, 0x29, 0x00, 0x18, 0x52, 0x00, 0x00, 0x29, 0x00,
  0x18, 0x52, 0x00, 0x00, 0x29, 0x00, 0x18, 0x52, 0x00, 0x00, 0x29, 0x00,
  0x18, 0x52, 0x00, 0x00, 0x29, 0x00, 0x18, 0x52, 0x00, 0x00, 0x29, 0x00,
  0x18, 0x52, 0x00, 0x00, 0x29, 0x00, 0x18, 0x52, 0x00, 0x00, 0x29, 0x00,
  0x18, 0x52, 0x00, 0x00, 0x29, 0x00, 0x18, 0x52, 0x00, 0x00, 0x29, 0x00,
  0x18, 0x52, 0x00, 0x00, 0x29, 0x00, 0x18, 0x52, 0x00, 0x00, 0x29, 0x00,
  0x18, 0x52, 0x00, 0x00, 0x29, 0x00, 0x18, 0x52, 0x00, 0x00, 0x29, 0x00,
  0x18, 0x52, 0x00, 0x00, 0x29, 0x00, 0x18, 0x52, 0x00, 0x00, 0x29, 0x00,
  0x18, 0x52, 0x00, 0x00, 0x29, 0x00, 0x18, 0x52, 0x00, 0x00, 0x29, 0x00,
  0x18, 0x52, 0x00, 0x00, 0x29, 0x00, 0x18, 0x52, 0x00, 0x00, 0x29, 0x00,
  0x18, 0x52, 0x00, 0x00, 0x29, 0x00, 0x18, 0x52, 0x00, 0x00, 0x29, 0x00,
  0x18, 0x52, 0x00, 0x00, 0x29, 0x00, 0x18, 0x52, 0x00, 0x00, 0x29, 0x00,
  0x18, 0x52, 0x00, 0x00, 0x29, 0x00, 0x18, 0x52, 0x00, 0x00, 0x29, 0x00,
  0x18, 0x52, 0x00, 0x00, 0x29, 0x00, 0x18, 0x52, 0x00, 0x00, 0x29, 0x00,
  0x18, 0x52, 0x00, 0x00, 0x29, 0x00, 0x18, 0x52, 0x00, 0x00, 0x29, 0x00,
  0x18, 0x52, 0x00, 0x00, 0x29, 0x00, 0x18, 0x52, 0x00, 0x00, 0x29, 0x00,
  0x18, 0x52, 0x00, 0x00, 0x29, 0x00, 0x18, 0x52, 0x00, 0x00, 0x29, 0x00,
  0x18, 0x52, 0x00, 0x00, 0x29, 0x00, 0x18, 0x52, 0x00, 0x00, 0x29, 0x00,
  0x18, 0x52, 0x00, 0x00, 0x29, 0x00, 0x18, 0x52, 0x00, 0x00, 0x29, 0x00,
  0x18, 0x52, 0x00, 0x00, 0x29, 0x00, 0x18, 0x52, 0x00, 0x00, 0x29, 0x00,
  0x18, 0x52, 0x00, 0x00, 0x29, 0x00, 0x18, 0x52, 0x00, 0x00, 0x29, 0x00,
  0x18, 0x52, 0x00, 0x00, 0x29, 0x00, 0x18, 0x52, 0x00, 0x00, 0x29, 0x00,
  0x18, 0x52, 0x00, 0x00, 0x29, 0x00, 0x18, 0x52, 0x00, 0x00, 0x29, 0x00,
  0x18, 0x52, 0x00, 0x00, 0x29, 0x00, 0x18, 0x52, 0x00, 0x00, 0x29, 0x00,
  0x00, 0x29, 0x00, 0x18, 0x52, 0x00, 0x00, 0x29, 0x00, 0x18, 0x52, 0x00,
  0x00, 0x29, 0x00, 0x18, 0x52, 0x00, 0x00, 0x29, 0x00, 0x18, 0x52, 0x00,
  0x00, 0x29, 0x00, 0x18, 0x52, 0x00, 0x00, 0x29, 0x00, 0x18, 0x52, 0x00,
  0x00, 0x29, 0x00, 0x18, 0x52, 0x00, 0x00, 0x29, 0x00, 0x18, 0x52, 0x00,
  0x00, 0x29, 0x00, 0x18, 0x52, 0x00, 0x00, 0x29, 0x00, 0x18, 0x52, 0x00,
  0x00, 0x29, 0x00, 0x18, 0x52, 0x00, 0x00, 0x29, 0x00, 0x18, 0x52, 0x00,
  0x00, 0x29, 0x00, 0x18, 0x52, 0x00, 0x00, 0x29, 0x00, 0x18, 0x52, 0x00,
  0x00, 0x29, 0x00, 0x18, 0x52, 0x00, 0x00, 0x29, 0x00, 0x18, 0x52, 0x00,
  0x00, 0x29, 0x00, 0x18, 0x52, 0x00, 0x00, 0x29, 0x00, 0x18, 0x52, 0x00,
  0x00, 0x29, 0x00, 0x18, 0x52, 0x00, 0x00, 0x29, 0x00, 0x18, 0x52, 0x00,
  0x00, 0x29, 0x00, 0x18, 0x52, 0x00, 0x00, 0x29, 0x00, 0x18, 0x52, 0x00,
  0x00, 0x29, 0x00, 0x18, 0x52, 0x00, 0x00, 0x29, 0x00, 0x18, 0x52, 0x00,
  0x00, 0x29, 0x00, 0x18, 0x52, 0x00, 0x00, 0x29, 0x00, 0x18, 0x52, 0x00,
  0x00, 0x29, 0x00, 0x18, 0x52, 0x00, 0x00, 0x29, 0x00, 0x18, 0x52, 0x00,
  0x00, 0x29, 0x00, 0x18, 0x52, 0x00, 0x00, 0x29, 0x00, 0x18, 0x52, 0x00,
  0x00, 0x29, 0x00, 0x18, 0x52, 0x00, 0x00, 0x29, 0x00, 0x18, 0x52, 0x00,
  0x00, 0x29, 0x00, 0x18, 0x52, 0x00, 0x00, 0x29, 0x00, 0x18, 0x52, 0x00,
  0x00, 0x29, 0x00, 0x18, 0x52, 0x00, 0x00, 0x29, 0x00, 0x18, 0x52, 0x00,
  0x00, 0x29, 0x00, 0x18, 0x52, 0x00, 0x00, 0x29, 0x00, 0x18, 0x52, 0x00,
  0x00, 0x29, 0x00, 0x18, 0x52, 0x00, 0x00, 0x29, 0x00, 0x18, 0x52, 0x00,
  0x00, 0x29, 0x00, 0x18, 0x52, 0x00, 0x00, 0x29, 0x00, 0x18, 0x52, 0x00,
  0x00, 0x29, 0x00, 0x18, 0x52, 0x00, 0x00, 0x29, 0x00, 0x18, 0x52, 0x00,
  0x00, 0x29, 0x00, 0x18, 0x52, 0x00, 0x00, 0x29, 0x00, 0x18, 0x52, 0x00,
  0x00, 0x29, 0x00, 0x18, 0x52, 0x00, 0x00, 0x29, 0x00, 0x18, 0x52, 0x00,
  0x00, 0x29, 0x00, 0x18, 0x52, 0x00, 0x00, 0x29, 0x00, 0x18, 0x52, 0x00,
  0x00, 0x29, 0x00, 0x18, 0x52, 0x00, 0x00, 0x29, 0x00, 0x18, 0x52, 0x00,
  0x00, 0x29, 0x00, 0x18, 0x52, 0x00, 0x00, 0x29, 0x00, 0x18, 0x52, 0x00,
  0x00, 0x29, 0x00, 0x18, 0x52, 0x00, 0x00, 0x29, 0x00, 0x18, 0x52, 0x00,
  0x00, 0x29, 0x00, 0x18, 0x52, 0x00, 0x00, 0x29, 0x00, 0x18, 0x52, 0x00,
  0x00, 0x29, 0x00, 0x18, 0x52, 0x00, 0x00, 0x29, 0x00, 0x18, 0x52, 0x00,
  0x00, 0x29, 0x00, 0x18, 0x52, 0x00, 0x00, 0x29, 0x00, 0x18, 0x52, 0x00,
  0x00, 0x29, 0x00, 0x18, 0x52, 0x00, 0x00, 0x29, 0x00, 0x18, 0x52, 0x00,
  0x00, 0x29, 0x00, 0x18, 0x52, 0x00, 0x00, 0x29, 0x00, 0x18, 0x52, 0x00,
  0x00, 0x29, 0x00, 0x18, 0x52, 0x00, 0x00, 0x29, 0x00, 0x18, 0x52, 0x00,
  0x00, 0x29, 0x00, 0x18, 0x52, 0x00, 0x00, 0x29, 0x00, 0x18, 0x52, 0x00,
  0x00, 0x29, 0x00, 0x18, 0x52, 0x00, 0x00, 0x29, 0x00, 0x18, 0x52, 0x00,
  0x00, 0x29, 0x00, 0x18, 0x52, 0x00, 0x00, 0x29, 0x00, 0x18, 0x52, 0x00,
  0x00, 0x29, 0x00, 0x18, 0x52, 0x00, 0x00, 0x29, 0x00, 0x18, 0x52, 0x00,
  0x00, 0x29, 0x00, 0x18, 0x52, 0x00, 0x00, 0x29, 0x00, 0x18, 0x52, 0x00,
  0x00, 0x29, 0x00, 0x18, 0x52, 0x00, 0x00, 0x29, 0x00, 0x18, 0x52, 0x00,
  0x00, 0x29, 0x00, 0x18, 0x52, 0x00, 0x00, 0x29, 0x00, 0x18, 0x52, 0x00,
  0x00, 0x29, 0x00, 0x18, 0x52, 0x00, 0x00, 0x29, 0x00, 0x18, 0x52, 0x00,
  0x00, 0x29, 0x00, 0x18, 0x52, 0x00, 0x00, 0x29, 0x00, 0x18, 0x52, 0x00,
  0x00, 0x29, 0x00, 0x18, 0x52, 0x00, 0x00, 0x29, 0x00, 0x18, 0x52, 0x00,
  0x00, 0x29, 0x00, 0x18, 0x52, 0x00, 0x00, 0x29, 0x00, 0x18, 0x52, 0x00,
  0x00, 0x29, 0x00, 0x18, 0x52, 0x00, 0x00, 0x29, 0x00, 0x18, 0x52, 0x00,
  0x00, 0x29, 0x00, 0x18, 0x52, 0x00, 0x00, 0x29, 0x00, 0x18, 0x52, 0x00,
  0x00, 0x29, 0x00, 0x18, 0x52, 0x00, 0x00, 0x29, 0x00, 0x18, 0x52, 0x00,
  0x00, 0x29, 0x00, 0x18, 0x52, 0x00, 0x00, 0x29, 0x00, 0x18, 0x52, 0x00,
  0x00, 0x29, 0x00, 0x18, 0x52, 0x00, 0x00, 0x29, 0x00, 0x18, 0x52, 0x00,
  0x00, 0x29, 0x00, 0x18, 0x52, 0x00, 0x00, 0x29, 0x00, 0x18, 0x52, 0x00,
  0x00, 0x29, 0x00, 0x18, 0x52, 0x00, 0x00, 0x29, 0x00, 0x18, 0x52, 0x00,
  0x00, 0x29, 0x00, 0x18, 0x52, 0x00, 0x00, 0x29, 0x00, 0x18, 0x52, 0x00,
  0x00, 0x29, 0x00, 0x18, 0x52, 0x00, 0x00, 0x29, 0x00, 0x18, 0x52, 0x00,
  0x00, 0x29, 0x00, 0x18, 0x52, 0x00, 0x00, 0x29, 0x00, 0x18, 0x52, 0x00,
  0x00, 0x29, 0x00, 0x18, 0x52, 0x00, 0x00, 0x29, 0x00, 0x18, 0x52, 0x00,
  0x00, 0x29, 0x00, 0x18, 0x52, 0x00, 0x00, 0x29, 0x00, 0x18, 0x52, 0x00,
  0x00, 0x29, 0x00, 0x18, 0x52, 0x00, 0x00, 0x29, 0x00, 0x18, 0x52, 0x00,
  0x00, 0x29, 0x00, 0x18, 0x52, 0x00, 0x00, 0x29, 0x00, 0x18, 0x52, 0x00,
  0x00, 0x29, 0x00, 0x18, 0x52, 0x00, 0x00, 0x29, 0x00, 0x18, 0x52, 0x00,
  0x00, 0x29, 0x00, 0x18, 0x52, 0x00, 0x00, 0x29, 0x00, 0x18, 0x52, 0x00,
  0x00, 0x29, 0x00, 0x18, 0x52, 0x00, 0x00, 0x29, 0x00, 0x18, 0x52, 0x00,
  0x00, 0x29, 0x00, 0x18, 0x52, 0x00, 0x00, 0x29, 0x00, 0x18, 0x52, 0x00,
  0x00, 0x29, 0x00, 0x18, 0x52, 0x00, 0x00, 0x29, 0x00, 0x18, 0x52, 0x00,
  0x18, 0x52, 0x00, 0x00, 0x29, 0x00, 0x18, 0x52, 0x00, 0x00, 0x29, 0x00,
  0x18, 0x52, 0x00, 0x00, 0x29, 0x00, 0x18, 0x52, 0x00, 0x00, 0x29, 0x00,
  0x18, 0x52, 0x00, 0x00, 0x29, 0x00, 0x18, 0x52, 0x00, 0x00, 0x29, 0x00,
  0x18, 0x52, 0x00, 0x00, 0x29, 0x00, 0x18, 0x52, 0x00, 0x00, 0x29, 0x00,
  0x18, 0x52, 0x00, 0x00, 0x29, 0x00, 0x18, 0x52, 0x00, 0x00, 0x29, 0x00,
  0x18, 0x52, 0x00, 0x00, 0x29, 0x00, 0x18, 0x52, 0x00, 0x00, 0x29, 0x00,
  0x18, 0x52, 0x00, 0x00, 0x29, 0x00, 0x18, 0x52, 0x00, 0x00, 0x29, 0x00,
  0x18, 0x52, 0x00, 0x00, 0x29, 0x00, 0x18, 0x52, 0x00, 0x00, 0x29, 0x00,
  0x18, 0x52, 0x00, 0x00, 0x29, 0x00, 0x18, 0x52, 0x00, 0x00, 0x29, 0x00,
  0x18, 0x52, 0x00, 0x00, 0x29, 0x00, 0x18, 0x52, 0x00, 0x00, 0x29, 0x00,
  0x18, 0x52, 0x00, 0x00, 0x29, 0x00, 0x18, 0x52, 0x00, 0x00, 0x29, 0x00,
  0x18, 0x52, 0x00, 0x00, 0x29, 0x00, 0x18, 0x52, 0x00, 0x00, 0x29, 0x00,
  0x18, 0x52, 0x00, 0x00, 0x29, 0x00, 0x18, 0x52, 0x00, 0x00, 0x29, 0x00,
  0x18, 0x52, 0x00, 0x00, 0x29, 0x00, 0x18, 0x52, 0x00, 0x00, 0x29, 0x00,
  0x18, 0x52, 0x00, 0x00, 0x29, 0x00, 0x18, 0x52, 0x00, 0x00, 0x29, 0x00,
  0x18, 0x52, 0x00, 0x00, 0x29, 0x00, 0x18, 0x52, 0x00, 0x00, 0x29, 0x00,
  0x18, 0x52, 0x00, 0x00, 0x29, 0x00, 0x18, 0x52, 0x00, 0x00, 0x29, 0x00,
  0x18, 0x52, 0x00, 0x00, 0x29, 0x00, 0x18, 0x52, 0x00, 0x00, 0x29, 0x00,
  0x18, 0x52, 0x00, 0x00, 0x29, 0x00, 0x18, 0x52, 0x00, 0x00, 0x29, 0x00,
  0x18, 0x52, 0x00, 0x00, 0x29, 0x00, 0x18, 0x52, 0x00, 0x00, 0x29, 0x00,
  0x18, 0x52, 0x00, 0x00, 0x29, 0x00, 0x18, 0x52, 0x00, 0x00, 0x29, 0x00,
  0x18, 0x52, 0x00, 0x00, 0x29, 0x00, 0x18, 0x52, 0x00, 0x00, 0x29, 0x00,
  0x18, 0x52, 0x00, 0x00, 0x29, 0x00, 0x18, 0x52, 0x00, 0x00, 0x29, 0x00,
  0x18, 0x52, 0x00, 0x00, 0x29, 0x00, 0x18, 0x52, 0x00, 0x00, 0x29, 0x00,
  0x18, 0x52, 0x00, 0x00, 0x29, 0x00, 0x18, 0x52, 0x00, 0x00, 0x29, 0x00,
  0x18, 0x52, 0x00, 0x00, 0x29, 0x00, 0x18, 0x52, 0x00, 0x00, 0x29, 0x00,
  0x18, 0x52, 0x00, 0x00, 0x29, 0x00, 0x18, 0x52, 0x00, 0x00, 0x29, 0x00,
  0x18, 0x52, 0x00, 0x00, 0x29, 0x00, 0x18, 0x52, 0x00, 0x00, 0x29, 0x00,
  0x18, 0x52, 0x00, 0x00, 0x29, 0x00, 0x18, 0x52, 0x00, 0x00, 0x29, 0x00,
  0x18, 0x52, 0x00, 0x00, 0x29, 0x00, 0x18, 0x52, 0x00, 0x00, 0x29, 0x00,
  0x18, 0x52, 0x00, 0x00, 0x29, 0x00, 0x18, 0x52, 0x00, 0x00, 0x29, 0x00,
  0x18, 0x52, 0x00, 0x00, 0x29, 0x00, 0x18, 0x52, 0x00, 0x00, 0x29, 0x00,
  0x18, 0x52, 0x00, 0x00, 0x29, 0x00, 0x18, 0x52, 0x00, 0x00, 0x29, 0x00,
  0x18, 0x52, 0x00, 0x00, 0x29, 0x00, 0x18, 0x52, 0x00, 0x00, 0x29, 0x00,
  0x18, 0x52, 0x00, 0x00, 0x29, 0x00, 0x18, 0x52, 0x00, 0x00, 0x29, 0x00,
  0x18, 0x52, 0x00, 0x00, 0x29, 0x00, 0x18, 0x52, 0x00, 0x00, 0x29, 0x00,
  0x18, 0x52, 0x00, 0x00, 0x29, 0x00, 0x18, 0x52, 0x00, 0x00, 0x29, 0x00,
  0x18, 0x52, 0x00, 0x00, 0x29, 0x00, 0x18, 0x52, 0x00, 0x00, 0x29, 0x00,
  0x18, 0x52, 0x00, 0x00, 0x29, 0x00, 0x18, 0x52, 0x00, 0x00, 0x29, 0x00,
  0x18, 0x52, 0x00, 0x00, 0x29, 0x00, 0x18, 0x52, 0x00, 0x00, 0x29, 0x00,
  0x18, 0x52, 0x00, 0x00, 0x29, 0x00, 0x18, 0x52, 0x00, 0x00, 0x29, 0x00,
  0x18, 0x52, 0x00, 0x00, 0x29, 0x00, 0x18, 0x52, 0x00, 0x00, 0x29, 0x00,
  0x18, 0x52, 0x00, 0x00, 0x29, 0x00, 0x18, 0x52, 0x00, 0x00, 0x29, 0x00,
  0x18, 0x52, 0x00, 0x00, 0x29, 0x00, 0x18, 0x52, 0x00, 0x00, 0x29, 0x00,
  0x18, 0x52, 0x00, 0x00, 0x29, 0x00, 0x18, 0x52, 0x00, 0x00, 0x29, 0x00,
  0x18, 0x52, 0x00, 0x00, 0x29, 0x00, 0x18, 0x52, 0x00, 0x00, 0x29, 0x00,
  0x18, 0x52, 0x00, 0x00, 0x29, 0x00, 0x18, 0x52, 0x00, 0x00, 0x29, 0x00,
  0x18, 0x52, 0x00, 0x00, 0x29, 0x00, 0x18, 0x52, 0x00, 0x00, 0x29, 0x00,
  0x18, 0x52, 0x00, 0x00, 0x29, 0x00, 0x18, 0x52, 0x00, 0x00, 0x29, 0x00,
  0x18, 0x52, 0x00, 0x00, 0x29, 0x00, 0x18, 0x52, 0x00, 0x00, 0x29, 0x00,
  0x18, 0x52, 0x00, 0x00, 0x29, 0x00, 0x18, 0x52, 0x00, 0x00, 0x29, 0x00,
  0x18, 0x52, 0x00, 0x00, 0x29, 0x00, 0x18, 0x52, 0x00, 0x00, 0x29, 0x00,
  0x18, 0x52, 0x00, 0x00, 0x29, 0x00, 0x18, 0x52, 0x00, 0x00, 0x29, 0x00,
  0x18, 0x52, 0x00, 0x00, 0x29, 0x00, 0x18, 0x52, 0x00, 0x00, 0x29, 0x00,
  0x18, 0x52, 0x00, 0x00, 0x29, 0x00, 0x18, 0x52, 0x00, 0x00, 0x29, 0x00,
  0x18, 0x52, 0x00, 0x00, 0x29, 0x00, 0x18, 0x52, 0x00, 0x00, 0x29, 0x00,
  0x18, 0x52, 0x00, 0x00, 0x29, 0x00, 0x18, 0x52, 0x00, 0x00, 0x29, 0x00,
  0x18, 0x52, 0x00, 0x00, 0x29, 0x00, 0x18, 0x52, 0x00, 0x00, 0x29, 0x00,
  0x18, 0x52, 0x00, 0x00, 0x29, 0x00, 0x18, 0x52, 0x00, 0x00, 0x29, 0x00,
  0x18, 0x52, 0x00, 0x00, 0x29, 0x00, 0x18, 0x52, 0x00, 0x00, 0x29, 0x00,
  0x18, 0x52, 0x00, 0x00, 0x29, 0x00, 0x18, 0x52, 0x00, 0x00, 0x29, 0x00,
  0x18, 0x52, 0x00, 0x00, 0x29, 0x00, 0x18, 0x52, 0x00, 0x00, 0x29, 0x00,
  0x18, 0x52, 0x00, 0x00, 0x29, 0x00, 0x18, 0x52, 0x00, 0x00, 0x29, 0x00,
  0x18, 0x52, 0x00, 0x00, 0x29, 0x00, 0x18, 0x52, 0x00, 0x00, 0x29, 0x00,
  0x00, 0x29, 0x00, 0x18, 0x52, 0x00, 0x00, 0x29, 0x00, 0x18, 0x52, 0x00,
  0x00, 0x29, 0x00, 0x18, 0x52, 0x00, 0x00, 0x29, 0x00, 0x18, 0x52, 0x00,
  0x00, 0x29, 0x00, 0x18, 0x52, 0x00, 0x00, 0x29, 0x00, 0x18, 0x52, 0x00,
  0x00, 0x29, 0x00, 0x18, 0x52, 0x00, 0x00, 0x29, 0x00, 0x18, 0x52, 0x00,
  0x00, 0x29, 0x00, 0x18, 0x52, 0x00, 0x00, 0x29, 0x00, 0x18, 0x52, 0x00,
  0x00, 0x29, 0x00, 0x18, 0x52, 0x00, 0x00, 0x29, 0x00, 0x18, 0x52, 0x00,
  0x00, 0x29, 0x00, 0x18, 0x52, 0x00, 0x00, 0x29, 0x00, 0x18, 0x52, 0x00,
  0x00, 0x29, 0x00, 0x18, 0x52, 0x00, 0x00, 0x29, 0x00, 0x18, 0x52, 0x00,
  0x00, 0x29, 0x00, 0x18, 0x52, 0x00, 0x00, 0x29, 0x00, 0x18, 0x52, 0x00,
  0x00, 0x29, 0x00, 0x18, 0x52, 0x00, 0x00, 0x29, 0x00, 0x18, 0x52, 0x00,
  0x00, 0x29, 0x00, 0x18, 0x52, 0x00, 0x00, 0x29, 0x00, 0x18, 0x52, 0x00,
  0x00, 0x29, 0x00, 0x18, 0x52, 0x00, 0x00, 0x29, 0x00, 0x18, 0x52, 0x00,
  0x00, 0x29, 0x00, 0x18, 0x52, 0x00, 0x00, 0x29, 0x00, 0x18, 0x52, 0x00,
  0x00, 0x29, 0x00, 0x18, 0x52, 0x00, 0x00, 0x29, 0x00, 0x18, 0x52, 0x00,
  0x00, 0x29, 0x00, 0x18, 0x52, 0x00, 0x00, 0x29, 0x00, 0x18, 0x52, 0x00,
  0x00, 0x29, 0x00, 0x18, 0x52, 0x00, 0x00, 0x29, 0x00, 0x18, 0x52, 0x00,
  0x00, 0x29, 0x00, 0x18, 0x52, 0x00, 0x00, 0x29, 0x00, 0x18, 0x52, 0x00,
  0x00, 0x29, 0x00, 0x18, 0x52, 0x00, 0x00, 0x29, 0x00, 0x18, 0x52, 0x00,
  0x00, 0x29, 0x00, 0x18, 0x52, 0x00, 0x00, 0x29, 0x00, 0x18, 0x52, 0x00,
  0x00, 0x29, 0x00, 0x18, 0x52, 0x00, 0x00, 0x29, 0x00, 0x18, 0x52, 0x00,
  0x00, 0x29, 0x00, 0x18, 0x52, 0x00, 0x00, 0x29, 0x00, 0x18, 0x52, 0x00,
  0x00, 0x29, 0x00, 0x18, 0x52, 0x00, 0x00, 0x29, 0x00, 0x18, 0x52, 0x00,
  0x00, 0x29, 0x00, 0x18, 0x52, 0x00, 0x00, 0x29, 0x00, 0x18, 0x52, 0x00,
  0x00, 0x29, 0x00, 0x18, 0x52, 0x00, 0x00, 0x29, 0x00, 0x18, 0x52, 0x00,
  0x00, 0x29, 0x00, 0x18, 0x52, 0x00, 0x00, 0x29, 0x00, 0x18, 0x52, 0x00,
  0x00, 0x29, 0x00, 0x18, 0x52, 0x00, 0x00, 0x29, 0x00, 0x18, 0x52, 0x00,
  0x00, 0x29, 0x00, 0x18, 0x52, 0x00, 0x00, 0x29, 0x00, 0x18, 0x52, 0x00,
  0x00, 0x29, 0x00, 0x18, 0x52, 0x00, 0x00, 0x29, 0x00, 0x18, 0x52, 0x00,
  0x00, 0x29, 0x00, 0x18, 0x52, 0x00, 0x00, 0x29, 0x00, 0x18, 0x52, 0x00,
  0x00, 0x29, 0x00, 0x18, 0x52, 0x00, 0x00, 0x29, 0x00, 0x18, 0x52, 0x00,
  0x00, 0x29, 0x00, 0x18, 0x52, 0x00, 0x00, 0x29, 0x00, 0x18, 0x52, 0x00,
  0x00, 0x29, 0x00, 0x18, 0x52, 0x00, 0x00, 0x29, 0x00, 0x18, 0x52, 0x00,
  0x00, 0x29, 0x00, 0x18, 0x52, 0x00, 0x00, 0x29, 0x00, 0x18, 0x52, 0x00,
  0x00, 0x29, 0x00, 0x18, 0x52, 0x00, 0x00, 0x29, 0x00, 0x18, 0x52, 0x00,
  0x00, 0x29, 0x00, 0x18, 0x52, 0x00, 0x00, 0x29, 0x00, 0x18, 0x52, 0x00,
  0x00, 0x29, 0x00, 0x18, 0x52, 0x00, 0x00, 0x29, 0x00, 0x18, 0x52, 0x00,
  0x00, 0x29, 0x00, 0x18, 0x52, 0x00, 0x00, 0x29, 0x00, 0x18, 0x52, 0x00,
  0x00, 0x29, 0x00, 0x18, 0x52, 0x00, 0x00, 0x29, 0x00, 0x18, 0x52, 0x00,
  0x00, 0x29, 0x00, 0x18, 0x52, 0x00, 0x00, 0x29, 0x00, 0x18, 0x52, 0x00,
  0x00, 0x29, 0x00, 0x18, 0x52, 0x00, 0x00, 0x29, 0x00, 0x18, 0x52, 0x00,
  0x00, 0x29, 0x00, 0x18, 0x52, 0x00, 0x00, 0x29, 0x00, 0x18, 0x52, 0x00,
  0x00, 0x29, 0x00, 0x18, 0x52, 0x00, 0x00, 0x29, 0x00, 0x18, 0x52, 0x00,
  0x00, 0x29, 0x00, 0x18, 0x52, 0x00, 0x00, 0x29, 0x00, 0x18, 0x52, 0x00,
  0x00, 0x29, 0x00, 0x18, 0x52, 0x00, 0x00, 0x29, 0x00, 0x18, 0x52, 0x00,
  0x00, 0x29, 0x00, 0x18, 0x52, 0x00, 0x00, 0x29, 0x00, 0x18, 0x52, 0x00,
  0x00, 0x29, 0x00, 0x18, 0x52, 0x00, 0x00, 0x29, 0x00, 0x18, 0x52, 0x00,
  0x00, 0x29, 0x00, 0x18, 0x52, 0x00, 0x00, 0x29, 0x00, 0x18, 0x52, 0x00,
  0x00, 0x29, 0x00, 0x18, 0x52, 0x00, 0x00, 0x29, 0x00, 0x18, 0x52, 0x00,
  0x00, 0x29, 0x00, 0x18, 0x52, 0x00, 0x00, 0x29, 0x00, 0x18, 0x52, 0x00,
  0x00, 0x29, 0x00, 0x18, 0x52, 0x00, 0x00, 0x29, 0x00, 0x18, 0x52, 0x00,
  0x00, 0x29, 0x00, 0x18, 0x52, 0x00, 0x00, 0x29, 0x00, 0x18, 0x52, 0x00,
  0x00, 0x29, 0x00, 0x18, 0x52, 0x00, 0x00, 0x29, 0x00, 0x18, 0x52, 0x00,
  0x00, 0x29, 0x00, 0x18, 0x52, 0x00, 0x00, 0x29, 0x00, 0x18, 0x52, 0x00,
  0x00, 0x29, 0x00, 0x18, 0x52, 0x00, 0x00, 0x29, 0x00, 0x18, 0x52, 0x00,
  0x00, 0x29, 0x00, 0x18, 0x52, 0x00, 0x00, 0x29, 0x00, 0x18, 0x52, 0x00,
  0x00, 0x29, 0x00, 0x18, 0x52, 0x00, 0x00, 0x29, 0x00, 0x18, 0x52, 0x00,
  0x00, 0x29, 0x00, 0x18, 0x52, 0x00, 0x00, 0x29, 0x00, 0x18, 0x52, 0x00,
  0x00, 0x29, 0x00, 0x18, 0x52, 0x00, 0x00, 0x29, 0x00, 0x18, 0x52, 0x00,
  0x00, 0x29, 0x00, 0x18, 0x52, 0x00, 0x00, 0x29, 0x00, 0x18, 0x52, 0x00,
  0x00, 0x29, 0x00, 0x18, 0x52, 0x00, 0x00, 0x29, 0x00, 0x18, 0x52, 0x00,
  0x00, 0x29, 0x00, 0x18, 0x52, 0x00, 0x00, 0x29, 0x00, 0x18, 0x52, 0x00,
  0x00, 0x29, 0x00, 0x18, 0x52, 0x00, 0x00, 0x29, 0x00, 0x18, 0x52, 0x00,
  0x00, 0x29, 0x00, 0x18, 0x52, 0x00, 0x00, 0x29, 0x00, 0x18, 0x52, 0x00,
  0x00, 0x29, 0x00, 0x18, 0x52, 0x00, 0x00, 0x29, 0x00, 0x18, 0x52, 0x00,
  0x18, 0x52, 0x00, 0x00, 0x29, 0x00, 0x18, 0x52, 0x00, 0x00, 0x29, 0x00,
  0x18, 0x52, 0x00, 0x00, 0x29, 0x00, 0x18, 0x52, 0x00, 0x00, 0x29, 0x00,
  0x18, 0x52, 0x00, 0x00, 0x29, 0x00, 0x18, 0x52, 0x00, 0x00, 0x29, 0x00,
  0x18, 0x52, 0x00, 0x00, 0x29, 0x00, 0x18, 0x52, 0x00, 0x00, 0x29, 0x00,
  0x18, 0x52, 0x00, 0x00, 0x29, 0x00, 0x18, 0x52, 0x00, 0x00, 0x29, 0x00,
  0x18, 0x52, 0x00, 0x00, 0x29, 0x00, 0x18, 0x52, 0x00, 0x00, 0x29, 0x00,
  0x18, 0x52, 0x00, 0x00, 0x29, 0x00, 0x18, 0x52, 0x00, 0x00, 0x29, 0x00,
  0x18, 0x52, 0x00, 0x00, 0x29, 0x00, 0x18, 0x52, 0x00, 0x00, 0x29, 0x00,
  0x18, 0x52, 0x00, 0x00, 0x29, 0x00, 0x18, 0x52, 0x00, 0x00, 0x29, 0x00,
  0x18, 0x52, 0x00, 0x00, 0x29, 0x00, 0x18, 0x52, 0x00, 0x00, 0x29, 0x00,
  0x18, 0x52, 0x00, 0x00, 0x29, 0x00, 0x18, 0x52, 0x00, 0x00, 0x29, 0x00,
  0x18, 0x52, 0x00, 0x00, 0x29, 0x00, 0x18, 0x52, 0x00, 0x00, 0x29, 0x00,
  0x18, 0x52, 0x00, 0x00, 0x29, 0x00, 0x18, 0x52, 0x00, 0x00, 0x29, 0x00,
  0x18, 0x52, 0x00, 0x00, 0x29, 0x00, 0x18, 0x52, 0x00, 0x00, 0x29, 0x00,
  0x18, 0x52, 0x00, 0x00, 0x29, 0x00, 0x18, 0x52, 0x00, 0x00, 0x29, 0x00,
  0x18, 0x52, 0x00, 0x00, 0x29, 0x00, 0x18, 0x52, 0x00, 0x00, 0x29, 0x00,
  0x18, 0x52, 0x00, 0x00, 0x29, 0x00, 0x18, 0x52, 0x00, 0x00, 0x29, 0x00,
  0x18, 0x52, 0x00, 0x00, 0x29, 0x00, 0x18, 0x52, 0x00, 0x00, 0x29, 0x00,
  0x18, 0x52, 0x00, 0x00, 0x29, 0x00, 0x18, 0x52, 0x00, 0x00, 0x29, 0x00,
  0x18, 0x52, 0x00, 0x00, 0x29, 0x00, 0x18, 0x52, 0x00, 0x00, 0x29, 0x00,
  0x18, 0x52, 0x00, 0x00, 0x29, 0x00, 0x18, 0x52, 0x00, 0x00, 0x29, 0x00,
  0x18, 0x52, 0x00, 0x00, 0x29, 0x00, 0x18, 0x52, 0x00, 0x00, 0x29, 0x00,
  0x18, 0x52, 0x00, 0x00, 0x29, 0x00, 0x18, 0x52, 0x00, 0x00, 0x29, 0x00,
  0x18, 0x52, 0x00, 0x00, 0x29, 0x00, 0x18, 0x52, 0x00, 0x00, 0x29, 0x00,
  0x18, 0x52, 0x00, 0x00, 0x29, 0x00, 0x18, 0x52, 0x00, 0x00, 0x29, 0x00,
  0x18, 0x52, 0x00, 0x00, 0x29, 0x00, 0x18, 0x52, 0x00, 0x00, 0x29, 0x00,
  0x18, 0x52, 0x00, 0x00, 0x29, 0x00, 0x18, 0x52, 0x00, 0x00, 0x29, 0x00,
  0x18, 0x52, 0x00, 0x00, 0x29, 0x00, 0x18, 0x52, 0x00, 0x00, 0x29, 0x00,
  0x18, 0x52, 0x00, 0x00, 0x29, 0x00, 0x18, 0x52, 0x00, 0x00, 0x29, 0x00,
  0x18, 0x52, 0x00, 0x00, 0x29, 0x00, 0x18, 0x52, 0x00, 0x00, 0x29, 0x00,
  0x18, 0x52, 0x00, 0x00, 0x29, 0x00, 0x18, 0x52, 0x00, 0x00, 0x29, 0x00,
  0x18, 0x52, 0x00, 0x00, 0x29, 0x00, 0x18, 0x52, 0x00, 0x00, 0x29, 0x00,
  0x18, 0x52, 0x00, 0x00, 0x29, 0x00, 0x18, 0x52, 0x00, 0x00, 0x29, 0x00,
  0x18, 0x52, 0x00, 0x00, 0x29, 0x00, 0x18, 0x52, 0x00, 0x00, 0x29, 0x00,
  0x18, 0x52, 0x00, 0x00, 0x29, 0x00, 0x18, 0x52, 0x00, 0x00, 0x29, 0x00,
  0x18, 0x52, 0x00, 0x00, 0x29, 0x00, 0x18, 0x52, 0x00, 0x00, 0x29, 0x00,
  0x18, 0x52, 0x00, 0x00, 0x29, 0x00, 0x18, 0x52, 0x00, 0x00, 0x29, 0x00,
  0x18, 0x52, 0x00, 0x00, 0x29, 0x00, 0x18, 0x52, 0x00, 0x00, 0x29, 0x00,
  0x18, 0x52, 0x00, 0x00, 0x29, 0x00, 0x18, 0x52, 0x00, 0x00, 0x29, 0x00,
  0x18, 0x52, 0x00, 0x00, 0x29, 0x00, 0x18, 0x52, 0x00, 0x00, 0x29, 0x00,
  0x18, 0x52, 0x00, 0x00, 0x29, 0x00, 0x18, 0x52, 0x00, 0x00, 0x29, 0x00,
  0x18, 0x52, 0x00, 0x00, 0x29, 0x00, 0x18, 0x52, 0x00, 0x00, 0x29, 0x00,
  0x18, 0x52, 0x00, 0x00, 0x29, 0x00, 0x18, 0x52, 0x00, 0x00, 0x29, 0x00,
  0x18, 0x52, 0x00, 0x00, 0x29, 0x00, 0x18, 0x52, 0x00, 0x00, 0x29, 0x00,
  0x18, 0x52, 0x00, 0x00, 0x29, 0x00, 0x18, 0x52, 0x00, 0x00, 0x29, 0x00,
  0x18, 0x52, 0x00, 0x00, 0x29, 0x00, 0x18, 0x52, 0x00, 0x00, 0x29, 0x00,
  0x18, 0x52, 0x00, 0x00, 0x29, 0x00, 0x18, 0x52, 0x00, 0x00, 0x29, 0x00,
  0x18, 0x52, 0x00, 0x00, 0x29, 0x00, 0x18, 0x52, 0x00, 0x00, 0x29, 0x00,
  0x18, 0x52, 0x00, 0x00, 0x29, 0x00, 0x18, 0x52, 0x00, 0x00, 0x29, 0x00,
  0x18, 0x52, 0x00, 0x00, 0x29, 0x00, 0x18, 0x52, 0x00, 0x00, 0x29, 0x00,
  0x18, 0x52, 0x00, 0x00, 0x29, 0x00, 0x18, 0x52, 0x00, 0x00, 0x29, 0x00,
  0x18, 0x52, 0x00, 0x00, 0x29, 0x00, 0x18, 0x52, 0x00, 0x00, 0x29, 0x00,
  0x18, 0x52, 0x00, 0x00, 0x29, 0x00, 0x18, 0x52, 0x00, 0x00, 0x29, 0x00,
  0x18, 0x52, 0x00, 0x00, 0x29, 0x00, 0x18, 0x52, 0x00, 0x00, 0x29, 0x00,
  0x18, 0x52, 0x00, 0x00, 0x29, 0x00, 0x18, 0x52, 0x00, 0x00, 0x29, 0x00,
  0x18, 0x52, 0x00, 0x00, 0x29, 0x00, 0x18, 0x52, 0x00, 0x00, 0x29, 0x00,
  0x18, 0x52, 0x00, 0x00, 0x29, 0x00, 0x18, 0x52, 0x00, 0x00, 0x29, 0x00,
  0x18, 0x52, 0x00, 0x00, 0x29, 0x00, 0x18, 0x52, 0x00, 0x00, 0x29, 0x00,
  0x18, 0x52, 0x00, 0x00, 0x29, 0x00, 0x18, 0x52, 0x00, 0x00, 0x29, 0x00,
  0x18, 0x52, 0x00, 0x00, 0x29, 0x00, 0x18, 0x52, 0x00, 0x00, 0x29, 0x00,
  0x18, 0x52, 0x00, 0x00, 0x29, 0x00, 0x18, 0x52, 0x00, 0x00, 0x29, 0x00,
  0x18, 0x52, 0x00, 0x00, 0x29, 0x00, 0x18, 0x52, 0x00, 0x00, 0x29, 0x00,
  0x18, 0x52, 0x00, 0x00, 0x29, 0x00, 0x18, 0x52, 0x00, 0x00, 0x29, 0x00,
  0x18, 0x52, 0x00, 0x00, 0x29, 0x00, 0x18, 0x52, 0x00, 0x00, 0x29, 0x00,
  0x00, 0x29, 0x00, 0x18, 0x52, 0x00, 0x00, 0x29, 0x00, 0x18, 0x52, 0x00,
  0x00, 0x29, 0x00, 0x18, 0x52, 0x00, 0x00, 0x29, 0x00, 0x18, 0x52, 0x00,
  0x00, 0x29, 0x00, 0x18, 0x52, 0x00, 0x00, 0x29, 0x00, 0x18, 0x52, 0x00,
  0x00, 0x29, 0x00, 0x18, 0x52, 0x00, 0x00, 0x29, 0x00, 0x18, 0x52, 0x00,
  0x00, 0x29, 0x00, 0x18, 0x52, 0x00, 0x00, 0x29, 0x00, 0x18, 0x52, 0x00,
  0x00, 0x29, 0x00, 0x18, 0x52, 0x00, 0x00, 0x29, 0x00, 0x18, 0x52, 0x00,
  0x00, 0x29, 0x00, 0x18, 0x52, 0x00, 0x00, 0x29, 0x00, 0x18, 0x52, 0x00,
  0x00, 0x29, 0x00, 0x18, 0x52, 0x00, 0x00, 0x29, 0x00, 0x18, 0x52, 0x00,
  0x00, 0x29, 0x00, 0x18, 0x52, 0x00, 0x00, 0x29, 0x00, 0x18, 0x52, 0x00,
  0x00, 0x29, 0x00, 0x18, 0x52, 0x00, 0x00, 0x29, 0x00, 0x18, 0x52, 0x00,
  0x00, 0x29, 0x00, 0x18, 0x52, 0x00, 0x00, 0x29, 0x00, 0x18, 0x52, 0x00,
  0x00, 0x29, 0x00, 0x18, 0x52, 0x00, 0x00, 0x29, 0x00, 0x18, 0x52, 0x00,
  0x00, 0x29, 0x00, 0x18, 0x52, 0x00, 0x00, 0x29, 0x00, 0x18, 0x52, 0x00,
  0x00, 0x29, 0x00, 0x18, 0x52, 0x00, 0x00, 0x29, 0x00, 0x18, 0x52, 0x00,
  0x00, 0x29, 0x00, 0x18, 0x52, 0x00, 0x00, 0x29, 0x00, 0x18, 0x52, 0x00,
  0x00, 0x29, 0x00, 0x18, 0x52, 0x00, 0x00, 0x29, 0x00, 0x18, 0x52, 0x00,
  0x00, 0x29, 0x00, 0x18, 0x52, 0x00, 0x00, 0x29, 0x00, 0x18, 0x52, 0x00,
  0x00, 0x29, 0x00, 0x18, 0x52, 0x00, 0x00, 0x29, 0x00, 0x18, 0x52, 0x00,
  0x00, 0x29, 0x00, 0x18, 0x52, 0x00, 0x00, 0x29, 0x00, 0x18, 0x52, 0x00,
  0x00, 0x29, 0x00, 0x18, 0x52, 0x00, 0x00, 0x29, 0x00, 0x18, 0x52, 0x00,
  0x00, 0x29, 0x00, 0x18, 0x52, 0x00, 0x00, 0x29, 0x00, 0x18, 0x52, 0x00,
  0x00, 0x29, 0x00, 0x18, 0x52, 0x00, 0x00, 0x29, 0x00, 0x18, 0x52, 0x00,
  0x00, 0x29, 0x00, 0x18, 0x52, 0x00, 0x00, 0x29, 0x00, 0x18, 0x52, 0x00,
  0x00, 0x29, 0x00, 0x18, 0x52, 0x00, 0x00, 0x29, 0x00, 0x18, 0x52, 0x00,
  0x00, 0x29, 0x00, 0x18, 0x52, 0x00, 0x00, 0x29, 0x00, 0x18, 0x52, 0x00,
  0x00, 0x29, 0x00, 0x18, 0x52, 0x00, 0x00, 0x29, 0x00, 0x18, 0x52, 0x00,
  0x00, 0x29, 0x00, 0x18, 0x52, 0x00, 0x00, 0x29, 0x00, 0x18, 0x52, 0x00,
  0x00, 0x29, 0x00, 0x18, 0x52, 0x00, 0x00, 0x29, 0x00, 0x18, 0x52, 0x00,
  0x00, 0x29, 0x00, 0x18, 0x52, 0x00, 0x00, 0x29, 0x00, 0x18, 0x52, 0x00,
  0x00, 0x29, 0x00, 0x18, 0x52, 0x00, 0x00, 0x29, 0x00, 0x18, 0x52, 0x00,
  0x00, 0x29, 0x00, 0x18, 0x52, 0x00, 0x00, 0x29, 0x00, 0x18, 0x52, 0x00,
  0x00, 0x29, 0x00, 0x18, 0x52, 0x00, 0x00, 0x29, 0x00, 0x18, 0x52, 0x00,
  0x00, 0x29, 0x00, 0x18, 0x52, 0x00, 0x00, 0x29, 0x00, 0x18, 0x52, 0x00,
  0x00, 0x29, 0x00, 0x18, 0x52, 0x00, 0x00, 0x29, 0x00, 0x18, 0x52, 0x00,
  0x00, 0x29, 0x00, 0x18, 0x52, 0x00, 0x00, 0x29, 0x00, 0x18, 0x52, 0x00,
  0x00, 0x29, 0x00, 0x18, 0x52, 0x00, 0x00, 0x29, 0x00, 0x18, 0x52, 0x00,
  0x00, 0x29, 0x00, 0x18, 0x52, 0x00, 0x00, 0x29, 0x00, 0x18, 0x52, 0x00,
  0x00, 0x29, 0x00, 0x18, 0x52, 0x00, 0x00, 0x29, 0x00, 0x18, 0x52, 0x00,
  0x00, 0x29, 0x00, 0x18, 0x52, 0x00, 0x00, 0x29, 0x00, 0x18, 0x52, 0x00,
  0x00, 0x29, 0x00, 0x18, 0x52, 0x00, 0x00, 0x29, 0x00, 0x18, 0x52, 0x00,
  0x00, 0x29, 0x00, 0x18, 0x52, 0x00, 0x00, 0x29, 0x00, 0x18, 0x52, 0x00,
  0x00, 0x29, 0x00, 0x18, 0x52, 0x00, 0x00, 0x29, 0x00, 0x18, 0x52, 0x00,
  0x00, 0x29, 0x00, 0x18, 0x52, 0x00, 0x00, 0x29, 0x00, 0x18, 0x52, 0x00,
  0x00, 0x29, 0x00, 0x18, 0x52, 0x00, 0x00, 0x29, 0x00, 0x18, 0x52, 0x00,
  0x00, 0x29, 0x00, 0x18, 0x52, 0x00, 0x00, 0x29, 0x00, 0x18, 0x52, 0x00,
  0x00, 0x29, 0x00, 0x18, 0x52, 0x00, 0x00, 0x29, 0x00, 0x18, 0x52, 0x00,
  0x00, 0x29, 0x00, 0x18, 0x52, 0x00, 0x00, 0x29, 0x00, 0x18, 0x52, 0x00,
  0x00, 0x29, 0x00, 0x18, 0x52, 0x00, 0x00, 0x29, 0x00, 0x18, 0x52, 0x00,
  0x00, 0x29, 0x00, 0x18, 0x52, 0x00, 0x00, 0x29, 0x00, 0x18, 0x52, 0x00,
  0x00, 0x29, 0x00, 0x18, 0x52, 0x00, 0x00, 0x29, 0x00, 0x18, 0x52, 0x00,
  0x00, 0x29, 0x00, 0x18, 0x52, 0x00, 0x00, 0x29, 0x00, 0x18, 0x52, 0x00,
  0x00, 0x29, 0x00, 0x18, 0x52, 0x00, 0x00, 0x29, 0x00, 0x18, 0x52, 0x00,
  0x00, 0x29, 0x00, 0x18, 0x52, 0x00, 0x00, 0x29, 0x00, 0x18, 0x52, 0x00,
  0x00, 0x29, 0x00, 0x18, 0x52, 0x00, 0x00, 0x29, 0x00, 0x18, 0x52, 0x00,
  0x00, 0x29, 0x00, 0x18, 0x52, 0x00, 0x00, 0x29, 0x00, 0x18, 0x52, 0x00,
  0x00, 0x29, 0x00, 0x18, 0x52, 0x00, 0x00, 0x29, 0x00, 0x18, 0x52, 0x00,
  0x00, 0x29, 0x00, 0x18, 0x52, 0x00, 0x00, 0x29, 0x00, 0x18, 0x52, 0x00,
  0x00, 0x29, 0x00, 0x18, 0x52, 0x00, 0x00, 0x29, 0x00, 0x18, 0x52, 0x00,
  0x00, 0x29, 0x00, 0x18, 0x52, 0x00, 0x00, 0x29, 0x00, 0x18, 0x52, 0x00,
  0x00, 0x29, 0x00, 0x18, 0x52, 0x00, 0x00, 0x29, 0x00, 0x18, 0x52, 0x00,
  0x00, 0x29, 0x00, 0x18, 0x52, 0x00, 0x00, 0x29, 0x00, 0x18, 0x52, 0x00,
  0x00, 0x29, 0x00, 0x18, 0x52, 0x00, 0x00, 0x29, 0x00, 0x18, 0x52, 0x00,
  0x00, 0x29, 0x00, 0x18, 0x52, 0x00, 0x00, 0x29, 0x00, 0x18, 0x52, 0x00,
  0x00, 0x29, 0x00, 0x18, 0x52, 0x00, 0x00, 0x29, 0x00, 0x18, 0x52, 0x00,
  0x18, 0x52, 0x00, 0x00, 0x29, 0x00, 0x18, 0x52, 0x00, 0x00, 0x29, 0x00,
  0x18, 0x52, 0x00, 0x00, 0x29, 0x00, 0x18, 0x52, 0x00, 0x00, 0x29, 0x00,
  0x18, 0x52, 0x00, 0x00, 0x29, 0x00, 0x18, 0x52, 0x00, 0x00, 0x29, 0x00,
  0x18, 0x52, 0x00, 0x00, 0x29, 0x00, 0x18, 0x52, 0x00, 0x00, 0x29, 0x00,
  0x18, 0x52, 0x00, 0x00, 0x29, 0x00, 0x18, 0x52, 0x00, 0x00, 0x29, 0x00,
  0x18, 0x52, 0x00, 0x00, 0x29, 0x00, 0x18, 0x52, 0x00, 0x00, 0x29, 0x00,
  0x18, 0x52, 0x00, 0x00, 0x29, 0x00, 0x18, 0x52, 0x00, 0x00, 0x29, 0x00,
  0x18, 0x52, 0x00, 0x00, 0x29, 0x00, 0x18, 0x52, 0x00, 0x00, 0x29, 0x00,
  0x18, 0x52, 0x00, 0x00, 0x29, 0x00, 0x18, 0x52, 0x00, 0x00, 0x29, 0x00,
  0x18, 0x52, 0x00, 0x00, 0x29, 0x00, 0x18, 0x52, 0x00, 0x00, 0x29, 0x00,
  0x18, 0x52, 0x00, 0x00, 0x29, 0x00, 0x18, 0x52, 0x00, 0x00, 0x29, 0x00,
  0x18, 0x52, 0x00, 0x00, 0x29, 0x00, 0x18, 0x52, 0x00, 0x00, 0x29, 0x00,
  0x18, 0x52, 0x00, 0x00, 0x29, 0x00, 0x18, 0x52, 0x00, 0x00, 0x29, 0x00,
  0x18, 0x52, 0x00, 0x00, 0x29, 0x00, 0x18, 0x52, 0x00, 0x00, 0x29, 0x00,
  0x18, 0x52, 0x00, 0x00, 0x29, 0x00, 0x18, 0x52, 0x00, 0x00, 0x29, 0x00,
  0x18, 0x52, 0x00, 0x00, 0x29, 0x00, 0x18, 0x52, 0x00, 0x00, 0x29, 0x00,
  0x18, 0x52, 0x00, 0x00, 0x29, 0x00, 0x18, 0x52, 0x00, 0x00, 0x29, 0x00,
  0x18, 0x52, 0x00, 0x00, 0x29, 0x00, 0x18, 0x52, 0x00, 0x00, 0x29, 0x00,
  0x18, 0x52, 0x00, 0x00, 0x29, 0x00, 0x18, 0x52, 0x00, 0x00, 0x29, 0x00,
  0x18, 0x52, 0x00, 0x00, 0x29, 0x00, 0x18, 0x52, 0x00, 0x00, 0x29, 0x00,
  0x18, 0x52, 0x00, 0x00, 0x29, 0x00, 0x18, 0x52, 0x00, 0x00, 0x29, 0x00,
  0x18, 0x52, 0x00, 0x00, 0x29, 0x00, 0x18, 0x52, 0x00, 0x00, 0x29, 0x00,
  0x18, 0x52, 0x00, 0x00, 0x29, 0x00, 0x18, 0x52, 0x00, 0x00, 0x29, 0x00,
  0x18, 0x52, 0x00, 0x00, 0x29, 0x00, 0x18, 0x52, 0x00, 0x00, 0x29, 0x00,
  0x18, 0x52, 0x00, 0x00, 0x29, 0x00, 0x18, 0x52, 0x00, 0x00, 0x29, 0x00,
  0x18, 0x52, 0x00, 0x00, 0x29, 0x00, 0x18, 0x52, 0x00, 0x00, 0x29, 0x00,
  0x18, 0x52, 0x00, 0x00, 0x29, 0x00, 0x18, 0x52, 0x00, 0x00, 0x29, 0x00,
  0x18, 0x52, 0x00, 0x00, 0x29, 0x00, 0x18, 0x52, 0x00, 0x00, 0x29, 0x00,
  0x18, 0x52, 0x00, 0x00, 0x29, 0x00, 0x18, 0x52, 0x00, 0x00, 0x29, 0x00,
  0x18, 0x52, 0x00, 0x00, 0x29, 0x00, 0x18, 0x52, 0x00, 0x00, 0x29, 0x00,
  0x18, 0x52, 0x00, 0x00, 0x29, 0x00, 0x18, 0x52, 0x00, 0x00, 0x29, 0x00,
  0x18, 0x52, 0x00, 0x00, 0x29, 0x00, 0x18, 0x52, 0x00, 0x00, 0x29, 0x00,
  0x18, 0x52, 0x00, 0x00, 0x29, 0x00, 0x18, 0x52, 0x00, 0x00, 0x29, 0x00,
  0x18, 0x52, 0x00, 0x00, 0x29, 0x00, 0x18, 0x52, 0x00, 0x00, 0x29, 0x00,
  0x18, 0x52, 0x00, 0x00, 0x29, 0x00, 0x18, 0x52, 0x00, 0x00, 0x29, 0x00,
  0x18, 0x52, 0x00, 0x00, 0x29, 0x00, 0x18, 0x52, 0x00, 0x00, 0x29, 0x00,
  0x18, 0x52, 0x00, 0x00, 0x29, 0x00, 0x18, 0x52, 0x00, 0x00, 0x29, 0x00,
  0x18, 0x52, 0x00, 0x00, 0x29, 0x00, 0x18, 0x52, 0x00, 0x00, 0x29, 0x00,
  0x18, 0x52, 0x00, 0x00, 0x29, 0x00, 0x18, 0x52, 0x00, 0x00, 0x29, 0x00,
  0x18, 0x52, 0x00, 0x00, 0x29, 0x00, 0x18, 0x52, 0x00, 0x00, 0x29, 0x00,
  0x18, 0x52, 0x00, 0x00, 0x29, 0x00, 0x18, 0x52, 0x00, 0x00, 0x29, 0x00,
  0x18, 0x52, 0x00, 0x00, 0x29, 0x00, 0x18, 0x52, 0x00, 0x00, 0x29, 0x00,
  0x18, 0x52, 0x00, 0x00, 0x29, 0x00, 0x18, 0x52, 0x00, 0x00, 0x29, 0x00,
  0x18, 0x52, 0x00, 0x00, 0x29, 0x00, 0x18, 0x52, 0x00, 0x00, 0x29, 0x00,
  0x18, 0x52, 0x00, 0x00, 0x29, 0x00, 0x18, 0x52, 0x00, 0x00, 0x29, 0x00,
  0x18, 0x52, 0x00, 0x00, 0x29, 0x00, 0x18, 0x52, 0x00, 0x00, 0x29, 0x00,
  0x18, 0x52, 0x00, 0x00, 0x29, 0x00, 0x18, 0x52, 0x00, 0x00, 0x29, 0x00,
  0x18, 0x52, 0x00, 0x00, 0x29, 0x00, 0x18, 0x52, 0x00, 0x00, 0x29, 0x00,
  0x18, 0x52, 0x00, 0x00, 0x29, 0x00, 0x18, 0x52, 0x00, 0x00, 0x29, 0x00,
  0x18, 0x52, 0x00, 0x00, 0x29, 0x00, 0x18, 0x52, 0x00, 0x00, 0x29, 0x00,
  0x18, 0x52, 0x00, 0x00, 0x29, 0x00, 0x18, 0x52, 0x00, 0x00, 0x29, 0x00,
  0x18, 0x52, 0x00, 0x00, 0x29, 0x00, 0x18, 0x52, 0x00, 0x00, 0x29, 0x00,
  0x18, 0x52, 0x00, 0x00, 0x29, 0x00, 0x18, 0x52, 0x00, 0x00, 0x29, 0x00,
  0x18, 0x52, 0x00, 0x00, 0x29, 0x00, 0x18, 0x52, 0x00, 0x00, 0x29, 0x00,
  0x18, 0x52, 0x00, 0x00, 0x29, 0x00, 0x18, 0x52, 0x00, 0x00, 0x29, 0x00,
  0x18, 0x52, 0x00, 0x00, 0x29, 0x00, 0x18, 0x52, 0x00, 0x00, 0x29, 0x00,
  0x18, 0x52, 0x00, 0x00, 0x29, 0x00, 0x18, 0x52, 0x00, 0x00, 0x29, 0x00,
  0x18, 0x52, 0x00, 0x00, 0x29, 0x00, 0x18, 0x52, 0x00, 0x00, 0x29, 0x00,
  0x18, 0x52, 0x00, 0x00, 0x29, 0x00, 0x18, 0x52, 0x00, 0x00, 0x29, 0x00,
  0x18, 0x52, 0x00, 0x00, 0x29, 0x00, 0x18, 0x52, 0x00, 0x00, 0x29, 0x00,
  0x18, 0x52, 0x00, 0x00, 0x29, 0x00, 0x18, 0x52, 0x00, 0x00, 0x29, 0x00,
  0x18, 0x52, 0x00, 0x00, 0x29, 0x00, 0x18, 0x52, 0x00, 0x00, 0x29, 0x00,
  0x18, 0x52, 0x00, 0x00, 0x29, 0x00, 0x18, 0x52, 0x00, 0x00, 0x29, 0x00,
  0x18, 0x52, 0x00, 0x00, 0x29, 0x00, 0x18, 0x52, 0x00, 0x00, 0x29, 0x00,
  0x00, 0x29, 0x00, 0x18, 0x52, 0x00, 0x00, 0x29, 0x00, 0x18, 0x52, 0x00,
  0x00, 0x29, 0x00, 0x18, 0x52, 0x00, 0x00, 0x29, 0x00, 0x18, 0x52, 0x00,
  0x00, 0x29, 0x00, 0x18, 0x52, 0x00, 0x00, 0x29, 0x00, 0x18, 0x52, 0x00,
  0x00, 0x29, 0x00, 0x18, 0x52, 0x00, 0x00, 0x29, 0x00, 0x18, 0x52, 0x00,
  0x00, 0x29, 0x00, 0x18, 0x52, 0x00, 0x00, 0x29, 0x00, 0x18, 0x52, 0x00,
  0x00, 0x29, 0x00, 0x18, 0x52, 0x00, 0x00, 0x29, 0x00, 0x18, 0x52, 0x00,
  0x00, 0x29, 0x00, 0x18, 0x52, 0x00, 0x00, 0x29, 0x00, 0x18, 0x52, 0x00,
  0x00, 0x29, 0x00, 0x18, 0x52, 0x00, 0x00, 0x29, 0x00, 0x18, 0x52, 0x00,
  0x00, 0x29, 0x00, 0x18, 0x52, 0x00, 0x00, 0x29, 0x00, 0x18, 0x52, 0x00,
  0x00, 0x29, 0x00, 0x18, 0x52, 0x00, 0x00, 0x29, 0x00, 0x18, 0x52, 0x00,
  0x00, 0x29, 0x00, 0x18, 0x52, 0x00, 0x00, 0x29, 0x00, 0x18, 0x52, 0x00,
  0x00, 0x29, 0x00, 0x18, 0x52, 0x00, 0x00, 0x29, 0x00, 0x18, 0x52, 0x00,
  0x00, 0x29, 0x00, 0x18, 0x52, 0x00, 0x00, 0x29, 0x00, 0x18, 0x52, 0x00,
  0x00, 0x29, 0x00, 0x18, 0x52, 0x00, 0x00, 0x29, 0x00, 0x18, 0x52, 0x00,
  0x00, 0x29, 0x00, 0x18, 0x52, 0x00, 0x00, 0x29, 0x00, 0x18, 0x52, 0x00,
  0x00, 0x29, 0x00, 0x18, 0x52, 0x00, 0x00, 0x29, 0x00, 0x18, 0x52, 0x00,
  0x00, 0x29, 0x00, 0x18, 0x52, 0x00, 0x00, 0x29, 0x00, 0x18, 0x52, 0x00,
  0x00, 0x29, 0x00, 0x18, 0x52, 0x00, 0x00, 0x29, 0x00, 0x18, 0x52, 0x00,
  0x00, 0x29, 0x00, 0x18, 0x52, 0x00, 0x00, 0x29, 0x00, 0x18, 0x52, 0x00,
  0x00, 0x29, 0x00, 0x18, 0x52, 0x00, 0x00, 0x29, 0x00, 0x18, 0x52, 0x00,
  0x00, 0x29, 0x00, 0x18, 0x52, 0x00, 0x00, 0x29, 0x00, 0x18, 0x52, 0x00,
  0x00, 0x29, 0x00, 0x18, 0x52, 0x00, 0x00, 0x29, 0x00, 0x18, 0x52, 0x00,
  0x00, 0x29, 0x00, 0x18, 0x52, 0x00, 0x00, 0x29, 0x00, 0x18, 0x52, 0x00,
  0x00, 0x29, 0x00, 0x18, 0x52, 0x00, 0x00, 0x29, 0x00, 0x18, 0x52, 0x00,
  0x00, 0x29, 0x00, 0x18, 0x52, 0x00, 0x00, 0x29, 0x00, 0x18, 0x52, 0x00,
  0x00, 0x29, 0x00, 0x18, 0x52, 0x00, 0x00, 0x29, 0x00, 0x18, 0x52, 0x00,
  0x00, 0x29, 0x00, 0x18, 0x52, 0x00, 0x00, 0x29, 0x00, 0x18, 0x52, 0x00,
  0x00, 0x29, 0x00, 0x18, 0x52, 0x00, 0x00, 0x29, 0x00, 0x18, 0x52, 0x00,
  0x00, 0x29, 0x00, 0x18, 0x52, 0x00, 0x00, 0x29, 0x00, 0x18, 0x52, 0x00,
  0x00, 0x29, 0x00, 0x18, 0x52, 0x00, 0x00, 0x29, 0x00, 0x18, 0x52, 0x00,
  0x00, 0x29, 0x00, 0x18, 0x52, 0x00, 0x00, 0x29, 0x00, 0x18, 0x52, 0x00,
  0x00, 0x29, 0x00, 0x18, 0x52, 0x00, 0x00, 0x29, 0x00, 0x18, 0x52, 0x00,
  0x00, 0x29, 0x00, 0x18, 0x52, 0x00, 0x00, 0x29, 0x00, 0x18, 0x52, 0x00,
  0x00, 0x29, 0x00, 0x18, 0x52, 0x00, 0x00, 0x29, 0x00, 0x18, 0x52, 0x00,
  0x00, 0x29, 0x00, 0x18, 0x52, 0x00, 0x00, 0x29, 0x00, 0x18, 0x52, 0x00,
  0x00, 0x29, 0x00, 0x18, 0x52, 0x00, 0x00, 0x29, 0x00, 0x18, 0x52, 0x00,
  0x00, 0x29, 0x00, 0x18, 0x52, 0x00, 0x00, 0x29, 0x00, 0x18, 0x52, 0x00,
  0x00, 0x29, 0x00, 0x18, 0x52, 0x00, 0x00, 0x29, 0x00, 0x18, 0x52, 0x00,
  0x00, 0x29, 0x00, 0x18, 0x52, 0x00, 0x00, 0x29, 0x00, 0x18, 0x52, 0x00,
  0x00, 0x29, 0x00, 0x18, 0x52, 0x00, 0x00, 0x29, 0x00, 0x18, 0x52, 0x00,
  0x00, 0x29, 0x00, 0x18, 0x52, 0x00, 0x00, 0x29, 0x00, 0x18, 0x52, 0x00,
  0x00, 0x29, 0x00, 0x18, 0x52, 0x00, 0x00, 0x29, 0x00, 0x18, 0x52, 0x00,
  0x00, 0x29, 0x00, 0x18, 0x52, 0x00, 0x00, 0x29, 0x00, 0x18, 0x52, 0x00,
  0x00, 0x29, 0x00, 0x18, 0x52, 0x00, 0x00, 0x29, 0x00, 0x18, 0x52, 0x00,
  0x00, 0x29, 0x00, 0x18, 0x52, 0x00, 0x00, 0x29, 0x00, 0x18, 0x52, 0x00,
  0x00, 0x29, 0x00, 0x18, 0x52, 0x00, 0x00, 0x29, 0x00, 0x18, 0x52, 0x00,
  0x00, 0x29, 0x00, 0x18, 0x52, 0x00, 0x00, 0x29, 0x00, 0x18, 0x52, 0x00,
  0x00, 0x29, 0x00, 0x18, 0x52, 0x00, 0x00, 0x29, 0x00, 0x18, 0x52, 0x00,
  0x00, 0x29, 0x00, 0x18, 0x52, 0x00, 0x00, 0x29, 0x00, 0x18, 0x52, 0x00,
  0x00, 0x29, 0x00, 0x18, 0x52, 0x00, 0x00, 0x29, 0x00, 0x18, 0x52, 0x00,
  0x00, 0x29, 0x00, 0x18, 0x52, 0x00, 0x00, 0x29, 0x00, 0x18, 0x52, 0x00,
  0x00, 0x29, 0x00, 0x18, 0x52, 0x00, 0x00, 0x29, 0x00, 0x18, 0x52, 0x00,
  0x00, 0x29, 0x00, 0x18, 0x52, 0x00, 0x00, 0x29, 0x00, 0x18, 0x52, 0x00,
  0x00, 0x29, 0x00, 0x18, 0x52, 0x00, 0x00, 0x29, 0x00, 0x18, 0x52, 0x00,
  0x00, 0x29, 0x00, 0x18, 0x52, 0x00, 0x00, 0x29, 0x00, 0x18, 0x52, 0x00,
  0x00, 0x29, 0x00, 0x18, 0x52, 0x00, 0x00, 0x29, 0x00, 0x18, 0x52, 0x00,
  0x00, 0x29, 0x00, 0x18, 0x52, 0x00, 0x00, 0x29, 0x00, 0x18, 0x52, 0x00,
  0x00, 0x29, 0x00, 0x18, 0x52, 0x00, 0x00, 0x29, 0x00, 0x18, 0x52, 0x00,
  0x00, 0x29, 0x00, 0x18, 0x52, 0x00, 0x00, 0x29, 0x00, 0x18, 0x52, 0x00,
  0x00, 0x29, 0x00, 0x18, 0x52, 0x00, 0x00, 0x29, 0x00, 0x18, 0x52, 0x00,
  0x00, 0x29, 0x00, 0x18, 0x52, 0x00, 0x00, 0x29, 0x00, 0x18, 0x52, 0x00,
  0x00, 0x29, 0x00, 0x18, 0x52, 0x00, 0x00, 0x29, 0x00, 0x18, 0x52, 0x00,
  0x00, 0x29, 0x00, 0x18, 0x52, 0x00, 0x00, 0x29, 0x00, 0x18, 0x52, 0x00,
  0x00, 0x29, 0x00, 0x18, 0x52, 0x00, 0x00, 0x29, 0x00, 0x18, 0x52, 0x00,
  0x18, 0x52, 0x00, 0x00, 0x29, 0x00, 0x18, 0x52, 0x00, 0x00, 0x29, 0x00,
  0x18, 0x52, 0x00, 0x00, 0x29, 0x00, 0x18, 0x52, 0x00, 0x00, 0x29, 0x00,
  0x18, 0x52, 0x00, 0x00, 0x29, 0x00, 0x18, 0x52, 0x00, 0x00, 0x29, 0x00,
  0x18, 0x52, 0x00, 0x00, 0x29, 0x00, 0x18, 0x52, 0x00, 0x00, 0x29, 0x00,
  0x18, 0x52, 0x00, 0x00, 0x29, 0x00, 0x18, 0x52, 0x00, 0x00, 0x29, 0x00,
  0x18, 0x52, 0x00, 0x00, 0x29, 0x00, 0x18, 0x52, 0x00, 0x00, 0x29, 0x00,
  0x18, 0x52, 0x00, 0x00, 0x29, 0x00, 0x18, 0x52, 0x00, 0x00, 0x29, 0x00,
  0x18, 0x52, 0x00, 0x00, 0x29, 0x00, 0x18, 0x52, 0x00, 0x00, 0x29, 0x00,
  0x18, 0x52, 0x00, 0x00, 0x29, 0x00, 0x18, 0x52, 0x00, 0x00, 0x29, 0x00,
  0x18, 0x52, 0x00, 0x00, 0x29, 0x00, 0x18, 0x52, 0x00, 0x00, 0x29, 0x00,
  0x18, 0x52, 0x00, 0x00, 0x29, 0x00, 0x18, 0x52, 0x00, 0x00, 0x29, 0x00,
  0x18, 0x52, 0x00, 0x00, 0x29, 0x00, 0x18, 0x52, 0x00, 0x00, 0x29, 0x00,
  0x18, 0x52, 0x00, 0x00, 0x29, 0x00, 0x18, 0x52, 0x00, 0x00, 0x29, 0x00,
  0x18, 0x52, 0x00, 0x00, 0x29, 0x00, 0x18, 0x52, 0x00, 0x00, 0x29, 0x00,
  0x18, 0x52, 0x00, 0x00, 0x29, 0x00, 0x18, 0x52, 0x00, 0x00, 0x29, 0x00,
  0x18, 0x52, 0x00, 0x00, 0x29, 0x00, 0x18, 0x52, 0x00, 0x00, 0x29, 0x00,
  0x18, 0x52, 0x00, 0x00, 0x29, 0x00, 0x18, 0x52, 0x00, 0x00, 0x29, 0x00,
  0x18, 0x52, 0x00, 0x00, 0x29, 0x00, 0x18, 0x52, 0x00, 0x00, 0x29, 0x00,
  0x18, 0x52, 0x00, 0x00, 0x29, 0x00, 0x18, 0x52, 0x00, 0x00, 0x29, 0x00,
  0x18, 0x52, 0x00, 0x00, 0x29, 0x00, 0x18, 0x52, 0x00, 0x00, 0x29, 0x00,
  0x18, 0x52, 0x00, 0x00, 0x29, 0x00, 0x18, 0x52, 0x00, 0x00, 0x29, 0x00,
  0x18, 0x52, 0x00, 0x00, 0x29, 0x00, 0x18, 0x52, 0x00, 0x00, 0x29, 0x00,
  0x18, 0x52, 0x00, 0x00, 0x29, 0x00, 0x18, 0x52, 0x00, 0x00, 0x29, 0x00,
  0x18, 0x52, 0x00, 0x00, 0x29, 0x00, 0x18, 0x52, 0x00, 0x00, 0x29, 0x00,
  0x18, 0x52, 0x00, 0x00, 0x29, 0x00, 0x18, 0x52, 0x00, 0x00, 0x29, 0x00,
  0x18, 0x52, 0x00, 0x00, 0x29, 0x00, 0x18, 0x52, 0x00, 0x00, 0x29, 0x00,
  0x18, 0x52, 0x00, 0x00, 0x29, 0x00, 0x18, 0x52, 0x00, 0x00, 0x29, 0x00,
  0x18, 0x52, 0x00, 0x00, 0x29, 0x00, 0x18, 0x52, 0x00, 0x00, 0x29, 0x00,
  0x18, 0x52, 0x00, 0x00, 0x29, 0x00, 0x18, 0x52, 0x00, 0x00, 0x29, 0x00,
  0x18, 0x52, 0x00, 0x00, 0x29, 0x00, 0x18, 0x52, 0x00, 0x00, 0x29, 0x00,
  0x18, 0x52, 0x00, 0x00, 0x29, 0x00, 0x18, 0x52, 0x00, 0x00, 0x29, 0x00,
  0x18, 0x52, 0x00, 0x00, 0x29, 0x00, 0x18, 0x52, 0x00, 0x00, 0x29, 0x00,
  0x18, 0x52, 0x00, 0x00, 0x29, 0x00, 0x18, 0x52, 0x00, 0x00, 0x29, 0x00,
  0x18, 0x52, 0x00, 0x00, 0x29, 0x00, 0x18, 0x52, 0x00, 0x00, 0x29, 0x00,
  0x18, 0x52, 0x00, 0x00, 0x29, 0x00, 0x18, 0x52, 0x00, 0x00, 0x29, 0x00,
  0x18, 0x52, 0x00, 0x00, 0x29, 0x00, 0x18, 0x52, 0x00, 0x00, 0x29, 0x00,
  0x18, 0x52, 0x00, 0x00, 0x29, 0x00, 0x18, 0x52, 0x00, 0x00, 0x29, 0x00,
  0x18, 0x52, 0x00, 0x00, 0x29, 0x00, 0x18, 0x52, 0x00, 0x00, 0x29, 0x00,
  0x18, 0x52, 0x00, 0x00, 0x29, 0x00, 0x18, 0x52, 0x00, 0x00, 0x29, 0x00,
  0x18, 0x52, 0x00, 0x00, 0x29, 0x00, 0x18, 0x52, 0x00, 0x00, 0x29, 0x00,
  0x18, 0x52, 0x00, 0x00, 0x29, 0x00, 0x18, 0x52, 0x00, 0x00, 0x29, 0x00,
  0x18, 0x52, 0x00, 0x00, 0x29, 0x00, 0x18, 0x52, 0x00, 0x00, 0x29, 0x00,
  0x18, 0x52, 0x00, 0x00, 0x29, 0x00, 0x18, 0x52, 0x00, 0x00, 0x29, 0x00,
  0x18, 0x52, 0x00, 0x00, 0x29, 0x00, 0x18, 0x52, 0x00, 0x00, 0x29, 0x00,
  0x18, 0x52, 0x00, 0x00, 0x29, 0x00, 0x18, 0x52, 0x00, 0x00, 0x29, 0x00,
  0x18, 0x52, 0x00, 0x00, 0x29, 0x00, 0x18, 0x52, 0x00, 0x00, 0x29, 0x00,
  0x18, 0x52, 0x00, 0x00, 0x29, 0x00, 0x18, 0x52, 0x00, 0x00, 0x29, 0x00,
  0x18, 0x52, 0x00, 0x00, 0x29, 0x00, 0x18, 0x52, 0x00, 0x00, 0x29, 0x00,
  0x18, 0x52, 0x00, 0x00, 0x29, 0x00, 0x18, 0x52, 0x00, 0x00, 0x29, 0x00,
  0x18, 0x52, 0x00, 0x00, 0x29, 0x00, 0x18, 0x52, 0x00, 0x00, 0x29, 0x00,
  0x18, 0x52, 0x00, 0x00, 0x29, 0x00, 0x18, 0x52, 0x00, 0x00, 0x29, 0x00,
  0x18, 0x52, 0x00, 0x00, 0x29, 0x00, 0x18, 0x52, 0x00, 0x00, 0x29, 0x00,
  0x18, 0x52, 0x00, 0x00, 0x29, 0x00, 0x18, 0x52, 0x00, 0x00, 0x29, 0x00,
  0x18, 0x52, 0x00, 0x00, 0x29, 0x00, 0x18, 0x52, 0x00, 0x00, 0x29, 0x00,
  0x18, 0x52, 0x00, 0x00, 0x29, 0x00, 0x18, 0x52, 0x00, 0x00, 0x29, 0x00,
  0x18, 0x52, 0x00, 0x00, 0x29, 0x00, 0x18, 0x52, 0x00, 0x00, 0x29, 0x00,
  0x18, 0x52, 0x00, 0x00, 0x29, 0x00, 0x18, 0x52, 0x00, 0x00, 0x29, 0x00,
  0x18, 0x52, 0x00, 0x00, 0x29, 0x00, 0x18, 0x52, 0x00, 0x00, 0x29, 0x00,
  0x18, 0x52, 0x00, 0x00, 0x29, 0x00, 0x18, 0x52, 0x00, 0x00, 0x29, 0x00,
  0x18, 0x52, 0x00, 0x00, 0x29, 0x00, 0x18, 0x52, 0x00, 0x00, 0x29, 0x00,
  0x18, 0x52, 0x00, 0x00, 0x29, 0x00, 0x18, 0x52, 0x00, 0x00, 0x29, 0x00,
  0x18, 0x52, 0x00, 0x00, 0x29, 0x00, 0x18, 0x52, 0x00, 0x00, 0x29, 0x00,
  0x18, 0x52, 0x00, 0x00, 0x29, 0x00, 0x18, 0x52, 0x00, 0x00, 0x29, 0x00,
  0x18, 0x52, 0x00, 0x00, 0x29, 0x00, 0x18, 0x52, 0x00, 0x00, 0x29, 0x00,
  0x00, 0x29, 0x00, 0x18, 0x52, 0x00, 0x00, 0x29, 0x00, 0x18, 0x52, 0x00,
  0x00, 0x29, 0x00, 0x18, 0x52, 0x00, 0x00, 0x29, 0x00, 0x18, 0x52, 0x00,
  0x00, 0x29, 0x00, 0x18, 0x52, 0x00, 0x00, 0x29, 0x00, 0x18, 0x52, 0x00,
  0x00, 0x29, 0x00, 0x18, 0x52, 0x00, 0x00, 0x29, 0x00, 0x18, 0x52, 0x00,
  0x00, 0x29, 0x00, 0x18, 0x52, 0x00, 0x00, 0x29, 0x00, 0x18, 0x52, 0x00,
  0x00, 0x29, 0x00, 0x18, 0x52, 0x00, 0x00, 0x29, 0x00, 0x18, 0x52, 0x00,
  0x00, 0x29, 0x00, 0x18, 0x52, 0x00, 0x00, 0x29, 0x00, 0x18, 0x52, 0x00,
  0x00, 0x29, 0x00, 0x18, 0x52, 0x00, 0x00, 0x29, 0x00, 0x18, 0x52, 0x00,
  0x00, 0x29, 0x00, 0x18, 0x52, 0x00, 0x00, 0x29, 0x00, 0x18, 0x52, 0x00,
  0x00, 0x29, 0x00, 0x18, 0x52, 0x00, 0x00, 0x29, 0x00, 0x18, 0x52, 0x00,
  0x00, 0x29, 0x00, 0x18, 0x52, 0x00, 0x00, 0x29, 0x00, 0x18, 0x52, 0x00,
  0x00, 0x29, 0x00, 0x18, 0x52, 0x00, 0x00, 0x29, 0x00, 0x18, 0x52, 0x00,
  0x00, 0x29, 0x00, 0x18, 0x52, 0x00, 0x00, 0x29, 0x00, 0x18, 0x52, 0x00,
  0x00, 0x29, 0x00, 0x18, 0x52, 0x00, 0x00, 0x29, 0x00, 0x18, 0x52, 0x00,
  0x00, 0x29, 0x00, 0x18, 0x52, 0x00, 0x00, 0x29, 0x00, 0x18, 0x52, 0x00,
  0x00, 0x29, 0x00, 0x18, 0x52, 0x00, 0x00, 0x29, 0x00, 0x18, 0x52, 0x00,
  0x00, 0x29, 0x00, 0x18, 0x52, 0x00, 0x00, 0x29, 0x00, 0x18, 0x52, 0x00,
  0x00, 0x29, 0x00, 0x18, 0x52, 0x00, 0x00, 0x29, 0x00, 0x18, 0x52, 0x00,
  0x00, 0x29, 0x00, 0x18, 0x52, 0x00, 0x00, 0x29, 0x00, 0x18, 0x52, 0x00,
  0x00, 0x29, 0x00, 0x18, 0x52, 0x00, 0x00, 0x29, 0x00, 0x18, 0x52, 0x00,
  0x00, 0x29, 0x00, 0x18, 0x52, 0x00, 0x00, 0x29, 0x00, 0x18, 0x52, 0x00,
  0x00, 0x29, 0x00, 0x18, 0x52, 0x00, 0x00, 0x29, 0x00, 0x18, 0x52, 0x00,
  0x00, 0x29, 0x00, 0x18, 0x52, 0x00, 0x00, 0x29, 0x00, 0x18, 0x52, 0x00,
  0x00, 0x29, 0x00, 0x18, 0x52, 0x00, 0x00, 0x29, 0x00, 0x18, 0x52, 0x00,
  0x00, 0x29, 0x00, 0x18, 0x52, 0x00, 0x00, 0x29, 0x00, 0x18, 0x52, 0x00,
  0x00, 0x29, 0x00, 0x18, 0x52, 0x00, 0x00, 0x29, 0x00, 0x18, 0x52, 0x00,
  0x00, 0x29, 0x00, 0x18, 0x52, 0x00, 0x00, 0x29, 0x00, 0x18, 0x52, 0x00,
  0x00, 0x29, 0x00, 0x18, 0x52, 0x00, 0x00, 0x29, 0x00, 0x18, 0x52, 0x00,
  0x00, 0x29, 0x00, 0x18, 0x52, 0x00, 0x00, 0x29, 0x00, 0x18, 0x52, 0x00,
  0x00, 0x29, 0x00, 0x18, 0x52, 0x00, 0x00, 0x29, 0x00, 0x18, 0x52, 0x00,
  0x00, 0x29, 0x00, 0x18, 0x52, 0x00, 0x00, 0x29, 0x00, 0x18, 0x52, 0x00,
  0x00, 0x29, 0x00, 0x18, 0x52, 0x00, 0x00, 0x29, 0x00, 0x18, 0x52, 0x00,
  0x00, 0x29, 0x00, 0x18, 0x52, 0x00, 0x00, 0x29, 0x00, 0x18, 0x52, 0x00,
  0x00, 0x29, 0x00, 0x18, 0x52, 0x00, 0x00, 0x29, 0x00, 0x18, 0x52, 0x00,
  0x00, 0x29, 0x00, 0x18, 0x52, 0x00, 0x00, 0x29, 0x00, 0x18, 0x52, 0x00,
  0x00, 0x29, 0x00, 0x18, 0x52, 0x00, 0x00, 0x29, 0x00, 0x18, 0x52, 0x00,
  0x00, 0x29, 0x00, 0x18, 0x52, 0x00, 0x00, 0x29, 0x00, 0x18, 0x52, 0x00,
  0x00, 0x29, 0x00, 0x18, 0x52, 0x00, 0x00, 0x29, 0x00, 0x18, 0x52, 0x00,
  0x00, 0x29, 0x00, 0x18, 0x52, 0x00, 0x00, 0x29, 0x00, 0x18, 0x52, 0x00,
  0x00, 0x29, 0x00, 0x18, 0x52, 0x00, 0x00, 0x29, 0x00, 0x18, 0x52, 0x00,
  0x00, 0x29, 0x00, 0x18, 0x52, 0x00, 0x00, 0x29, 0x00, 0x18, 0x52, 0x00,
  0x00, 0x29, 0x00, 0x18, 0x52, 0x00, 0x00, 0x29, 0x00, 0x18, 0x52, 0x00,
  0x00, 0x29, 0x00, 0x18, 0x52, 0x00, 0x00, 0x29, 0x00, 0x18, 0x52, 0x00,
  0x00, 0x29, 0x00, 0x18, 0x52, 0x00, 0x00, 0x29, 0x00, 0x18, 0x52, 0x00,
  0x00, 0x29, 0x00, 0x18, 0x52, 0x00, 0x00, 0x29, 0x00, 0x18, 0x52, 0x00,
  0x00, 0x29, 0x00, 0x18, 0x52, 0x00, 0x00, 0x29, 0x00, 0x18, 0x52, 0x00,
  0x00, 0x29, 0x00, 0x18, 0x52, 0x00, 0x00, 0x29, 0x00, 0x18, 0x52, 0x00,
  0x00, 0x29, 0x00, 0x18, 0x52, 0x00, 0x00, 0x29, 0x00, 0x18, 0x52, 0x00,
  0x00, 0x29, 0x00, 0x18, 0x52, 0x00, 0x00, 0x29, 0x00, 0x18, 0x52, 0x00,
  0x00, 0x29, 0x00, 0x18, 0x52, 0x00, 0x00, 0x29, 0x00, 0x18, 0x52, 0x00,
  0x00, 0x29, 0x00, 0x18, 0x52, 0x00, 0x00, 0x29, 0x00, 0x18, 0x52, 0x00,
  0x00, 0x29, 0x00, 0x18, 0x52, 0x00, 0x00, 0x29, 0x00, 0x18, 0x52, 0x00,
  0x00, 0x29, 0x00, 0x18, 0x52, 0x00, 0x00, 0x29, 0x00, 0x18, 0x52, 0x00,
  0x00, 0x29, 0x00, 0x18, 0x52, 0x00, 0x00, 0x29, 0x00, 0x18, 0x52, 0x00,
  0x00, 0x29, 0x00, 0x18, 0x52, 0x00, 0x00, 0x29, 0x00, 0x18, 0x52, 0x00,
  0x00, 0x29, 0x00, 0x18, 0x52, 0x00, 0x00, 0x29, 0x00, 0x18, 0x52, 0x00,
  0x00, 0x29, 0x00, 0x18, 0x52, 0x00, 0x00, 0x29, 0x00, 0x18, 0x52, 0x00,
  0x00, 0x29, 0x00, 0x18, 0x52, 0x00, 0x00, 0x29, 0x00, 0x18, 0x52, 0x00,
  0x00, 0x29, 0x00, 0x18, 0x52, 0x00, 0x00, 0x29, 0x00, 0x18, 0x52, 0x00,
  0x00, 0x29, 0x00, 0x18, 0x52, 0x00, 0x00, 0x29, 0x00, 0x18, 0x52, 0x00,
  0x00, 0x29, 0x00, 0x18, 0x52, 0x00, 0x00, 0x29, 0x00, 0x18, 0x52, 0x00,
  0x00, 0x29, 0x00, 0x18, 0x52, 0x00, 0x00, 0x29, 0x00, 0x18, 0x52, 0x00,
  0x00, 0x29, 0x00, 0x18, 0x52, 0x00, 0x00, 0x29, 0x00, 0x18, 0x52, 0x00,
  0x00, 0x29, 0x00, 0x18, 0x52, 0x00, 0x00, 0x29, 0x00, 0x18, 0x52, 0x00,
  0x18, 0x52, 0x00, 0x00, 0x29, 0x00, 0x18, 0x52, 0x00, 0x00, 0x29, 0x00,
  0x18, 0x52, 0x00, 0x00, 0x29, 0x00, 0x18, 0x52, 0x00, 0x00, 0x29, 0x00,
  0x18, 0x52, 0x00, 0x00, 0x29, 0x00, 0x18, 0x52, 0x00, 0x00, 0x29, 0x00,
  0x18, 0x52, 0x00, 0x00, 0x29, 0x00, 0x18, 0x52, 0x00, 0x00, 0x29, 0x00,
  0x18, 0x52, 0x00, 0x00, 0x29, 0x00, 0x18, 0x52, 0x00, 0x00, 0x29, 0x00,
  0x18, 0x52, 0x00, 0x00, 0x29, 0x00, 0x18, 0x52, 0x00, 0x00, 0x29, 0x00,
  0x18, 0x52, 0x00, 0x00, 0x29, 0x00, 0x18, 0x52, 0x00, 0x00, 0x29, 0x00,
  0x18, 0x52, 0x00, 0x00, 0x29, 0x00, 0x18, 0x52, 0x00, 0x00, 0x29, 0x00,
  0x18, 0x52, 0x00, 0x00, 0x29, 0x00, 0x18, 0x52, 0x00, 0x00, 0x29, 0x00,
  0x18, 0x52, 0x00, 0x00, 0x29, 0x00, 0x18, 0x52, 0x00, 0x00, 0x29, 0x00,
  0x18, 0x52, 0x00, 0x00, 0x29, 0x00, 0x18, 0x52, 0x00, 0x00, 0x29, 0x00,
  0x18, 0x52, 0x00, 0x00, 0x29, 0x00, 0x18, 0x52, 0x00, 0x00, 0x29, 0x00,
  0x18, 0x52, 0x00, 0x00, 0x29, 0x00, 0x18, 0x52, 0x00, 0x00, 0x29, 0x00,
  0x18, 0x52, 0x00, 0x00, 0x29, 0x00, 0x18, 0x52, 0x00, 0x00, 0x29, 0x00,
  0x18, 0x52, 0x00, 0x00, 0x29, 0x00, 0x18, 0x52, 0x00, 0x00, 0x29, 0x00,
  0x18, 0x52, 0x00, 0x00, 0x29, 0x00, 0x18, 0x52, 0x00, 0x00, 0x29, 0x00,
  0x18, 0x52, 0x00, 0x00, 0x29, 0x00, 0x18, 0x52, 0x00, 0x00, 0x29, 0x00,
  0x18, 0x52, 0x00, 0x00, 0x29, 0x00, 0x18, 0x52, 0x00, 0x00, 0x29, 0x00,
  0x18, 0x52, 0x00, 0x00, 0x29, 0x00, 0x18, 0x52, 0x00, 0x00, 0x29, 0x00,
  0x18, 0x52, 0x00, 0x00, 0x29, 0x00, 0x18, 0x52, 0x00, 0x00, 0x29, 0x00,
  0x18, 0x52, 0x00, 0x00, 0x29, 0x00, 0x18, 0x52, 0x00, 0x00, 0x29, 0x00,
  0x18, 0x52, 0x00, 0x00, 0x29, 0x00, 0x18, 0x52, 0x00, 0x00, 0x29, 0x00,
  0x18, 0x52, 0x00, 0x00, 0x29, 0x00, 0x18, 0x52, 0x00, 0x00, 0x29, 0x00,
  0x18, 0x52, 0x00, 0x00, 0x29, 0x00, 0x18, 0x52, 0x00, 0x00, 0x29, 0x00,
  0x18, 0x52, 0x00, 0x00, 0x29, 0x00, 0x18, 0x52, 0x00, 0x00, 0x29, 0x00,
  0x18, 0x52, 0x00, 0x00, 0x29, 0x00, 0x18, 0x52, 0x00, 0x00, 0x29, 0x00,
  0x18, 0x52, 0x00, 0x00, 0x29, 0x00, 0x18, 0x52, 0x00, 0x00, 0x29, 0x00,
  0x18, 0x52, 0x00, 0x00, 0x29, 0x00, 0x18, 0x52, 0x00, 0x00, 0x29, 0x00,
  0x18, 0x52, 0x00, 0x00, 0x29, 0x00, 0x18, 0x52, 0x00, 0x00, 0x29, 0x00,
  0x18, 0x52, 0x00, 0x00, 0x29, 0x00, 0x18, 0x52, 0x00, 0x00, 0x29, 0x00,
  0x18, 0x52, 0x00, 0x00, 0x29, 0x00, 0x18, 0x52, 0x00, 0x00, 0x29, 0x00,
  0x18, 0x52, 0x00, 0x00, 0x29, 0x00, 0x18, 0x52, 0x00, 0x00, 0x29, 0x00,
  0x18, 0x52, 0x00, 0x00, 0x29, 0x00, 0x18, 0x52, 0x00, 0x00, 0x29, 0x00,
  0x18, 0x52, 0x00, 0x00, 0x29, 0x00, 0x18, 0x52, 0x00, 0x00, 0x29, 0x00,
  0x18, 0x52, 0x00, 0x00, 0x29, 0x00, 0x18, 0x52, 0x00, 0x00, 0x29, 0x00,
  0x18, 0x52, 0x00, 0x00, 0x29, 0x00, 0x18, 0x52, 0x00, 0x00, 0x29, 0x00,
  0x18, 0x52, 0x00, 0x00, 0x29, 0x00, 0x18, 0x52, 0x00, 0x00, 0x29, 0x00,
  0x18, 0x52, 0x00, 0x00, 0x29, 0x00, 0x18, 0x52, 0x00, 0x00, 0x29, 0x00,
  0x18, 0x52, 0x00, 0x00, 0x29, 0x00, 0x18, 0x52, 0x00, 0x00, 0x29, 0x00,
  0x18, 0x52, 0x00, 0x00, 0x29, 0x00, 0x18, 0x52, 0x00, 0x00, 0x29, 0x00,
  0x18, 0x52, 0x00, 0x00, 0x29, 0x00, 0x18, 0x52, 0x00, 0x00, 0x29, 0x00,
  0x18, 0x52, 0x00, 0x00, 0x29, 0x00, 0x18, 0x52, 0x00, 0x00, 0x29, 0x00,
  0x18, 0x52, 0x00, 0x00, 0x29, 0x00, 0x18, 0x52, 0x00, 0x00, 0x29, 0x00,
  0x18, 0x52, 0x00, 0x00, 0x29, 0x00, 0x18, 0x52, 0x00, 0x00, 0x29, 0x00,
  0x18, 0x52, 0x00, 0x00, 0x29, 0x00, 0x18, 0x52, 0x00, 0x00, 0x29, 0x00,
  0x18, 0x52, 0x00, 0x00, 0x29, 0x00, 0x18, 0x52, 0x00, 0x00, 0x29, 0x00,
  0x18, 0x52, 0x00, 0x00, 0x29, 0x00, 0x18, 0x52, 0x00, 0x00, 0x29, 0x00,
  0x18, 0x52, 0x00, 0x00, 0x29, 0x00, 0x18, 0x52, 0x00, 0x00, 0x29, 0x00,
  0x18, 0x52, 0x00, 0x00, 0x29, 0x00, 0x18, 0x52, 0x00, 0x00, 0x29, 0x00,
  0x18, 0x52, 0x00, 0x00, 0x29, 0x00, 0x18, 0x52, 0x00, 0x00, 0x29, 0x00,
  0x18, 0x52, 0x00, 0x00, 0x29, 0x00, 0x18, 0x52, 0x00, 0x00, 0x29, 0x00,
  0x18, 0x52, 0x00, 0x00, 0x29, 0x00, 0x18, 0x52, 0x00, 0x00, 0x29, 0x00,
  0x18, 0x52, 0x00, 0x00, 0x29, 0x00, 0x18, 0x52, 0x00, 0x00, 0x29, 0x00,
  0x18, 0x52, 0x00, 0x00, 0x29, 0x00, 0x18, 0x52, 0x00, 0x00, 0x29, 0x00,
  0x18, 0x52, 0x00, 0x00, 0x29, 0x00, 0x18, 0x52, 0x00, 0x00, 0x29, 0x00,
  0x18, 0x52, 0x00, 0x00, 0x29, 0x00, 0x18, 0x52, 0x00, 0x00, 0x29, 0x00,
  0x18, 0x52, 0x00, 0x00, 0x29, 0x00, 0x18, 0x52, 0x00, 0x00, 0x29, 0x00,
  0x18, 0x52, 0x00, 0x00, 0x29, 0x00, 0x18, 0x52, 0x00, 0x00, 0x29, 0x00,
  0x18, 0x52, 0x00, 0x00, 0x29, 0x00, 0x18, 0x52, 0x00, 0x00, 0x29, 0x00,
  0x18, 0x52, 0x00, 0x00, 0x29, 0x00, 0x18, 0x52, 0x00, 0x00, 0x29, 0x00,
  0x18, 0x52, 0x00, 0x00, 0x29, 0x00, 0x18, 0x52, 0x00, 0x00, 0x29, 0x00,
  0x18, 0x52, 0x00, 0x00, 0x29, 0x00, 0x18, 0x52, 0x00, 0x00, 0x29, 0x00,
  0x18, 0x52, 0x00, 0x00, 0x29, 0x00, 0x18, 0x52, 0x00, 0x00, 0x29, 0x00,
  0x18, 0x52, 0x00, 0x00, 0x29, 0x00, 0x18, 0x52, 0x00, 0x00, 0x29, 0x00,
  0x00, 0x29, 0x00, 0x18, 0x52, 0x00, 0x00, 0x29, 0x00, 0x18, 0x52, 0x00,
  0x00, 0x29, 0x00, 0x18, 0x52, 0x00, 0x00, 0x29, 0x00, 0x18, 0x52, 0x00,
  0x00, 0x29, 0x00, 0x18, 0x52, 0x00, 0x00, 0x29, 0x00, 0x18, 0x52, 0x00,
  0x00, 0x29, 0x00, 0x18, 0x52, 0x00, 0x00, 0x29, 0x00, 0x18, 0x52, 0x00,
  0x00, 0x29, 0x00, 0x18, 0x52, 0x00, 0x00, 0x29, 0x00, 0x18, 0x52, 0x00,
  0x00, 0x29, 0x00, 0x18, 0x52, 0x00, 0x00, 0x29, 0x00, 0x18, 0x52, 0x00,
  0x00, 0x29, 0x00, 0x18, 0x52, 0x00, 0x00, 0x29, 0x00, 0x18, 0x52, 0x00,
  0x00, 0x29, 0x00, 0x18, 0x52, 0x00, 0x00, 0x29, 0x00, 0x18, 0x52, 0x00,
  0x00, 0x29, 0x00, 0x18, 0x52, 0x00, 0x00, 0x29, 0x00, 0x18, 0x52, 0x00,
  0x00, 0x29, 0x00, 0x18, 0x52, 0x00, 0x00, 0x29, 0x00, 0x18, 0x52, 0x00,
  0x00, 0x29, 0x00, 0x18, 0x52, 0x00, 0x00, 0x29, 0x00, 0x18, 0x52, 0x00,
  0x00, 0x29, 0x00, 0x18, 0x52, 0x00, 0x00, 0x29, 0x00, 0x18, 0x52, 0x00,
  0x00, 0x29, 0x00, 0x18, 0x52, 0x00, 0x00, 0x29, 0x00, 0x18, 0x52, 0x00,
  0x00, 0x29, 0x00, 0x18, 0x52, 0x00, 0x00, 0x29, 0x00, 0x18, 0x52, 0x00,
  0x00, 0x29, 0x00, 0x18, 0x52, 0x00, 0x00, 0x29, 0x00, 0x18, 0x52, 0x00,
  0x00, 0x29, 0x00, 0x18, 0x52, 0x00, 0x00, 0x29, 0x00, 0x18, 0x52, 0x00,
  0x00, 0x29, 0x00, 0x18, 0x52, 0x00, 0x00, 0x29, 0x00, 0x18, 0x52, 0x00,
  0x00, 0x29, 0x00, 0x18, 0x52, 0x00, 0x00, 0x29, 0x00, 0x18, 0x52, 0x00,
  0x00, 0x29, 0x00, 0x18, 0x52, 0x00, 0x00, 0x29, 0x00, 0x18, 0x52, 0x00,
  0x00, 0x29, 0x00, 0x18, 0x52, 0x00, 0x00, 0x29, 0x00, 0x18, 0x52, 0x00,
  0x00, 0x29, 0x00, 0x18, 0x52, 0x00, 0x00, 0x29, 0x00, 0x18, 0x52, 0x00,
  0x00, 0x29, 0x00, 0x18, 0x52, 0x00, 0x00, 0x29, 0x00, 0x18, 0x52, 0x00,
  0x00, 0x29, 0x00, 0x18, 0x52, 0x00, 0x00, 0x29, 0x00, 0x18, 0x52, 0x00,
  0x00, 0x29, 0x00, 0x18, 0x52, 0x00, 0x00, 0x29, 0x00, 0x18, 0x52, 0x00,
  0x00, 0x29, 0x00, 0x18, 0x52, 0x00, 0x00, 0x29, 0x00, 0x18, 0x52, 0x00,
  0x00, 0x29, 0x00, 0x18, 0x52, 0x00, 0x00, 0x29, 0x00, 0x18, 0x52, 0x00,
  0x00, 0x29, 0x00, 0x18, 0x52, 0x00, 0x00, 0x29, 0x00, 0x18, 0x52, 0x00,
  0x00, 0x29, 0x00, 0x18, 0x52, 0x00, 0x00, 0x29, 0x00, 0x18, 0x52, 0x00,
  0x00, 0x29, 0x00, 0x18, 0x52, 0x00, 0x00, 0x29, 0x00, 0x18, 0x52, 0x00,
  0x00, 0x29, 0x00, 0x18, 0x52, 0x00, 0x00, 0x29, 0x00, 0x18, 0x52, 0x00,
  0x00, 0x29, 0x00, 0x18, 0x52, 0x00, 0x00, 0x29, 0x00, 0x18, 0x52, 0x00,
  0x00, 0x29, 0x00, 0x18, 0x52, 0x00, 0x00, 0x29, 0x00, 0x18, 0x52, 0x00,
  0x00, 0x29, 0x00, 0x18, 0x52, 0x00, 0x00, 0x29, 0x00, 0x18, 0x52, 0x00,
  0x00, 0x29, 0x00, 0x18, 0x52, 0x00, 0x00, 0x29, 0x00, 0x18, 0x52, 0x00,
  0x00, 0x29, 0x00, 0x18, 0x52, 0x00, 0x00, 0x29, 0x00, 0x18, 0x52, 0x00,
  0x00, 0x29, 0x00, 0x18, 0x52, 0x00, 0x00, 0x29, 0x00, 0x18, 0x52, 0x00,
  0x00, 0x29, 0x00, 0x18, 0x52, 0x00, 0x00, 0x29, 0x00, 0x18, 0x52, 0x00,
  0x00, 0x29, 0x00, 0x18, 0x52, 0x00, 0x00, 0x29, 0x00, 0x18, 0x52, 0x00,
  0x00, 0x29, 0x00, 0x18, 0x52, 0x00, 0x00, 0x29, 0x00, 0x18, 0x52, 0x00,
  0x00, 0x29, 0x00, 0x18, 0x52, 0x00, 0x00, 0x29, 0x00, 0x18, 0x52, 0x00,
  0x00, 0x29, 0x00, 0x18, 0x52, 0x00, 0x00, 0x29, 0x00, 0x18, 0x52, 0x00,
  0x00, 0x29, 0x00, 0x18, 0x52, 0x00, 0x00, 0x29, 0x00, 0x18, 0x52, 0x00,
  0x00, 0x29, 0x00, 0x18, 0x52, 0x00, 0x00, 0x29, 0x00, 0x18, 0x52, 0x00,
  0x00, 0x29, 0x00, 0x18, 0x52, 0x00, 0x00, 0x29, 0x00, 0x18, 0x52, 0x00,
  0x00, 0x29, 0x00, 0x18, 0x52, 0x00, 0x00, 0x29, 0x00, 0x18, 0x52, 0x00,
  0x00, 0x29, 0x00, 0x18, 0x52, 0x00, 0x00, 0x29, 0x00, 0x18, 0x52, 0x00,
  0x00, 0x29, 0x00, 0x18, 0x52, 0x00, 0x00, 0x29, 0x00, 0x18, 0x52, 0x00,
  0x00, 0x29, 0x00, 0x18, 0x52, 0x00, 0x00, 0x29, 0x00, 0x18, 0x52, 0x00,
  0x00, 0x29, 0x00, 0x18, 0x52, 0x00, 0x00, 0x29, 0x00, 0x18, 0x52, 0x00,
  0x00, 0x29, 0x00, 0x18, 0x52, 0x00, 0x00, 0x29, 0x00, 0x18, 0x52, 0x00,
  0x00, 0x29, 0x00, 0x18, 0x52, 0x00, 0x00, 0x29, 0x00, 0x18, 0x52, 0x00,
  0x00, 0x29, 0x00, 0x18, 0x52, 0x00, 0x00, 0x29, 0x00, 0x18, 0x52, 0x00,
  0x00, 0x29, 0x00, 0x18, 0x52, 0x00, 0x00, 0x29, 0x00, 0x18, 0x52, 0x00,
  0x00, 0x29, 0x00, 0x18, 0x52, 0x00, 0x00, 0x29, 0x00, 0x18, 0x52, 0x00,
  0x00, 0x29, 0x00, 0x18, 0x52, 0x00, 0x00, 0x29, 0x00, 0x18, 0x52, 0x00,
  0x00, 0x29, 0x00, 0x18, 0x52, 0x00, 0x00, 0x29, 0x00, 0x18, 0x52, 0x00,
  0x00, 0x29, 0x00, 0x18, 0x52, 0x00, 0x00, 0x29, 0x00, 0x18, 0x52, 0x00,
  0x00, 0x29, 0x00, 0x18, 0x52, 0x00, 0x00, 0x29, 0x00, 0x18, 0x52, 0x00,
  0x00, 0x29, 0x00, 0x18, 0x52, 0x00, 0x00, 0x29, 0x00, 0x18, 0x52, 0x00,
  0x00, 0x29, 0x00, 0x18, 0x52, 0x00, 0x00, 0x29, 0x00, 0x18, 0x52, 0x00,
  0x00, 0x29, 0x00, 0x18, 0x52, 0x00, 0x00, 0x29, 0x00, 0x18, 0x52, 0x00,
  0x00, 0x29, 0x00, 0x18, 0x52, 0x00, 0x00, 0x29, 0x00, 0x18, 0x52, 0x00,
  0x00, 0x29, 0x00, 0x18, 0x52, 0x00, 0x00, 0x29, 0x00, 0x18, 0x52, 0x00,
  0x00, 0x29, 0x00, 0x18, 0x52, 0x00, 0x00, 0x29, 0x00, 0x18, 0x52, 0x00,
  0x18, 0x52, 0x00, 0x00, 0x29, 0x00, 0x18, 0x52, 0x00, 0x00, 0x29, 0x00,
  0x18, 0x52, 0x00, 0x00, 0x29, 0x00, 0x18, 0x52, 0x00, 0x00, 0x29, 0x00,
  0x18, 0x52, 0x00, 0x00, 0x29, 0x00, 0x18, 0x52, 0x00, 0x00, 0x29, 0x00,
  0x18, 0x52, 0x00, 0x00, 0x29, 0x00, 0x18, 0x52, 0x00, 0x00, 0x29, 0x00,
  0x18, 0x52, 0x00, 0x00, 0x29, 0x00, 0x18, 0x52, 0x00, 0x00, 0x29, 0x00,
  0x18, 0x52, 0x00, 0x00, 0x29, 0x00, 0x18, 0x52, 0x00, 0x00, 0x29, 0x00,
  0x18, 0x52, 0x00, 0x00, 0x29, 0x00, 0x18, 0x52, 0x00, 0x00, 0x29, 0x00,
  0x18, 0x52, 0x00, 0x00, 0x29, 0x00, 0x18, 0x52, 0x00, 0x00, 0x29, 0x00,
  0x18, 0x52, 0x00, 0x00, 0x29, 0x00, 0x18, 0x52, 0x00, 0x00, 0x29, 0x00,
  0x18, 0x52, 0x00, 0x00, 0x29, 0x00, 0x18, 0x52, 0x00, 0x00, 0x29, 0x00,
  0x18, 0x52, 0x00, 0x00, 0x29, 0x00, 0x18, 0x52, 0x00, 0x00, 0x29, 0x00,
  0x18, 0x52, 0x00, 0x00, 0x29, 0x00, 0x18, 0x52, 0x00, 0x00, 0x29, 0x00,
  0x18, 0x52, 0x00, 0x00, 0x29, 0x00, 0x18, 0x52, 0x00, 0x00, 0x29, 0x00,
  0x18, 0x52, 0x00, 0x00, 0x29, 0x00, 0x18, 0x52, 0x00, 0x00, 0x29, 0x00,
  0x18, 0x52, 0x00, 0x00, 0x29, 0x00, 0x18, 0x52, 0x00, 0x00, 0x29, 0x00,
  0x18, 0x52, 0x00, 0x00, 0x29, 0x00, 0x18, 0x52, 0x00, 0x00, 0x29, 0x00,
  0x18, 0x52, 0x00, 0x00, 0x29, 0x00, 0x18, 0x52, 0x00, 0x00, 0x29, 0x00,
  0x18, 0x52, 0x00, 0x00, 0x29, 0x00, 0x18, 0x52, 0x00, 0x00, 0x29, 0x00,
  0x18, 0x52, 0x00, 0x00, 0x29, 0x00, 0x18, 0x52, 0x00, 0x00, 0x29, 0x00,
  0x18, 0x52, 0x00, 0x00, 0x29, 0x00, 0x18, 0x52, 0x00, 0x00, 0x29, 0x00,
  0x18, 0x52, 0x00, 0x00, 0x29, 0x00, 0x18, 0x52, 0x00, 0x00, 0x29, 0x00,
  0x18, 0x52, 0x00, 0x00, 0x29, 0x00, 0x18, 0x52, 0x00, 0x00, 0x29, 0x00,
  0x18, 0x52, 0x00, 0x00, 0x29, 0x00, 0x18, 0x52, 0x00, 0x00, 0x29, 0x00,
  0x18, 0x52, 0x00, 0x00, 0x29, 0x00, 0x18, 0x52, 0x00, 0x00, 0x29, 0x00,
  0x18, 0x52, 0x00, 0x00, 0x29, 0x00, 0x18, 0x52, 0x00, 0x00, 0x29, 0x00,
  0x18, 0x52, 0x00, 0x00, 0x29, 0x00, 0x18, 0x52, 0x00, 0x00, 0x29, 0x00,
  0x18, 0x52, 0x00, 0x00, 0x29, 0x00, 0x18, 0x52, 0x00, 0x00, 0x29, 0x00,
  0x18, 0x52, 0x00, 0x00, 0x29, 0x00, 0x18, 0x52, 0x00, 0x00, 0x29, 0x00,
  0x18, 0x52, 0x00, 0x00, 0x29, 0x00, 0x18, 0x52, 0x00, 0x00, 0x29, 0x00,
  0x18, 0x52, 0x00, 0x00, 0x29, 0x00, 0x18, 0x52, 0x00, 0x00, 0x29, 0x00,
  0x18, 0x52, 0x00, 0x00, 0x29, 0x00, 0x18, 0x52, 0x00, 0x00, 0x29, 0x00,
  0x18, 0x52, 0x00, 0x00, 0x29, 0x00, 0x18, 0x52, 0x00, 0x00, 0x29, 0x00,
  0x18, 0x52, 0x00, 0x00, 0x29, 0x00, 0x18, 0x52, 0x00, 0x00, 0x29, 0x00,
  0x18, 0x52, 0x00, 0x00, 0x29, 0x00, 0x18, 0x52, 0x00, 0x00, 0x29, 0x00,
  0x18, 0x52, 0x00, 0x00, 0x29, 0x00, 0x18, 0x52, 0x00, 0x00, 0x29, 0x00,
  0x18, 0x52, 0x00, 0x00, 0x29, 0x00, 0x18, 0x52, 0x00, 0x00, 0x29, 0x00,
  0x18, 0x52, 0x00, 0x00, 0x29, 0x00, 0x18, 0x52, 0x00, 0x00, 0x29, 0x00,
  0x18, 0x52, 0x00, 0x00, 0x29, 0x00, 0x18, 0x52, 0x00, 0x00, 0x29, 0x00,
  0x18, 0x52, 0x00, 0x00, 0x29, 0x00, 0x18, 0x52, 0x00, 0x00, 0x29, 0x00,
  0x18, 0x52, 0x00, 0x00, 0x29, 0x00, 0x18, 0x52, 0x00, 0x00, 0x29, 0x00,
  0x18, 0x52, 0x00, 0x00, 0x29, 0x00, 0x18, 0x52, 0x00, 0x00, 0x29, 0x00,
  0x18, 0x52, 0x00, 0x00, 0x29, 0x00, 0x18, 0x52, 0x00, 0x00, 0x29, 0x00,
  0x18, 0x52, 0x00, 0x00, 0x29, 0x00, 0x18, 0x52, 0x00, 0x00, 0x29, 0x00,
  0x18, 0x52, 0x00, 0x00, 0x29, 0x00, 0x18, 0x52, 0x00, 0x00, 0x29, 0x00,
  0x18, 0x52, 0x00, 0x00, 0x29, 0x00, 0x18, 0x52, 0x00, 0x00, 0x29, 0x00,
  0x18, 0x52, 0x00, 0x00, 0x29, 0x00, 0x18, 0x52, 0x00, 0x00, 0x29, 0x00,
  0x18, 0x52, 0x00, 0x00, 0x29, 0x00, 0x18, 0x52, 0x00, 0x00, 0x29, 0x00,
  0x18, 0x52, 0x00, 0x00, 0x29, 0x00, 0x18, 0x52, 0x00, 0x00, 0x29, 0x00,
  0x18, 0x52, 0x00, 0x00, 0x29, 0x00, 0x18, 0x52, 0x00, 0x00, 0x29, 0x00,
  0x18, 0x52, 0x00, 0x00, 0x29, 0x00, 0x18, 0x52, 0x00, 0x00, 0x29, 0x00,
  0x18, 0x52, 0x00, 0x00, 0x29, 0x00, 0x18, 0x52, 0x00, 0x00, 0x29, 0x00,
  0x18, 0x52, 0x00, 0x00, 0x29, 0x00, 0x18, 0x52, 0x00, 0x00, 0x29, 0x00,
  0x18, 0x52, 0x00, 0x00, 0x29, 0x00, 0x18, 0x52, 0x00, 0x00, 0x29, 0x00,
  0x18, 0x52, 0x00, 0x00, 0x29, 0x00, 0x18, 0x52, 0x00, 0x00, 0x29, 0x00,
  0x18, 0x52, 0x00, 0x00, 0x29, 0x00, 0x18, 0x52, 0x00, 0x00, 0x29, 0x00,
  0x18, 0x52, 0x00, 0x00, 0x29, 0x00, 0x18, 0x52, 0x00, 0x00, 0x29, 0x00,
  0x18, 0x52, 0x00, 0x00, 0x29, 0x00, 0x18, 0x52, 0x00, 0x00, 0x29, 0x00,
  0x18, 0x52, 0x00, 0x00, 0x29, 0x00, 0x18, 0x52, 0x00, 0x00, 0x29, 0x00,
  0x18, 0x52, 0x00, 0x00, 0x29, 0x00, 0x18, 0x52, 0x00, 0x00, 0x29, 0x00,
  0x18, 0x52, 0x00, 0x00, 0x29, 0x00, 0x18, 0x52, 0x00, 0x00, 0x29, 0x00,
  0x18, 0x52, 0x00, 0x00, 0x29, 0x00, 0x18, 0x52, 0x00, 0x00, 0x29, 0x00,
  0x18, 0x52, 0x00, 0x00, 0x29, 0x00, 0x18, 0x52, 0x00, 0x00, 0x29, 0x00,
  0x18, 0x52, 0x00, 0x00, 0x29, 0x00, 0x18, 0x52, 0x00, 0x00, 0x29, 0x00,
  0x18, 0x52, 0x00, 0x00, 0x29, 0x00, 0x18, 0x52, 0x00, 0x00, 0x29, 0x00,
  0x00, 0x29, 0x00, 0x18, 0x52, 0x00, 0x00, 0x29, 0x00, 0x18, 0x52, 0x00,
  0x00, 0x29, 0x00, 0x18, 0x52, 0x00, 0x00, 0x29, 0x00, 0x18, 0x52, 0x00,
  0x00, 0x29, 0x00, 0x18, 0x52, 0x00, 0x00, 0x29, 0x00, 0x18, 0x52, 0x00,
  0x00, 0x29, 0x00, 0x18, 0x52, 0x00, 0x00, 0x29, 0x00, 0x18, 0x52, 0x00,
  0x00, 0x29, 0x00, 0x18, 0x52, 0x00, 0x00, 0x29, 0x00, 0x18, 0x52, 0x00,
  0x00, 0x29, 0x00, 0x18, 0x52, 0x00, 0x00, 0x29, 0x00, 0x18, 0x52, 0x00,
  0x00, 0x29, 0x00, 0x18, 0x52, 0x00, 0x00, 0x29, 0x00, 0x18, 0x52, 0x00,
  0x00, 0x29, 0x00, 0x18, 0x52, 0x00, 0x00, 0x29, 0x00, 0x18, 0x52, 0x00,
  0x00, 0x29, 0x00, 0x18, 0x52, 0x00, 0x00, 0x29, 0x00, 0x18, 0x52, 0x00,
  0x00, 0x29, 0x00, 0x18, 0x52, 0x00, 0x00, 0x29, 0x00, 0x18, 0x52, 0x00,
  0x00, 0x29, 0x00, 0x18, 0x52, 0x00, 0x00, 0x29, 0x00, 0x18, 0x52, 0x00,
  0x00, 0x29, 0x00, 0x18, 0x52, 0x00, 0x00, 0x29, 0x00, 0x18, 0x52, 0x00,
  0x00, 0x29, 0x00, 0x18, 0x52, 0x00, 0x00, 0x29, 0x00, 0x18, 0x52, 0x00,
  0x00, 0x29, 0x00, 0x18, 0x52, 0x00, 0x00, 0x29, 0x00, 0x18, 0x52, 0x00,
  0x00, 0x29, 0x00, 0x18, 0x52, 0x00, 0x00, 0x29, 0x00, 0x18, 0x52, 0x00,
  0x00, 0x29, 0x00, 0x18, 0x52, 0x00, 0x00, 0x29, 0x00, 0x18, 0x52, 0x00,
  0x00, 0x29, 0x00, 0x18, 0x52, 0x00, 0x00, 0x29, 0x00, 0x18, 0x52, 0x00,
  0x00, 0x29, 0x00, 0x18, 0x52, 0x00, 0x00, 0x29, 0x00, 0x18, 0x52, 0x00,
  0x00, 0x29, 0x00, 0x18, 0x52, 0x00, 0x00, 0x29, 0x00, 0x18, 0x52, 0x00,
  0x00, 0x29, 0x00, 0x18, 0x52, 0x00, 0x00, 0x29, 0x00, 0x18, 0x52, 0x00,
  0x00, 0x29, 0x00, 0x18, 0x52, 0x00, 0x00, 0x29, 0x00, 0x18, 0x52, 0x00,
  0x00, 0x29, 0x00, 0x18, 0x52, 0x00, 0x00, 0x29, 0x00, 0x18, 0x52, 0x00,
  0x00, 0x29, 0x00, 0x18, 0x52, 0x00, 0x00, 0x29, 0x00, 0x18, 0x52, 0x00,
  0x00, 0x29, 0x00, 0x18, 0x52, 0x00, 0x00, 0x29, 0x00, 0x18, 0x52, 0x00,
  0x00, 0x29, 0x00, 0x18, 0x52, 0x00, 0x00, 0x29, 0x00, 0x18, 0x52, 0x00,
  0x00, 0x29, 0x00, 0x18, 0x52, 0x00, 0x00, 0x29, 0x00, 0x18, 0x52, 0x00,
  0x00, 0x29, 0x00, 0x18, 0x52, 0x00, 0x00, 0x29, 0x00, 0x18, 0x52, 0x00,
  0x00, 0x29, 0x00, 0x18, 0x52, 0x00, 0x00, 0x29, 0x00, 0x18, 0x52, 0x00,
  0x00, 0x29, 0x00, 0x18, 0x52, 0x00, 0x00, 0x29, 0x00, 0x18, 0x52, 0x00,
  0x00, 0x29, 0x00, 0x18, 0x52, 0x00, 0x00, 0x29, 0x00, 0x18, 0x52, 0x00,
  0x00, 0x29, 0x00, 0x18, 0x52, 0x00, 0x00, 0x29, 0x00, 0x18, 0x52, 0x00,
  0x00, 0x29, 0x00, 0x18, 0x52, 0x00, 0x00, 0x29, 0x00, 0x18, 0x52, 0x00,
  0x00, 0x29, 0x00, 0x18, 0x52, 0x00, 0x00, 0x29, 0x00, 0x18, 0x52, 0x00,
  0x00, 0x29, 0x00, 0x18, 0x52, 0x00, 0x00, 0x29, 0x00, 0x18, 0x52, 0x00,
  0x00, 0x29, 0x00, 0x18, 0x52, 0x00, 0x00, 0x29, 0x00, 0x18, 0x52, 0x00,
  0x00, 0x29, 0x00, 0x18, 0x52, 0x00, 0x00, 0x29, 0x00, 0x18, 0x52, 0x00,
  0x00, 0x29, 0x00, 0x18, 0x52, 0x00, 0x00, 0x29, 0x00, 0x18, 0x52, 0x00,
  0x00, 0x29, 0x00, 0x18, 0x52, 0x00, 0x00, 0x29, 0x00, 0x18, 0x52, 0x00,
  0x00, 0x29, 0x00, 0x18, 0x52, 0x00, 0x00, 0x29, 0x00, 0x18, 0x52, 0x00,
  0x00, 0x29, 0x00, 0x18, 0x52, 0x00, 0x00, 0x29, 0x00, 0x18, 0x52, 0x00,
  0x00, 0x29, 0x00, 0x18, 0x52, 0x00, 0x00, 0x29, 0x00, 0x18, 0x52, 0x00,
  0x00, 0x29, 0x00, 0x18, 0x52, 0x00, 0x00, 0x29, 0x00, 0x18, 0x52, 0x00,
  0x00, 0x29, 0x00, 0x18, 0x52, 0x00, 0x00, 0x29, 0x00, 0x18, 0x52, 0x00,
  0x00, 0x29, 0x00, 0x18, 0x52, 0x00, 0x00, 0x29, 0x00, 0x18, 0x52, 0x00,
  0x00, 0x29, 0x00, 0x18, 0x52, 0x00, 0x00, 0x29, 0x00, 0x18, 0x52, 0x00,
  0x00, 0x29, 0x00, 0x18, 0x52, 0x00, 0x00, 0x29, 0x00, 0x18, 0x52, 0x00,
  0x00, 0x29, 0x00, 0x18, 0x52, 0x00, 0x00, 0x29, 0x00, 0x18, 0x52, 0x00,
  0x00, 0x29, 0x00, 0x18, 0x52, 0x00, 0x00, 0x29, 0x00, 0x18, 0x52, 0x00,
  0x00, 0x29, 0x00, 0x18, 0x52, 0x00, 0x00, 0x29, 0x00, 0x18, 0x52, 0x00,
  0x00, 0x29, 0x00, 0x18, 0x52, 0x00, 0x00, 0x29, 0x00, 0x18, 0x52, 0x00,
  0x00, 0x29, 0x00, 0x18, 0x52, 0x00, 0x00, 0x29, 0x00, 0x18, 0x52, 0x00,
  0x00, 0x29, 0x00, 0x18, 0x52, 0x00, 0x00, 0x29, 0x00, 0x18, 0x52, 0x00,
  0x00, 0x29, 0x00, 0x18, 0x52, 0x00, 0x00, 0x29, 0x00, 0x18, 0x52, 0x00,
  0x00, 0x29, 0x00, 0x18, 0x52, 0x00, 0x00, 0x29, 0x00, 0x18, 0x52, 0x00,
  0x00, 0x29, 0x00, 0x18, 0x52, 0x00, 0x00, 0x29, 0x00, 0x18, 0x52, 0x00,
  0x00, 0x29, 0x00, 0x18, 0x52, 0x00, 0x00, 0x29, 0x00, 0x18, 0x52, 0x00,
  0x00, 0x29, 0x00, 0x18, 0x52, 0x00, 0x00, 0x29, 0x00, 0x18, 0x52, 0x00,
  0x00, 0x29, 0x00, 0x18, 0x52, 0x00, 0x00, 0x29, 0x00, 0x18, 0x52, 0x00,
  0x00, 0x29, 0x00, 0x18, 0x52, 0x00, 0x00, 0x29, 0x00, 0x18, 0x52, 0x00,
  0x00, 0x29, 0x00, 0x18, 0x52, 0x00, 0x00, 0x29, 0x00, 0x18, 0x52, 0x00,
  0x00, 0x29, 0x00, 0x18, 0x52, 0x00, 0x00, 0x29, 0x00, 0x18, 0x52, 0x00,
  0x00, 0x29, 0x00, 0x18, 0x52, 0x00, 0x00, 0x29, 0x00, 0x18, 0x52, 0x00,
  0x00, 0x29, 0x00, 0x18, 0x52, 0x00, 0x00, 0x29, 0x00, 0x18, 0x52, 0x00,
  0x00, 0x29, 0x00, 0x18, 0x52, 0x00, 0x00, 0x29, 0x00, 0x18, 0x52, 0x00,
  0x18, 0x52, 0x00, 0x00, 0x29, 0x00, 0x18, 0x52, 0x00, 0x00, 0x29, 0x00,
  0x18, 0x52, 0x00, 0x00, 0x29, 0x00, 0x18, 0x52, 0x00, 0x00, 0x29, 0x00,
  0x18, 0x52, 0x00, 0x00, 0x29, 0x00, 0x18, 0x52, 0x00, 0x00, 0x29, 0x00,
  0x18, 0x52, 0x00, 0x00, 0x29, 0x00, 0x18, 0x52, 0x00, 0x00, 0x29, 0x00,
  0x18, 0x52, 0x00, 0x00, 0x29, 0x00, 0x18, 0x52, 0x00, 0x00, 0x29, 0x00,
  0x18, 0x52, 0x00, 0x00, 0x29, 0x00, 0x18, 0x52, 0x00, 0x00, 0x29, 0x00,
  0x18, 0x52, 0x00, 0x00, 0x29, 0x00, 0x18, 0x52, 0x00, 0x00, 0x29, 0x00,
  0x18, 0x52, 0x00, 0x00, 0x29, 0x00, 0x18, 0x52, 0x00, 0x00, 0x29, 0x00,
  0x18, 0x52, 0x00, 0x00, 0x29, 0x00, 0x18, 0x52, 0x00, 0x00, 0x29, 0x00,
  0x18, 0x52, 0x00, 0x00, 0x29, 0x00, 0x18, 0x52, 0x00, 0x00, 0x29, 0x00,
  0x18, 0x52, 0x00, 0x00, 0x29, 0x00, 0x18, 0x52, 0x00, 0x00, 0x29, 0x00,
  0x18, 0x52, 0x00, 0x00, 0x29, 0x00, 0x18, 0x52, 0x00, 0x00, 0x29, 0x00,
  0x18, 0x52, 0x00, 0x00, 0x29, 0x00, 0x18, 0x52, 0x00, 0x00, 0x29, 0x00,
  0x18, 0x52, 0x00, 0x00, 0x29, 0x00, 0x18, 0x52, 0x00, 0x00, 0x29, 0x00,
  0x18, 0x52, 0x00, 0x00, 0x29, 0x00, 0x18, 0x52, 0x00, 0x00, 0x29, 0x00,
  0x18, 0x52, 0x00, 0x00, 0x29, 0x00, 0x18, 0x52, 0x00, 0x00, 0x29, 0x00,
  0x18, 0x52, 0x00, 0x00, 0x29, 0x00, 0x18, 0x52, 0x00, 0x00, 0x29, 0x00,
  0x18, 0x52, 0x00, 0x00, 0x29, 0x00, 0x18, 0x52, 0x00, 0x00, 0x29, 0x00,
  0x18, 0x52, 0x00, 0x00, 0x29, 0x00, 0x18, 0x52, 0x00, 0x00, 0x29, 0x00,
  0x18, 0x52, 0x00, 0x00, 0x29, 0x00, 0x18, 0x52, 0x00, 0x00, 0x29, 0x00,
  0x18, 0x52, 0x00, 0x00, 0x29, 0x00, 0x18, 0x52, 0x00, 0x00, 0x29, 0x00,
  0x18, 0x52, 0x00, 0x00, 0x29, 0x00, 0x18, 0x52, 0x00, 0x00, 0x29, 0x00,
  0x18, 0x52, 0x00, 0x00, 0x29, 0x00, 0x18, 0x52, 0x00, 0x00, 0x29, 0x00,
  0x18, 0x52, 0x00, 0x00, 0x29, 0x00, 0x18, 0x52, 0x00, 0x00, 0x29, 0x00,
  0x18, 0x52, 0x00, 0x00, 0x29, 0x00, 0x18, 0x52, 0x00, 0x00, 0x29, 0x00,
  0x18, 0x52, 0x00, 0x00, 0x29, 0x00, 0x18, 0x52, 0x00, 0x00, 0x29, 0x00,
  0x18, 0x52, 0x00, 0x00, 0x29, 0x00, 0x18, 0x52, 0x00, 0x00, 0x29, 0x00,
  0x18, 0x52, 0x00, 0x00, 0x29, 0x00, 0x18, 0x52, 0x00, 0x00, 0x29, 0x00,
  0x18, 0x52, 0x00, 0x00, 0x29, 0x00, 0x18, 0x52, 0x00, 0x00, 0x29, 0x00,
  0x18, 0x52, 0x00, 0x00, 0x29, 0x00, 0x18, 0x52, 0x00, 0x00, 0x29, 0x00,
  0x18, 0x52, 0x00, 0x00, 0x29, 0x00, 0x18, 0x52, 0x00, 0x00, 0x29, 0x00,
  0x18, 0x52, 0x00, 0x00, 0x29, 0x00, 0x18, 0x52, 0x00, 0x00, 0x29, 0x00,
  0x18, 0x52, 0x00, 0x00, 0x29, 0x00, 0x18, 0x52, 0x00, 0x00, 0x29, 0x00,
  0x18, 0x52, 0x00, 0x00, 0x29, 0x00, 0x18, 0x52, 0x00, 0x00, 0x29, 0x00,
  0x18, 0x52, 0x00, 0x00, 0x29, 0x00, 0x18, 0x52, 0x00, 0x00, 0x29, 0x00,
  0x18, 0x52, 0x00, 0x00, 0x29, 0x00, 0x18, 0x52, 0x00, 0x00, 0x29, 0x00,
  0x18, 0x52, 0x00, 0x00, 0x29, 0x00, 0x18, 0x52, 0x00, 0x00, 0x29, 0x00,
  0x18, 0x52, 0x00, 0x00, 0x29, 0x00, 0x18, 0x52, 0x00, 0x00, 0x29, 0x00,
  0x18, 0x52, 0x00, 0x00, 0x29, 0x00, 0x18, 0x52, 0x00, 0x00, 0x29, 0x00,
  0x18, 0x52, 0x00, 0x00, 0x29, 0x00, 0x18, 0x52, 0x00, 0x00, 0x29, 0x00,
  0x18, 0x52, 0x00, 0x00, 0x29, 0x00, 0x18, 0x52, 0x00, 0x00, 0x29, 0x00,
  0x18, 0x52, 0x00, 0x00, 0x29, 0x00, 0x18, 0x52, 0x00, 0x00, 0x29, 0x00,
  0x18, 0x52, 0x00, 0x00, 0x29, 0x00, 0x18, 0x52, 0x00, 0x00, 0x29, 0x00,
  0x18, 0x52, 0x00, 0x00, 0x29, 0x00, 0x18, 0x52, 0x00, 0x00, 0x29, 0x00,
  0x18, 0x52, 0x00, 0x00, 0x29, 0x00, 0x18, 0x52, 0x00, 0x00, 0x29, 0x00,
  0x18, 0x52, 0x00, 0x00, 0x29, 0x00, 0x18, 0x52, 0x00, 0x00, 0x29, 0x00,
  0x18, 0x52, 0x00, 0x00, 0x29, 0x00, 0x18, 0x52, 0x00, 0x00, 0x29, 0x00,
  0x18, 0x52, 0x00, 0x00, 0x29, 0x00, 0x18, 0x52, 0x00, 0x00, 0x29, 0x00,
  0x18, 0x52, 0x00, 0x00, 0x29, 0x00, 0x18, 0x52, 0x00, 0x00, 0x29, 0x00,
  0x18, 0x52, 0x00, 0x00, 0x29, 0x00, 0x18, 0x52, 0x00, 0x00, 0x29, 0x00,
  0x18, 0x52, 0x00, 0x00, 0x29, 0x00, 0x18, 0x52, 0x00, 0x00, 0x29, 0x00,
  0x18, 0x52, 0x00, 0x00, 0x29, 0x00, 0x18, 0x52, 0x00, 0x00, 0x29, 0x00,
  0x18, 0x52, 0x00, 0x00, 0x29, 0x00, 0x18, 0x52, 0x00, 0x00, 0x29, 0x00,
  0x18, 0x52, 0x00, 0x00, 0x29, 0x00, 0x18, 0x52, 0x00, 0x00, 0x29, 0x00,
  0x18, 0x52, 0x00, 0x00, 0x29, 0x00, 0x18, 0x52, 0x00, 0x00, 0x29, 0x00,
  0x18, 0x52, 0x00, 0x00, 0x29, 0x00, 0x18, 0x52, 0x00, 0x00, 0x29, 0x00,
  0x18, 0x52, 0x00, 0x00, 0x29, 0x00, 0x18, 0x52, 0x00, 0x00, 0x29, 0x00,
  0x18, 0x52, 0x00, 0x00, 0x29, 0x00, 0x18, 0x52, 0x00, 0x00, 0x29, 0x00,
  0x18, 0x52, 0x00, 0x00, 0x29, 0x00, 0x18, 0x52, 0x00, 0x00, 0x29, 0x00,
  0x18, 0x52, 0x00, 0x00, 0x29, 0x00, 0x18, 0x52, 0x00, 0x00, 0x29, 0x00,
  0x18, 0x52, 0x00, 0x00, 0x29, 0x00, 0x18, 0x52, 0x00, 0x00, 0x29, 0x00,
  0x18, 0x52, 0x00, 0x00, 0x29, 0x00, 0x18, 0x52, 0x00, 0x00, 0x29, 0x00,
  0x18, 0x52, 0x00, 0x00, 0x29, 0x00, 0x18, 0x52, 0x00, 0x00, 0x29, 0x00,
  0x18, 0x52, 0x00, 0x00, 0x29, 0x00, 0x18, 0x52, 0x00, 0x00, 0x29, 0x00,
  0x00, 0x29, 0x00, 0x18, 0x52, 0x00, 0x00, 0x29, 0x00, 0x18, 0x52, 0x00,
  0x00, 0x29, 0x00, 0x18, 0x52, 0x00, 0x00, 0x29, 0x00, 0x18, 0x52, 0x00,
  0x00, 0x29, 0x00, 0x18, 0x52, 0x00, 0x00, 0x29, 0x00, 0x18, 0x52, 0x00,
  0x00, 0x29, 0x00, 0x18, 0x52, 0x00, 0x00, 0x29, 0x00, 0x18, 0x52, 0x00,
  0x00, 0x29, 0x00, 0x18, 0x52, 0x00, 0x00, 0x29, 0x00, 0x18, 0x52, 0x00,
  0x00, 0x29, 0x00, 0x18, 0x52, 0x00, 0x00, 0x29, 0x00, 0x18, 0x52, 0x00,
  0x00, 0x29, 0x00, 0x18, 0x52, 0x00, 0x00, 0x29, 0x00, 0x18, 0x52, 0x00,
  0x00, 0x29, 0x00, 0x18, 0x52, 0x00, 0x00, 0x29, 0x00, 0x18, 0x52, 0x00,
  0x00, 0x29, 0x00, 0x18, 0x52, 0x00, 0x00, 0x29, 0x00, 0x18, 0x52, 0x00,
  0x00, 0x29, 0x00, 0x18, 0x52, 0x00, 0x00, 0x29, 0x00, 0x18, 0x52, 0x00,
  0x00, 0x29, 0x00, 0x18, 0x52, 0x00, 0x00, 0x29, 0x00, 0x18, 0x52, 0x00,
  0x00, 0x29, 0x00, 0x18, 0x52, 0x00, 0x00, 0x29, 0x00, 0x18, 0x52, 0x00,
  0x00, 0x29, 0x00, 0x18, 0x52, 0x00, 0x00, 0x29, 0x00, 0x18, 0x52, 0x00,
  0x00, 0x29, 0x00, 0x18, 0x52, 0x00, 0x00, 0x29, 0x00, 0x18, 0x52, 0x00,
  0x00, 0x29, 0x00, 0x18, 0x52, 0x00, 0x00, 0x29, 0x00, 0x18, 0x52, 0x00,
  0x00, 0x29, 0x00, 0x18, 0x52, 0x00, 0x00, 0x29, 0x00, 0x18, 0x52, 0x00,
  0x00, 0x29, 0x00, 0x18, 0x52, 0x00, 0x00, 0x29, 0x00, 0x18, 0x52, 0x00,
  0x00, 0x29, 0x00, 0x18, 0x52, 0x00, 0x00, 0x29, 0x00, 0x18, 0x52, 0x00,
  0x00, 0x29, 0x00, 0x18, 0x52, 0x00, 0x00, 0x29, 0x00, 0x18, 0x52, 0x00,
  0x00, 0x29, 0x00, 0x18, 0x52, 0x00, 0x00, 0x29, 0x00, 0x18, 0x52, 0x00,
  0x00, 0x29, 0x00, 0x18, 0x52, 0x00, 0x00, 0x29, 0x00, 0x18, 0x52, 0x00,
  0x00, 0x29, 0x00, 0x18, 0x52, 0x00, 0x00, 0x29, 0x00, 0x18, 0x52, 0x00,
  0x00, 0x29, 0x00, 0x18, 0x52, 0x00, 0x00, 0x29, 0x00, 0x18, 0x52, 0x00,
  0x00, 0x29, 0x00, 0x18, 0x52, 0x00, 0x00, 0x29, 0x00, 0x18, 0x52, 0x00,
  0x00, 0x29, 0x00, 0x18, 0x52, 0x00, 0x00, 0x29, 0x00, 0x18, 0x52, 0x00,
  0x00, 0x29, 0x00, 0x18, 0x52, 0x00, 0x00, 0x29, 0x00, 0x18, 0x52, 0x00,
  0x00, 0x29, 0x00, 0x18, 0x52, 0x00, 0x00, 0x29, 0x00, 0x18, 0x52, 0x00,
  0x00, 0x29, 0x00, 0x18, 0x52, 0x00, 0x00, 0x29, 0x00, 0x18, 0x52, 0x00,
  0x00, 0x29, 0x00, 0x18, 0x52, 0x00, 0x00, 0x29, 0x00, 0x18, 0x52, 0x00,
  0x00, 0x29, 0x00, 0x18, 0x52, 0x00, 0x00, 0x29, 0x00, 0x18, 0x52, 0x00,
  0x00, 0x29, 0x00, 0x18, 0x52, 0x00, 0x00, 0x29, 0x00, 0x18, 0x52, 0x00,
  0x00, 0x29, 0x00, 0x18, 0x52, 0x00, 0x00, 0x29, 0x00, 0x18, 0x52, 0x00,
  0x00, 0x29, 0x00, 0x18, 0x52, 0x00, 0x00, 0x29, 0x00, 0x18, 0x52, 0x00,
  0x00, 0x29, 0x00, 0x18, 0x52, 0x00, 0x00, 0x29, 0x00, 0x18, 0x52, 0x00,
  0x00, 0x29, 0x00, 0x18, 0x52, 0x00, 0x00, 0x29, 0x00, 0x18, 0x52, 0x00,
  0x00, 0x29, 0x00, 0x18, 0x52, 0x00, 0x00, 0x29, 0x00, 0x18, 0x52, 0x00,
  0x00, 0x29, 0x00, 0x18, 0x52, 0x00, 0x00, 0x29, 0x00, 0x18, 0x52, 0x00,
  0x00, 0x29, 0x00, 0x18, 0x52, 0x00, 0x00, 0x29, 0x00, 0x18, 0x52, 0x00,
  0x00, 0x29, 0x00, 0x18, 0x52, 0x00, 0x00, 0x29, 0x00, 0x18, 0x52, 0x00,
  0x00, 0x29, 0x00, 0x18, 0x52, 0x00, 0x00, 0x29, 0x00, 0x18, 0x52, 0x00,
  0x00, 0x29, 0x00, 0x18, 0x52, 0x00, 0x00, 0x29, 0x00, 0x18, 0x52, 0x00,
  0x00, 0x29, 0x00, 0x18, 0x52, 0x00, 0x00, 0x29, 0x00, 0x18, 0x52, 0x00,
  0x00, 0x29, 0x00, 0x18, 0x52, 0x00, 0x00, 0x29, 0x00, 0x18, 0x52, 0x00,
  0x00, 0x29, 0x00, 0x18, 0x52, 0x00, 0x00, 0x29, 0x00, 0x18, 0x52, 0x00,
  0x00, 0x29, 0x00, 0x18, 0x52, 0x00, 0x00, 0x29, 0x00, 0x18, 0x52, 0x00,
  0x00, 0x29, 0x00, 0x18, 0x52, 0x00, 0x00, 0x29, 0x00, 0x18, 0x52, 0x00,
  0x00, 0x29, 0x00, 0x18, 0x52, 0x00, 0x00, 0x29, 0x00, 0x18, 0x52, 0x00,
  0x00, 0x29, 0x00, 0x18, 0x52, 0x00, 0x00, 0x29, 0x00, 0x18, 0x52, 0x00,
  0x00, 0x29, 0x00, 0x18, 0x52, 0x00, 0x00, 0x29, 0x00, 0x18, 0x52, 0x00,
  0x00, 0x29, 0x00, 0x18, 0x52, 0x00, 0x00, 0x29, 0x00, 0x18, 0x52, 0x00,
  0x00, 0x29, 0x00, 0x18, 0x52, 0x00, 0x00, 0x29, 0x00, 0x18, 0x52, 0x00,
  0x00, 0x29, 0x00, 0x18, 0x52, 0x00, 0x00, 0x29, 0x00, 0x18, 0x52, 0x00,
  0x00, 0x29, 0x00, 0x18, 0x52, 0x00, 0x00, 0x29, 0x00, 0x18, 0x52, 0x00,
  0x00, 0x29, 0x00, 0x18, 0x52, 0x00, 0x00, 0x29, 0x00, 0x18, 0x52, 0x00,
  0x00, 0x29, 0x00, 0x18, 0x52, 0x00, 0x00, 0x29, 0x00, 0x18, 0x52, 0x00,
  0x00, 0x29, 0x00, 0x18, 0x52, 0x00, 0x00, 0x29, 0x00, 0x18, 0x52, 0x00,
  0x00, 0x29, 0x00, 0x18, 0x52, 0x00, 0x00, 0x29, 0x00, 0x18, 0x52, 0x00,
  0x00, 0x29, 0x00, 0x18, 0x52, 0x00, 0x00, 0x29, 0x00, 0x18, 0x52, 0x00,
  0x00, 0x29, 0x00, 0x18, 0x52, 0x00, 0x00, 0x29, 0x00, 0x18, 0x52, 0x00,
  0x00, 0x29, 0x00, 0x18, 0x52, 0x00, 0x00, 0x29, 0x00, 0x18, 0x52, 0x00,
  0x00, 0x29, 0x00, 0x18, 0x52, 0x00, 0x00, 0x29, 0x00, 0x18, 0x52, 0x00,
  0x00, 0x29, 0x00, 0x18, 0x52, 0x00, 0x00, 0x29, 0x00, 0x18, 0x52, 0x00,
  0x00, 0x29, 0x00, 0x18, 0x52, 0x00, 0x00, 0x29, 0x00, 0x18, 0x52, 0x00,
  0x00, 0x29, 0x00, 0x18, 0x52, 0x00, 0x00, 0x29, 0x00, 0x18, 0x52, 0x00,
  0x18, 0x52, 0x00, 0x00, 0x29, 0x00, 0x18, 0x52, 0x00, 0x00, 0x29, 0x00,
  0x18, 0x52, 0x00, 0x00, 0x29, 0x00, 0x18, 0x52, 0x00, 0x00, 0x29, 0x00,
  0x18, 0x52, 0x00, 0x00, 0x29, 0x00, 0x18, 0x52, 0x00, 0x00, 0x29, 0x00,
  0x18, 0x52, 0x00, 0x00, 0x29, 0x00, 0x18, 0x52, 0x00, 0x00, 0x29, 0x00,
  0x18, 0x52, 0x00, 0x00, 0x29, 0x00, 0x18, 0x52, 0x00, 0x00, 0x29, 0x00,
  0x18, 0x52, 0x00, 0x00, 0x29, 0x00, 0x18, 0x52, 0x00, 0x00, 0x29, 0x00,
  0x18, 0x52, 0x00, 0x00, 0x29, 0x00, 0x18, 0x52, 0x00, 0x00, 0x29, 0x00,
  0x18, 0x52, 0x00, 0x00, 0x29, 0x00, 0x18, 0x52, 0x00, 0x00, 0x29, 0x00,
  0x18, 0x52, 0x00, 0x00, 0x29, 0x00, 0x18, 0x52, 0x00, 0x00, 0x29, 0x00,
  0x18, 0x52, 0x00, 0x00, 0x29, 0x00, 0x18, 0x52, 0x00, 0x00, 0x29, 0x00,
  0x18, 0x52, 0x00, 0x00, 0x29, 0x00, 0x18, 0x52, 0x00, 0x00, 0x29, 0x00,
  0x18, 0x52, 0x00, 0x00, 0x29, 0x00, 0x18, 0x52, 0x00, 0x00, 0x29, 0x00,
  0x18, 0x52, 0x00, 0x00, 0x29, 0x00, 0x18, 0x52, 0x00, 0x00, 0x29, 0x00,
  0x18, 0x52, 0x00, 0x00, 0x29, 0x00, 0x18, 0x52, 0x00, 0x00, 0x29, 0x00,
  0x18, 0x52, 0x00, 0x00, 0x29, 0x00, 0x18, 0x52, 0x00, 0x00, 0x29, 0x00,
  0x18, 0x52, 0x00, 0x00, 0x29, 0x00, 0x18, 0x52, 0x00, 0x00, 0x29, 0x00,
  0x18, 0x52, 0x00, 0x00, 0x29, 0x00, 0x18, 0x52, 0x00, 0x00, 0x29, 0x00,
  0x18, 0x52, 0x00, 0x00, 0x29, 0x00, 0x18, 0x52, 0x00, 0x00, 0x29, 0x00,
  0x18, 0x52, 0x00, 0x00, 0x29, 0x00, 0x18, 0x52, 0x00, 0x00, 0x29, 0x00,
  0x18, 0x52, 0x00, 0x00, 0x29, 0x00, 0x18, 0x52, 0x00, 0x00, 0x29, 0x00,
  0x18, 0x52, 0x00, 0x00, 0x29, 0x00, 0x18, 0x52, 0x00, 0x00, 0x29, 0x00,
  0x18, 0x52, 0x00, 0x00, 0x29, 0x00, 0x18, 0x52, 0x00, 0x00, 0x29, 0x00,
  0x18, 0x52, 0x00, 0x00, 0x29, 0x00, 0x18, 0x52, 0x00, 0x00, 0x29, 0x00,
  0x18, 0x52, 0x00, 0x00, 0x29, 0x00, 0x18, 0x52, 0x00, 0x00, 0x29, 0x00,
  0x18, 0x52, 0x00, 0x00, 0x29, 0x00, 0x18, 0x52, 0x00, 0x00, 0x29, 0x00,
  0x18, 0x52, 0x00, 0x00, 0x29, 0x00, 0x18, 0x52, 0x00, 0x00, 0x29, 0x00,
  0x18, 0x52, 0x00, 0x00, 0x29, 0x00, 0x18, 0x52, 0x00, 0x00, 0x29, 0x00,
  0x18, 0x52, 0x00, 0x00, 0x29, 0x00, 0x18, 0x52, 0x00, 0x00, 0x29, 0x00,
  0x18, 0x52, 0x00, 0x00, 0x29, 0x00, 0x18, 0x52, 0x00, 0x00, 0x29, 0x00,
  0x18, 0x52, 0x00, 0x00, 0x29, 0x00, 0x18, 0x52, 0x00, 0x00, 0x29, 0x00,
  0x18, 0x52, 0x00, 0x00, 0x29, 0x00, 0x18, 0x52, 0x00, 0x00, 0x29, 0x00,
  0x18, 0x52, 0x00, 0x00, 0x29, 0x00, 0x18, 0x52, 0x00, 0x00, 0x29, 0x00,
  0x18, 0x52, 0x00, 0x00, 0x29, 0x00, 0x18, 0x52, 0x00, 0x00, 0x29, 0x00,
  0x18, 0x52, 0x00, 0x00, 0x29, 0x00, 0x18, 0x52, 0x00, 0x00, 0x29, 0x00,
  0x18, 0x52, 0x00, 0x00, 0x29, 0x00, 0x18, 0x52, 0x00, 0x00, 0x29, 0x00,
  0x18, 0x52, 0x00, 0x00, 0x29, 0x00, 0x18, 0x52, 0x00, 0x00, 0x29, 0x00,
  0x18, 0x52, 0x00, 0x00, 0x29, 0x00, 0x18, 0x52, 0x00, 0x00, 0x29, 0x00,
  0x18, 0x52, 0x00, 0x00, 0x29, 0x00, 0x18, 0x52, 0x00, 0x00, 0x29, 0x00,
  0x18, 0x52, 0x00, 0x00, 0x29, 0x00, 0x18, 0x52, 0x00, 0x00, 0x29, 0x00,
  0x18, 0x52, 0x00, 0x00, 0x29, 0x00, 0x18, 0x52, 0x00, 0x00, 0x29, 0x00,
  0x18, 0x52, 0x00, 0x00, 0x29, 0x00, 0x18, 0x52, 0x00, 0x00, 0x29, 0x00,
  0x18, 0x52, 0x00, 0x00, 0x29, 0x00, 0x18, 0x52, 0x00, 0x00, 0x29, 0x00,
  0x18, 0x52, 0x00, 0x00, 0x29, 0x00, 0x18, 0x52, 0x00, 0x00, 0x29, 0x00,
  0x18, 0x52, 0x00, 0x00, 0x29, 0x00, 0x18, 0x52, 0x00, 0x00, 0x29, 0x00,
  0x18, 0x52, 0x00, 0x00, 0x29, 0x00, 0x18, 0x52, 0x00, 0x00, 0x29, 0x00,
  0x18, 0x52, 0x00, 0x00, 0x29, 0x00, 0x18, 0x52, 0x00, 0x00, 0x29, 0x00,
  0x18, 0x52, 0x00, 0x00, 0x29, 0x00, 0x18, 0x52, 0x00, 0x00, 0x29, 0x00,
  0x18, 0x52, 0x00, 0x00, 0x29, 0x00, 0x18, 0x52, 0x00, 0x00, 0x29, 0x00,
  0x18, 0x52, 0x00, 0x00, 0x29, 0x00, 0x18, 0x52, 0x00, 0x00, 0x29, 0x00,
  0x18, 0x52, 0x00, 0x00, 0x29, 0x00, 0x18, 0x52, 0x00, 0x00, 0x29, 0x00,
  0x18, 0x52, 0x00, 0x00, 0x29, 0x00, 0x18, 0x52, 0x00, 0x00, 0x29, 0x00,
  0x18, 0x52, 0x00, 0x00, 0x29, 0x00, 0x18, 0x52, 0x00, 0x00, 0x29, 0x00,
  0x18, 0x52, 0x00, 0x00, 0x29, 0x00, 0x18, 0x52, 0x00, 0x00, 0x29, 0x00,
  0x18, 0x52, 0x00, 0x00, 0x29, 0x00, 0x18, 0x52, 0x00, 0x00, 0x29, 0x00,
  0x18, 0x52, 0x00, 0x00, 0x29, 0x00, 0x18, 0x52, 0x00, 0x00, 0x29, 0x00,
  0x18, 0x52, 0x00, 0x00, 0x29, 0x00, 0x18, 0x52, 0x00, 0x00, 0x29, 0x00,
  0x18, 0x52, 0x00, 0x00, 0x29, 0x00, 0x18, 0x52, 0x00, 0x00, 0x29, 0x00,
  0x18, 0x52, 0x00, 0x00, 0x29, 0x00, 0x18, 0x52, 0x00, 0x00, 0x29, 0x00,
  0x18, 0x52, 0x00, 0x00, 0x29, 0x00, 0x18, 0x52, 0x00, 0x00, 0x29, 0x00,
  0x18, 0x52, 0x00, 0x00, 0x29, 0x00, 0x18, 0x52, 0x00, 0x00, 0x29, 0x00,
  0x18, 0x52, 0x00, 0x00, 0x29, 0x00, 0x18, 0x52, 0x00, 0x00, 0x29, 0x00,
  0x18, 0x52, 0x00, 0x00, 0x29, 0x00, 0x18, 0x52, 0x00, 0x00, 0x29, 0x00,
  0x18, 0x52, 0x00, 0x00, 0x29, 0x00, 0x18, 0x52, 0x00, 0x00, 0x29, 0x00,
  0x18, 0x52, 0x00, 0x00, 0x29, 0x00, 0x18, 0x52, 0x00, 0x00, 0x29, 0x00,
  0x00, 0x29, 0x00, 0x18, 0x52, 0x00, 0x00, 0x29, 0x00, 0x18, 0x52, 0x00,
  0x00, 0x29, 0x00, 0x18, 0x52, 0x00, 0x00, 0x29, 0x00, 0x18, 0x52, 0x00,
  0x00, 0x29, 0x00, 0x18, 0x52, 0x00, 0x00, 0x29, 0x00, 0x18, 0x52, 0x00,
  0x00, 0x29, 0x00, 0x18, 0x52, 0x00, 0x00, 0x29, 0x00, 0x18, 0x52, 0x00,
  0x00, 0x29, 0x00, 0x18, 0x52, 0x00, 0x00, 0x29, 0x00, 0x18, 0x52, 0x00,
  0x00, 0x29, 0x00, 0x18, 0x52, 0x00, 0x00, 0x29, 0x00, 0x18, 0x52, 0x00,
  0x00, 0x29, 0x00, 0x18, 0x52, 0x00, 0x00, 0x29, 0x00, 0x18, 0x52, 0x00,
  0x00, 0x29, 0x00, 0x18, 0x52, 0x00, 0x00, 0x29, 0x00, 0x18, 0x52, 0x00,
  0x00, 0x29, 0x00, 0x18, 0x52, 0x00, 0x00, 0x29, 0x00, 0x18, 0x52, 0x00,
  0x00, 0x29, 0x00, 0x18, 0x52, 0x00, 0x00, 0x29, 0x00, 0x18, 0x52, 0x00,
  0x00, 0x29, 0x00, 0x18, 0x52, 0x00, 0x00, 0x29, 0x00, 0x18, 0x52, 0x00,
  0x00, 0x29, 0x00, 0x18, 0x52, 0x00, 0x00, 0x29, 0x00, 0x18, 0x52, 0x00,
  0x00, 0x29, 0x00, 0x18, 0x52, 0x00, 0x00, 0x29, 0x00, 0x18, 0x52, 0x00,
  0x00, 0x29, 0x00, 0x18, 0x52, 0x00, 0x00, 0x29, 0x00, 0x18, 0x52, 0x00,
  0x00, 0x29, 0x00, 0x18, 0x52, 0x00, 0x00, 0x29, 0x00, 0x18, 0x52, 0x00,
  0x00, 0x29, 0x00, 0x18, 0x52, 0x00, 0x00, 0x29, 0x00, 0x18, 0x52, 0x00,
  0x00, 0x29, 0x00, 0x18, 0x52, 0x00, 0x00, 0x29, 0x00, 0x18, 0x52, 0x00,
  0x00, 0x29, 0x00, 0x18, 0x52, 0x00, 0x00, 0x29, 0x00, 0x18, 0x52, 0x00,
  0x00, 0x29, 0x00, 0x18, 0x52, 0x00, 0x00, 0x29, 0x00, 0x18, 0x52, 0x00,
  0x00, 0x29, 0x00, 0x18, 0x52, 0x00, 0x00, 0x29, 0x00, 0x18, 0x52, 0x00,
  0x00, 0x29, 0x00, 0x18, 0x52, 0x00, 0x00, 0x29, 0x00, 0x18, 0x52, 0x00,
  0x00, 0x29, 0x00, 0x18, 0x52, 0x00, 0x00, 0x29, 0x00, 0x18, 0x52, 0x00,
  0x00, 0x29, 0x00, 0x18, 0x52, 0x00, 0x00, 0x29, 0x00, 0x18, 0x52, 0x00,
  0x00, 0x29, 0x00, 0x18, 0x52, 0x00, 0x00, 0x29, 0x00, 0x18, 0x52, 0x00,
  0x00, 0x29, 0x00, 0x18, 0x52, 0x00, 0x00, 0x29, 0x00, 0x18, 0x52, 0x00,
  0x00, 0x29, 0x00, 0x18, 0x52, 0x00, 0x00, 0x29, 0x00, 0x18, 0x52, 0x00,
  0x00, 0x29, 0x00, 0x18, 0x52, 0x00, 0x00, 0x29, 0x00, 0x18, 0x52, 0x00,
  0x00, 0x29, 0x00, 0x18, 0x52, 0x00, 0x00, 0x29, 0x00, 0x18, 0x52, 0x00,
  0x00, 0x29, 0x00, 0x18, 0x52, 0x00, 0x00, 0x29, 0x00, 0x18, 0x52, 0x00,
  0x00, 0x29, 0x00, 0x18, 0x52, 0x00, 0x00, 0x29, 0x00, 0x18, 0x52, 0x00,
  0x00, 0x29, 0x00, 0x18, 0x52, 0x00, 0x00, 0x29, 0x00, 0x18, 0x52, 0x00,
  0x00, 0x29, 0x00, 0x18, 0x52, 0x00, 0x00, 0x29, 0x00, 0x18, 0x52, 0x00,
  0x00, 0x29, 0x00, 0x18, 0x52, 0x00, 0x00, 0x29, 0x00, 0x18, 0x52, 0x00,
  0x00, 0x29, 0x00, 0x18, 0x52, 0x00, 0x00, 0x29, 0x00, 0x18, 0x52, 0x00,
  0x00, 0x29, 0x00, 0x18, 0x52, 0x00, 0x00, 0x29, 0x00, 0x18, 0x52, 0x00,
  0x00, 0x29, 0x00, 0x18, 0x52, 0x00, 0x00, 0x29, 0x00, 0x18, 0x52, 0x00,
  0x00, 0x29, 0x00, 0x18, 0x52, 0x00, 0x00, 0x29, 0x00, 0x18, 0x52, 0x00,
  0x00, 0x29, 0x00, 0x18, 0x52, 0x00, 0x00, 0x29, 0x00, 0x18, 0x52, 0x00,
  0x00, 0x29, 0x00, 0x18, 0x52, 0x00, 0x00, 0x29, 0x00, 0x18, 0x52, 0x00,
  0x00, 0x29, 0x00, 0x18, 0x52, 0x00, 0x00, 0x29, 0x00, 0x18, 0x52, 0x00,
  0x00, 0x29, 0x00, 0x18, 0x52, 0x00, 0x00, 0x29, 0x00, 0x18, 0x52, 0x00,
  0x00, 0x29, 0x00, 0x18, 0x52, 0x00, 0x00, 0x29, 0x00, 0x18, 0x52, 0x00,
  0x00, 0x29, 0x00, 0x18, 0x52, 0x00, 0x00, 0x29, 0x00, 0x18, 0x52, 0x00,
  0x00, 0x29, 0x00, 0x18, 0x52, 0x00, 0x00, 0x29, 0x00, 0x18, 0x52, 0x00,
  0x00, 0x29, 0x00, 0x18, 0x52, 0x00, 0x00, 0x29, 0x00, 0x18, 0x52, 0x00,
  0x00, 0x29, 0x00, 0x18, 0x52, 0x00, 0x00, 0x29, 0x00, 0x18, 0x52, 0x00,
  0x00, 0x29, 0x00, 0x18, 0x52, 0x00, 0x00, 0x29, 0x00, 0x18, 0x52, 0x00,
  0x00, 0x29, 0x00, 0x18, 0x52, 0x00, 0x00, 0x29, 0x00, 0x18, 0x52, 0x00,
  0x00, 0x29, 0x00, 0x18, 0x52, 0x00, 0x00, 0x29, 0x00, 0x18, 0x52, 0x00,
  0x00, 0x29, 0x00, 0x18, 0x52, 0x00, 0x00, 0x29, 0x00, 0x18, 0x52, 0x00,
  0x00, 0x29, 0x00, 0x18, 0x52, 0x00, 0x00, 0x29, 0x00, 0x18, 0x52, 0x00,
  0x00, 0x29, 0x00, 0x18, 0x52, 0x00, 0x00, 0x29, 0x00, 0x18, 0x52, 0x00,
  0x00, 0x29, 0x00, 0x18, 0x52, 0x00, 0x00, 0x29, 0x00, 0x18, 0x52, 0x00,
  0x00, 0x29, 0x00, 0x18, 0x52, 0x00, 0x00, 0x29, 0x00, 0x18, 0x52, 0x00,
  0x00, 0x29, 0x00, 0x18, 0x52, 0x00, 0x00, 0x29, 0x00, 0x18, 0x52, 0x00,
  0x00, 0x29, 0x00, 0x18, 0x52, 0x00, 0x00, 0x29, 0x00, 0x18, 0x52, 0x00,
  0x00, 0x29, 0x00, 0x18, 0x52, 0x00, 0x00, 0x29, 0x00, 0x18, 0x52, 0x00,
  0x00, 0x29, 0x00, 0x18, 0x52, 0x00, 0x00, 0x29, 0x00, 0x18, 0x52, 0x00,
  0x00, 0x29, 0x00, 0x18, 0x52, 0x00, 0x00, 0x29, 0x00, 0x18, 0x52, 0x00,
  0x00, 0x29, 0x00, 0x18, 0x52, 0x00, 0x00, 0x29, 0x00, 0x18, 0x52, 0x00,
  0x00, 0x29, 0x00, 0x18, 0x52, 0x00, 0x00, 0x29, 0x00, 0x18, 0x52, 0x00,
  0x00, 0x29, 0x00, 0x18, 0x52, 0x00, 0x00, 0x29, 0x00, 0x18, 0x52, 0x00,
  0x00, 0x29, 0x00, 0x18, 0x52, 0x00, 0x00, 0x29, 0x00, 0x18, 0x52, 0x00,
  0x00, 0x29, 0x00, 0x18, 0x52, 0x00, 0x00, 0x29, 0x00, 0x18, 0x52, 0x00,
  0x18, 0x52, 0x00, 0x00, 0x29, 0x00, 0x18, 0x52, 0x00, 0x00, 0x29, 0x00,
  0x18, 0x52, 0x00, 0x00, 0x29, 0x00, 0x18, 0x52, 0x00, 0x00, 0x29, 0x00,
  0x18, 0x52, 0x00, 0x00, 0x29, 0x00, 0x18, 0x52, 0x00, 0x00, 0x29, 0x00,
  0x18, 0x52, 0x00, 0x00, 0x29, 0x00, 0x18, 0x52, 0x00, 0x00, 0x29, 0x00,
  0x18, 0x52, 0x00, 0x00, 0x29, 0x00, 0x18, 0x52, 0x00, 0x00, 0x29, 0x00,
  0x18, 0x52, 0x00, 0x00, 0x29, 0x00, 0x18, 0x52, 0x00, 0x00, 0x29, 0x00,
  0x18, 0x52, 0x00, 0x00, 0x29, 0x00, 0x18, 0x52, 0x00, 0x00, 0x29, 0x00,
  0x18, 0x52, 0x00, 0x00, 0x29, 0x00, 0x18, 0x52, 0x00, 0x00, 0x29, 0x00,
  0x18, 0x52, 0x00, 0x00, 0x29, 0x00, 0x18, 0x52, 0x00, 0x00, 0x29, 0x00,
  0x18, 0x52, 0x00, 0x00, 0x29, 0x00, 0x18, 0x52, 0x00, 0x00, 0x29, 0x00,
  0x18, 0x52, 0x00, 0x00, 0x29, 0x00, 0x18, 0x52, 0x00, 0x00, 0x29, 0x00,
  0x18, 0x52, 0x00, 0x00, 0x29, 0x00, 0x18, 0x52, 0x00, 0x00, 0x29, 0x00,
  0x18, 0x52, 0x00, 0x00, 0x29, 0x00, 0x18, 0x52, 0x00, 0x00, 0x29, 0x00,
  0x18, 0x52, 0x00, 0x00, 0x29, 0x00, 0x18, 0x52, 0x00, 0x00, 0x29, 0x00,
  0x18, 0x52, 0x00, 0x00, 0x29, 0x00, 0x18, 0x52, 0x00, 0x00, 0x29, 0x00,
  0x18, 0x52, 0x00, 0x00, 0x29, 0x00, 0x18, 0x52, 0x00, 0x00, 0x29, 0x00,
  0x18, 0x52, 0x00, 0x00, 0x29, 0x00, 0x18, 0x52, 0x00, 0x00, 0x29, 0x00,
  0x18, 0x52, 0x00, 0x00, 0x29, 0x00, 0x18, 0x52, 0x00, 0x00, 0x29, 0x00,
  0x18, 0x52, 0x00, 0x00, 0x29, 0x00, 0x18, 0x52, 0x00, 0x00, 0x29, 0x00,
  0x18, 0x52, 0x00, 0x00, 0x29, 0x00, 0x18, 0x52, 0x00, 0x00, 0x29, 0x00,
  0x18, 0x52, 0x00, 0x00, 0x29, 0x00, 0x18, 0x52, 0x00, 0x00, 0x29, 0x00,
  0x18, 0x52, 0x00, 0x00, 0x29, 0x00, 0x18, 0x52, 0x00, 0x00, 0x29, 0x00,
  0x18, 0x52, 0x00, 0x00, 0x29, 0x00, 0x18, 0x52, 0x00, 0x00, 0x29, 0x00,
  0x18, 0x52, 0x00, 0x00, 0x29, 0x00, 0x18, 0x52, 0x00, 0x00, 0x29, 0x00,
  0x18, 0x52, 0x00, 0x00, 0x29, 0x00, 0x18, 0x52, 0x00, 0x00, 0x29, 0x00,
  0x18, 0x52, 0x00, 0x00, 0x29, 0x00, 0x18, 0x52, 0x00, 0x00, 0x29, 0x00,
  0x18, 0x52, 0x00, 0x00, 0x29, 0x00, 0x18, 0x52, 0x00, 0x00, 0x29, 0x00,
  0x18, 0x52, 0x00, 0x00, 0x29, 0x00, 0x18, 0x52, 0x00, 0x00, 0x29, 0x00,
  0x18, 0x52, 0x00, 0x00, 0x29, 0x00, 0x18, 0x52, 0x00, 0x00, 0x29, 0x00,
  0x18, 0x52, 0x00, 0x00, 0x29, 0x00, 0x18, 0x52, 0x00, 0x00, 0x29, 0x00,
  0x18, 0x52, 0x00, 0x00, 0x29, 0x00, 0x18, 0x52, 0x00, 0x00, 0x29, 0x00,
  0x18, 0x52, 0x00, 0x00, 0x29, 0x00, 0x18, 0x52, 0x00, 0x00, 0x29, 0x00,
  0x18, 0x52, 0x00, 0x00, 0x29, 0x00, 0x18, 0x52, 0x00, 0x00, 0x29, 0x00,
  0x18, 0x52, 0x00, 0x00, 0x29, 0x00, 0x18, 0x52, 0x00, 0x00, 0x29, 0x00,
  0x18, 0x52, 0x00, 0x00, 0x29, 0x00, 0x18, 0x52, 0x00, 0x00, 0x29, 0x00,
  0x18, 0x52, 0x00, 0x00, 0x29, 0x00, 0x18, 0x52, 0x00, 0x00, 0x29, 0x00,
  0x18, 0x52, 0x00, 0x00, 0x29, 0x00, 0x18, 0x52, 0x00, 0x00, 0x29, 0x00,
  0x18, 0x52, 0x00, 0x00, 0x29, 0x00, 0x18, 0x52, 0x00, 0x00, 0x29, 0x00,
  0x18, 0x52, 0x00, 0x00, 0x29, 0x00, 0x18, 0x52, 0x00, 0x00, 0x29, 0x00,
  0x18, 0x52, 0x00, 0x00, 0x29, 0x00, 0x18, 0x52, 0x00, 0x00, 0x29, 0x00,
  0x18, 0x52, 0x00, 0x00, 0x29, 0x00, 0x18, 0x52, 0x00, 0x00, 0x29, 0x00,
  0x18, 0x52, 0x00, 0x00, 0x29, 0x00, 0x18, 0x52, 0x00, 0x00, 0x29, 0x00,
  0x18, 0x52, 0x00, 0x00, 0x29, 0x00, 0x18, 0x52, 0x00, 0x00, 0x29, 0x00,
  0x18, 0x52, 0x00, 0x00, 0x29, 0x00, 0x18, 0x52, 0x00, 0x00, 0x29, 0x00,
  0x18, 0x52, 0x00, 0x00, 0x29, 0x00, 0x18, 0x52, 0x00, 0x00, 0x29, 0x00,
  0x18, 0x52, 0x00, 0x00, 0x29, 0x00, 0x18, 0x52, 0x00, 0x00, 0x29, 0x00,
  0x18, 0x52, 0x00, 0x00, 0x29, 0x00, 0x18, 0x52, 0x00, 0x00, 0x29, 0x00,
  0x18, 0x52, 0x00, 0x00, 0x29, 0x00, 0x18, 0x52, 0x00, 0x00, 0x29, 0x00,
  0x18, 0x52, 0x00, 0x00, 0x29, 0x00, 0x18, 0x52, 0x00, 0x00, 0x29, 0x00,
  0x18, 0x52, 0x00, 0x00, 0x29, 0x00, 0x18, 0x52, 0x00, 0x00, 0x29, 0x00,
  0x18, 0x52, 0x00, 0x00, 0x29, 0x00, 0x18, 0x52, 0x00, 0x00, 0x29, 0x00,
  0x18, 0x52, 0x00, 0x00, 0x29, 0x00, 0x18, 0x52, 0x00, 0x00, 0x29, 0x00,
  0x18, 0x52, 0x00, 0x00, 0x29, 0x00, 0x18, 0x52, 0x00, 0x00, 0x29, 0x00,
  0x18, 0x52, 0x00, 0x00, 0x29, 0x00, 0x18, 0x52, 0x00, 0x00, 0x29, 0x00,
  0x18, 0x52, 0x00, 0x00, 0x29, 0x00, 0x18, 0x52, 0x00, 0x00, 0x29, 0x00,
  0x18, 0x52, 0x00, 0x00, 0x29, 0x00, 0x18, 0x52, 0x00, 0x00, 0x29, 0x00,
  0x18, 0x52, 0x00, 0x00, 0x29, 0x00, 0x18, 0x52, 0x00, 0x00, 0x29, 0x00,
  0x18, 0x52, 0x00, 0x00, 0x29, 0x00, 0x18, 0x52, 0x00, 0x00, 0x29, 0x00,
  0x18, 0x52, 0x00, 0x00, 0x29, 0x00, 0x18, 0x52, 0x00, 0x00, 0x29, 0x00,
  0x18, 0x52, 0x00, 0x00, 0x29, 0x00, 0x18, 0x52, 0x00, 0x00, 0x29, 0x00,
  0x18, 0x52, 0x00, 0x00, 0x29, 0x00, 0x18, 0x52, 0x00, 0x00, 0x29, 0x00,
  0x18, 0x52, 0x00, 0x00, 0x29, 0x00, 0x18, 0x52, 0x00, 0x00, 0x29, 0x00,
  0x18, 0x52, 0x00, 0x00, 0x29, 0x00, 0x18, 0x52, 0x00, 0x00, 0x29, 0x00,
  0x18, 0x52, 0x00, 0x00, 0x29, 0x00, 0x18, 0x52, 0x00, 0x00, 0x29, 0x00,
  0x00, 0x29, 0x00, 0x18, 0x52, 0x00, 0x00, 0x29, 0x00, 0x18, 0x52, 0x00,
  0x00, 0x29, 0x00, 0x18, 0x52, 0x00, 0x00, 0x29, 0x00, 0x18, 0x52, 0x00,
  0x00, 0x29, 0x00, 0x18, 0x52, 0x00, 0x00, 0x29, 0x00, 0x18, 0x52, 0x00,
  0x00, 0x29, 0x00, 0x18, 0x52, 0x00, 0x00, 0x29, 0x00, 0x18, 0x52, 0x00,
  0x00, 0x29, 0x00, 0x18, 0x52, 0x00, 0x00, 0x29, 0x00, 0x18, 0x52, 0x00,
  0x00, 0x29, 0x00, 0x18, 0x52, 0x00, 0x00, 0x29, 0x00, 0x18, 0x52, 0x00,
  0x00, 0x29, 0x00, 0x18, 0x52, 0x00, 0x00, 0x29, 0x00, 0x18, 0x52, 0x00,
  0x00, 0x29, 0x00, 0x18, 0x52, 0x00, 0x00, 0x29, 0x00, 0x18, 0x52, 0x00,
  0x00, 0x29, 0x00, 0x18, 0x52, 0x00, 0x00, 0x29, 0x00, 0x18, 0x52, 0x00,
  0x00, 0x29, 0x00, 0x18, 0x52, 0x00, 0x00, 0x29, 0x00, 0x18, 0x52, 0x00,
  0x00, 0x29, 0x00, 0x18, 0x52, 0x00, 0x00, 0x29, 0x00, 0x18, 0x52, 0x00,
  0x00, 0x29, 0x00, 0x18, 0x52, 0x00, 0x00, 0x29, 0x00, 0x18, 0x52, 0x00,
  0x00, 0x29, 0x00, 0x18, 0x52, 0x00, 0x00, 0x29, 0x00, 0x18, 0x52, 0x00,
  0x00, 0x29, 0x00, 0x18, 0x52, 0x00, 0x00, 0x29, 0x00, 0x18, 0x52, 0x00,
  0x00, 0x29, 0x00, 0x18, 0x52, 0x00, 0x00, 0x29, 0x00, 0x18, 0x52, 0x00,
  0x00, 0x29, 0x00, 0x18, 0x52, 0x00, 0x00, 0x29, 0x00, 0x18, 0x52, 0x00,
  0x00, 0x29, 0x00, 0x18, 0x52, 0x00, 0x00, 0x29, 0x00, 0x18, 0x52, 0x00,
  0x00, 0x29, 0x00, 0x18, 0x52, 0x00, 0x00, 0x29, 0x00, 0x18, 0x52, 0x00,
  0x00, 0x29, 0x00, 0x18, 0x52, 0x00, 0x00, 0x29, 0x00, 0x18, 0x52, 0x00,
  0x00, 0x29, 0x00, 0x18, 0x52, 0x00, 0x00, 0x29, 0x00, 0x18, 0x52, 0x00,
  0x00, 0x29, 0x00, 0x18, 0x52, 0x00, 0x00, 0x29, 0x00, 0x18, 0x52, 0x00,
  0x00, 0x29, 0x00, 0x18, 0x52, 0x00, 0x00, 0x29, 0x00, 0x18, 0x52, 0x00,
  0x00, 0x29, 0x00, 0x18, 0x52, 0x00, 0x00, 0x29, 0x00, 0x18, 0x52, 0x00,
  0x00, 0x29, 0x00, 0x18, 0x52, 0x00, 0x00, 0x29, 0x00, 0x18, 0x52, 0x00,
  0x00, 0x29, 0x00, 0x18, 0x52, 0x00, 0x00, 0x29, 0x00, 0x18, 0x52, 0x00,
  0x00, 0x29, 0x00, 0x18, 0x52, 0x00, 0x00, 0x29, 0x00, 0x18, 0x52, 0x00,
  0x00, 0x29, 0x00, 0x18, 0x52, 0x00, 0x00, 0x29, 0x00, 0x18, 0x52, 0x00,
  0x00, 0x29, 0x00, 0x18, 0x52, 0x00, 0x00, 0x29, 0x00, 0x18, 0x52, 0x00,
  0x00, 0x29, 0x00, 0x18, 0x52, 0x00, 0x00, 0x29, 0x00, 0x18, 0x52, 0x00,
  0x00, 0x29, 0x00, 0x18, 0x52, 0x00, 0x00, 0x29, 0x00, 0x18, 0x52, 0x00,
  0x00, 0x29, 0x00, 0x18, 0x52, 0x00, 0x00, 0x29, 0x00, 0x18, 0x52, 0x00,
  0x00, 0x29, 0x00, 0x18, 0x52, 0x00, 0x00, 0x29, 0x00, 0x18, 0x52, 0x00,
  0x00, 0x29, 0x00, 0x18, 0x52, 0x00, 0x00, 0x29, 0x00, 0x18, 0x52, 0x00,
  0x00, 0x29, 0x00, 0x18, 0x52, 0x00, 0x00, 0x29, 0x00, 0x18, 0x52, 0x00,
  0x00, 0x29, 0x00, 0x18, 0x52, 0x00, 0x00, 0x29, 0x00, 0x18, 0x52, 0x00,
  0x00, 0x29, 0x00, 0x18, 0x52, 0x00, 0x00, 0x29, 0x00, 0x18, 0x52, 0x00,
  0x00, 0x29, 0x00, 0x18, 0x52, 0x00, 0x00, 0x29, 0x00, 0x18, 0x52, 0x00,
  0x00, 0x29, 0x00, 0x18, 0x52, 0x00, 0x00, 0x29, 0x00, 0x18, 0x52, 0x00,
  0x00, 0x29, 0x00, 0x18, 0x52, 0x00, 0x00, 0x29, 0x00, 0x18, 0x52, 0x00,
  0x00, 0x29, 0x00, 0x18, 0x52, 0x00, 0x00, 0x29, 0x00, 0x18, 0x52, 0x00,
  0x00, 0x29, 0x00, 0x18, 0x52, 0x00, 0x00, 0x29, 0x00, 0x18, 0x52, 0x00,
  0x00, 0x29, 0x00, 0x18, 0x52, 0x00, 0x00, 0x29, 0x00, 0x18, 0x52, 0x00,
  0x00, 0x29, 0x00, 0x18, 0x52, 0x00, 0x00, 0x29, 0x00, 0x18, 0x52, 0x00,
  0x00, 0x29, 0x00, 0x18, 0x52, 0x00, 0x00, 0x29, 0x00, 0x18, 0x52, 0x00,
  0x00, 0x29, 0x00, 0x18, 0x52, 0x00, 0x00, 0x29, 0x00, 0x18, 0x52, 0x00,
  0x00, 0x29, 0x00, 0x18, 0x52, 0x00, 0x00, 0x29, 0x00, 0x18, 0x52, 0x00,
  0x00, 0x29, 0x00, 0x18, 0x52, 0x00, 0x00, 0x29, 0x00, 0x18, 0x52, 0x00,
  0x00, 0x29, 0x00, 0x18, 0x52, 0x00, 0x00, 0x29, 0x00, 0x18, 0x52, 0x00,
  0x00, 0x29, 0x00, 0x18, 0x52, 0x00, 0x00, 0x29, 0x00, 0x18, 0x52, 0x00,
  0x00, 0x29, 0x00, 0x18, 0x52, 0x00, 0x00, 0x29, 0x00, 0x18, 0x52, 0x00,
  0x00, 0x29, 0x00, 0x18, 0x52, 0x00, 0x00, 0x29, 0x00, 0x18, 0x52, 0x00,
  0x00, 0x29, 0x00, 0x18, 0x52, 0x00, 0x00, 0x29, 0x00, 0x18, 0x52, 0x00,
  0x00, 0x29, 0x00, 0x18, 0x52, 0x00, 0x00, 0x29, 0x00, 0x18, 0x52, 0x00,
  0x00, 0x29, 0x00, 0x18, 0x52, 0x00, 0x00, 0x29, 0x00, 0x18, 0x52, 0x00,
  0x00, 0x29, 0x00, 0x18, 0x52, 0x00, 0x00, 0x29, 0x00, 0x18, 0x52, 0x00,
  0x00, 0x29, 0x00, 0x18, 0x52, 0x00, 0x00, 0x29, 0x00, 0x18, 0x52, 0x00,
  0x00, 0x29, 0x00, 0x18, 0x52, 0x00, 0x00, 0x29, 0x00, 0x18, 0x52, 0x00,
  0x00, 0x29, 0x00, 0x18, 0x52, 0x00, 0x00, 0x29, 0x00, 0x18, 0x52, 0x00,
  0x00, 0x29, 0x00, 0x18, 0x52, 0x00, 0x00, 0x29, 0x00, 0x18, 0x52, 0x00,
  0x00, 0x29, 0x00, 0x18, 0x52, 0x00, 0x00, 0x29, 0x00, 0x18, 0x52, 0x00,
  0x00, 0x29, 0x00, 0x18, 0x52, 0x00, 0x00, 0x29, 0x00, 0x18, 0x52, 0x00,
  0x00, 0x29, 0x00, 0x18, 0x52, 0x00, 0x00, 0x29, 0x00, 0x18, 0x52, 0x00,
  0x00, 0x29, 0x00, 0x18, 0x52, 0x00, 0x00, 0x29, 0x00, 0x18, 0x52, 0x00,
  0x00, 0x29, 0x00, 0x18, 0x52, 0x00, 0x00, 0x29, 0x00, 0x18, 0x52, 0x00,
  0x18, 0x52, 0x00, 0x00, 0x29, 0x00, 0x18, 0x52, 0x00, 0x00, 0x29, 0x00,
  0x18, 0x52, 0x00, 0x00, 0x29, 0x00, 0x18, 0x52, 0x00, 0x00, 0x29, 0x00,
  0x18, 0x52, 0x00, 0x00, 0x29, 0x00, 0x18, 0x52, 0x00, 0x00, 0x29, 0x00,
  0x18, 0x52, 0x00, 0x00, 0x29, 0x00, 0x18, 0x52, 0x00, 0x00, 0x29, 0x00,
  0x18, 0x52, 0x00, 0x00, 0x29, 0x00, 0x18, 0x52, 0x00, 0x00, 0x29, 0x00,
  0x18, 0x52, 0x00, 0x00, 0x29, 0x00, 0x18, 0x52, 0x00, 0x00, 0x29, 0x00,
  0x18, 0x52, 0x00, 0x00, 0x29, 0x00, 0x18, 0x52, 0x00, 0x00, 0x29, 0x00,
  0x18, 0x52, 0x00, 0x00, 0x29, 0x00, 0x18, 0x52, 0x00, 0x00, 0x29, 0x00,
  0x18, 0x52, 0x00, 0x00, 0x29, 0x00, 0x18, 0x52, 0x00, 0x00, 0x29, 0x00,
  0x18, 0x52, 0x00, 0x00, 0x29, 0x00, 0x18, 0x52, 0x00, 0x00, 0x29, 0x00,
  0x18, 0x52, 0x00, 0x00, 0x29, 0x00, 0x18, 0x52, 0x00, 0x00, 0x29, 0x00,
  0x18, 0x52, 0x00, 0x00, 0x29, 0x00, 0x18, 0x52, 0x00, 0x00, 0x29, 0x00,
  0x18, 0x52, 0x00, 0x00, 0x29, 0x00, 0x18, 0x52, 0x00, 0x00, 0x29, 0x00,
  0x18, 0x52, 0x00, 0x00, 0x29, 0x00, 0x18, 0x52, 0x00, 0x00, 0x29, 0x00,
  0x18, 0x52, 0x00, 0x00, 0x29, 0x00, 0x18, 0x52, 0x00, 0x00, 0x29, 0x00,
  0x18, 0x52, 0x00, 0x00, 0x29, 0x00, 0x18, 0x52, 0x00, 0x00, 0x29, 0x00,
  0x18, 0x52, 0x00, 0x00, 0x29, 0x00, 0x18, 0x52, 0x00, 0x00, 0x29, 0x00,
  0x18, 0x52, 0x00, 0x00, 0x29, 0x00, 0x18, 0x52, 0x00, 0x00, 0x29, 0x00,
  0x18, 0x52, 0x00, 0x00, 0x29, 0x00, 0x18, 0x52, 0x00, 0x00, 0x29, 0x00,
  0x18, 0x52, 0x00, 0x00, 0x29, 0x00, 0x18, 0x52, 0x00, 0x00, 0x29, 0x00,
  0x18, 0x52, 0x00, 0x00, 0x29, 0x00, 0x18, 0x52, 0x00, 0x00, 0x29, 0x00,
  0x18, 0x52, 0x00, 0x00, 0x29, 0x00, 0x18, 0x52, 0x00, 0x00, 0x29, 0x00,
  0x18, 0x52, 0x00, 0x00, 0x29, 0x00, 0x18, 0x52, 0x00, 0x00, 0x29, 0x00,
  0x18, 0x52, 0x00, 0x00, 0x29, 0x00, 0x18, 0x52, 0x00, 0x00, 0x29, 0x00,
  0x18, 0x52, 0x00, 0x00, 0x29, 0x00, 0x18, 0x52, 0x00, 0x00, 0x29, 0x00,
  0x18, 0x52, 0x00, 0x00, 0x29, 0x00, 0x18, 0x52, 0x00, 0x00, 0x29, 0x00,
  0x18, 0x52, 0x00, 0x00, 0x29, 0x00, 0x18, 0x52, 0x00, 0x00, 0x29, 0x00,
  0x18, 0x52, 0x00, 0x00, 0x29, 0x00, 0x18, 0x52, 0x00, 0x00, 0x29, 0x00,
  0x18, 0x52, 0x00, 0x00, 0x29, 0x00, 0x18, 0x52, 0x00, 0x00, 0x29, 0x00,
  0x18, 0x52, 0x00, 0x00, 0x29, 0x00, 0x18, 0x52, 0x00, 0x00, 0x29, 0x00,
  0x18, 0x52, 0x00, 0x00, 0x29, 0x00, 0x18, 0x52, 0x00, 0x00, 0x29, 0x00,
  0x18, 0x52, 0x00, 0x00, 0x29, 0x00, 0x18, 0x52, 0x00, 0x00, 0x29, 0x00,
  0x18, 0x52, 0x00, 0x00, 0x29, 0x00, 0x18, 0x52, 0x00, 0x00, 0x29, 0x00,
  0x18, 0x52, 0x00, 0x00, 0x29, 0x00, 0x18, 0x52, 0x00, 0x00, 0x29, 0x00,
  0x18, 0x52, 0x00, 0x00, 0x29, 0x00, 0x18, 0x52, 0x00, 0x00, 0x29, 0x00,
  0x18, 0x52, 0x00, 0x00, 0x29, 0x00, 0x18, 0x52, 0x00, 0x00, 0x29, 0x00,
  0x18, 0x52, 0x00, 0x00, 0x29, 0x00, 0x18, 0x52, 0x00, 0x00, 0x29, 0x00,
  0x18, 0x52, 0x00, 0x00, 0x29, 0x00, 0x18, 0x52, 0x00, 0x00, 0x29, 0x00,
  0x18, 0x52, 0x00, 0x00, 0x29, 0x00, 0x18, 0x52, 0x00, 0x00, 0x29, 0x00,
  0x18, 0x52, 0x00, 0x00, 0x29, 0x00, 0x18, 0x52, 0x00, 0x00, 0x29, 0x00,
  0x18, 0x52, 0x00, 0x00, 0x29, 0x00, 0x18, 0x52, 0x00, 0x00, 0x29, 0x00,
  0x18, 0x52, 0x00, 0x00, 0x29, 0x00, 0x18, 0x52, 0x00, 0x00, 0x29, 0x00,
  0x18, 0x52, 0x00, 0x00, 0x29, 0x00, 0x18, 0x52, 0x00, 0x00, 0x29, 0x00,
  0x18, 0x52, 0x00, 0x00, 0x29, 0x00, 0x18, 0x52, 0x00, 0x00, 0x29, 0x00,
  0x18, 0x52, 0x00, 0x00, 0x29, 0x00, 0x18, 0x52, 0x00, 0x00, 0x29, 0x00,
  0x18, 0x52, 0x00, 0x00, 0x29, 0x00, 0x18, 0x52, 0x00, 0x00, 0x29, 0x00,
  0x18, 0x52, 0x00, 0x00, 0x29, 0x00, 0x18, 0x52, 0x00, 0x00, 0x29, 0x00,
  0x18, 0x52, 0x00, 0x00, 0x29, 0x00, 0x18, 0x52, 0x00, 0x00, 0x29, 0x00,
  0x18, 0x52, 0x00, 0x00, 0x29, 0x00, 0x18, 0x52, 0x00, 0x00, 0x29, 0x00,
  0x18, 0x52, 0x00, 0x00, 0x29, 0x00, 0x18, 0x52, 0x00, 0x00, 0x29, 0x00,
  0x18, 0x52, 0x00, 0x00, 0x29, 0x00, 0x18, 0x52, 0x00, 0x00, 0x29, 0x00,
  0x18, 0x52, 0x00, 0x00, 0x29, 0x00, 0x18, 0x52, 0x00, 0x00, 0x29, 0x00,
  0x18, 0x52, 0x00, 0x00, 0x29, 0x00, 0x18, 0x52, 0x00, 0x00, 0x29, 0x00,
  0x18, 0x52, 0x00, 0x00, 0x29, 0x00, 0x18, 0x52, 0x00, 0x00, 0x29, 0x00,
  0x18, 0x52, 0x00, 0x00, 0x29, 0x00, 0x18, 0x52, 0x00, 0x00, 0x29, 0x00,
  0x18, 0x52, 0x00, 0x00, 0x29, 0x00, 0x18, 0x52, 0x00, 0x00, 0x29, 0x00,
  0x18, 0x52, 0x00, 0x00, 0x29, 0x00, 0x18, 0x52, 0x00, 0x00, 0x29, 0x00,
  0x18, 0x52, 0x00, 0x00, 0x29, 0x00, 0x18, 0x52, 0x00, 0x00, 0x29, 0x00,
  0x18, 0x52, 0x00, 0x00, 0x29, 0x00, 0x18, 0x52, 0x00, 0x00, 0x29, 0x00,
  0x18, 0x52, 0x00, 0x00, 0x29, 0x00, 0x18, 0x52, 0x00, 0x00, 0x29, 0x00,
  0x18, 0x52, 0x00, 0x00, 0x29, 0x00, 0x18, 0x52, 0x00, 0x00, 0x29, 0x00,
  0x18, 0x52, 0x00, 0x00, 0x29, 0x00, 0x18, 0x52, 0x00, 0x00, 0x29, 0x00,
  0x18, 0x52, 0x00, 0x00, 0x29, 0x00, 0x18, 0x52, 0x00, 0x00, 0x29, 0x00,
  0x18, 0x52, 0x00, 0x00, 0x29, 0x00, 0x18, 0x52, 0x00, 0x00, 0x29, 0x00,
  0x00, 0x29, 0x00, 0x18, 0x52, 0x00, 0x00, 0x29, 0x00, 0x18, 0x52, 0x00,
  0x00, 0x29, 0x00, 0x18, 0x52, 0x00, 0x00, 0x29, 0x00, 0x18, 0x52, 0x00,
  0x00, 0x29, 0x00, 0x18, 0x52, 0x00, 0x00, 0x29, 0x00, 0x18, 0x52, 0x00,
  0x00, 0x29, 0x00, 0x18, 0x52, 0x00, 0x00, 0x29, 0x00, 0x18, 0x52, 0x00,
  0x00, 0x29, 0x00, 0x18, 0x52, 0x00, 0x00, 0x29, 0x00, 0x18, 0x52, 0x00,
  0x00, 0x29, 0x00, 0x18, 0x52, 0x00, 0x00, 0x29, 0x00, 0x18, 0x52, 0x00,
  0x00, 0x29, 0x00, 0x18, 0x52, 0x00, 0x00, 0x29, 0x00, 0x18, 0x52, 0x00,
  0x00, 0x29, 0x00, 0x18, 0x52, 0x00, 0x00, 0x29, 0x00, 0x18, 0x52, 0x00,
  0x00, 0x29, 0x00, 0x18, 0x52, 0x00, 0x00, 0x29, 0x00, 0x18, 0x52, 0x00,
  0x00, 0x29, 0x00, 0x18, 0x52, 0x00, 0x00, 0x29, 0x00, 0x18, 0x52, 0x00,
  0x00, 0x29, 0x00, 0x18, 0x52, 0x00, 0x00, 0x29, 0x00, 0x18, 0x52, 0x00,
  0x00, 0x29, 0x00, 0x18, 0x52, 0x00, 0x00, 0x29, 0x00, 0x18, 0x52, 0x00,
  0x00, 0x29, 0x00, 0x18, 0x52, 0x00, 0x00, 0x29, 0x00, 0x18, 0x52, 0x00,
  0x00, 0x29, 0x00, 0x18, 0x52, 0x00, 0x00, 0x29, 0x00, 0x18, 0x52, 0x00,
  0x00, 0x29, 0x00, 0x18, 0x52, 0x00, 0x00, 0x29, 0x00, 0x18, 0x52, 0x00,
  0x00, 0x29, 0x00, 0x18, 0x52, 0x00, 0x00, 0x29, 0x00, 0x18, 0x52, 0x00,
  0x00, 0x29, 0x00, 0x18, 0x52, 0x00, 0x00, 0x29, 0x00, 0x18, 0x52, 0x00,
  0x00, 0x29, 0x00, 0x18, 0x52, 0x00, 0x00, 0x29, 0x00, 0x18, 0x52, 0x00,
  0x00, 0x29, 0x00, 0x18, 0x52, 0x00, 0x00, 0x29, 0x00, 0x18, 0x52, 0x00,
  0x00, 0x29, 0x00, 0x18, 0x52, 0x00, 0x00, 0x29, 0x00, 0x18, 0x52, 0x00,
  0x00, 0x29, 0x00, 0x18, 0x52, 0x00, 0x00, 0x29, 0x00, 0x18, 0x52, 0x00,
  0x00, 0x29, 0x00, 0x18, 0x52, 0x00, 0x00, 0x29, 0x00, 0x18, 0x52, 0x00,
  0x00, 0x29, 0x00, 0x18, 0x52, 0x00, 0x00, 0x29, 0x00, 0x18, 0x52, 0x00,
  0x00, 0x29, 0x00, 0x18, 0x52, 0x00, 0x00, 0x29, 0x00, 0x18, 0x52, 0x00,
  0x00, 0x29, 0x00, 0x18, 0x52, 0x00, 0x00, 0x29, 0x00, 0x18, 0x52, 0x00,
  0x00, 0x29, 0x00, 0x18, 0x52, 0x00, 0x00, 0x29, 0x00, 0x18, 0x52, 0x00,
  0x00, 0x29, 0x00, 0x18, 0x52, 0x00, 0x00, 0x29, 0x00, 0x18, 0x52, 0x00,
  0x00, 0x29, 0x00, 0x18, 0x52, 0x00, 0x00, 0x29, 0x00, 0x18, 0x52, 0x00,
  0x00, 0x29, 0x00, 0x18, 0x52, 0x00, 0x00, 0x29, 0x00, 0x18, 0x52, 0x00,
  0x00, 0x29, 0x00, 0x18, 0x52, 0x00, 0x00, 0x29, 0x00, 0x18, 0x52, 0x00,
  0x00, 0x29, 0x00, 0x18, 0x52, 0x00, 0x00, 0x29, 0x00, 0x18, 0x52, 0x00,
  0x00, 0x29, 0x00, 0x18, 0x52, 0x00, 0x00, 0x29, 0x00, 0x18, 0x52, 0x00,
  0x00, 0x29, 0x00, 0x18, 0x52, 0x00, 0x00, 0x29, 0x00, 0x18, 0x52, 0x00,
  0x00, 0x29, 0x00, 0x18, 0x52, 0x00, 0x00, 0x29, 0x00, 0x18, 0x52, 0x00,
  0x00, 0x29, 0x00, 0x18, 0x52, 0x00, 0x00, 0x29, 0x00, 0x18, 0x52, 0x00,
  0x00, 0x29, 0x00, 0x18, 0x52, 0x00, 0x00, 0x29, 0x00, 0x18, 0x52, 0x00,
  0x00, 0x29, 0x00, 0x18, 0x52, 0x00, 0x00, 0x29, 0x00, 0x18, 0x52, 0x00,
  0x00, 0x29, 0x00, 0x18, 0x52, 0x00, 0x00, 0x29, 0x00, 0x18, 0x52, 0x00,
  0x00, 0x29, 0x00, 0x18, 0x52, 0x00, 0x00, 0x29, 0x00, 0x18, 0x52, 0x00,
  0x00, 0x29, 0x00, 0x18, 0x52, 0x00, 0x00, 0x29, 0x00, 0x18, 0x52, 0x00,
  0x00, 0x29, 0x00, 0x18, 0x52, 0x00, 0x00, 0x29, 0x00, 0x18, 0x52, 0x00,
  0x00, 0x29, 0x00, 0x18, 0x52, 0x00, 0x00, 0x29, 0x00, 0x18, 0x52, 0x00,
  0x00, 0x29, 0x00, 0x18, 0x52, 0x00, 0x00, 0x29, 0x00, 0x18, 0x52, 0x00,
  0x00, 0x29, 0x00, 0x18, 0x52, 0x00, 0x00, 0x29, 0x00, 0x18, 0x52, 0x00,
  0x00, 0x29, 0x00, 0x18, 0x52, 0x00, 0x00, 0x29, 0x00, 0x18, 0x52, 0x00,
  0x00, 0x29, 0x00, 0x18, 0x52, 0x00, 0x00, 0x29, 0x00, 0x18, 0x52, 0x00,
  0x00, 0x29, 0x00, 0x18, 0x52, 0x00, 0x00, 0x29, 0x00, 0x18, 0x52, 0x00,
  0x00, 0x29, 0x00, 0x18, 0x52, 0x00, 0x00, 0x29, 0x00, 0x18, 0x52, 0x00,
  0x00, 0x29, 0x00, 0x18, 0x52, 0x00, 0x00, 0x29, 0x00, 0x18, 0x52, 0x00,
  0x00, 0x29, 0x00, 0x18, 0x52, 0x00, 0x00, 0x29, 0x00, 0x18, 0x52, 0x00,
  0x00, 0x29, 0x00, 0x18, 0x52, 0x00, 0x00, 0x29, 0x00, 0x18, 0x52, 0x00,
  0x00, 0x29, 0x00, 0x18, 0x52, 0x00, 0x00, 0x29, 0x00, 0x18, 0x52, 0x00,
  0x00, 0x29, 0x00, 0x18, 0x52, 0x00, 0x00, 0x29, 0x00, 0x18, 0x52, 0x00,
  0x00, 0x29, 0x00, 0x18, 0x52, 0x00, 0x00, 0x29, 0x00, 0x18, 0x52, 0x00,
  0x00, 0x29, 0x00, 0x18, 0x52, 0x00, 0x00, 0x29, 0x00, 0x18, 0x52, 0x00,
  0x00, 0x29, 0x00, 0x18, 0x52, 0x00, 0x00, 0x29, 0x00, 0x18, 0x52, 0x00,
  0x00, 0x29, 0x00, 0x18, 0x52, 0x00, 0x00, 0x29, 0x00, 0x18, 0x52, 0x00,
  0x00, 0x29, 0x00, 0x18, 0x52, 0x00, 0x00, 0x29, 0x00, 0x18, 0x52, 0x00,
  0x00, 0x29, 0x00, 0x18, 0x52, 0x00, 0x00, 0x29, 0x00, 0x18, 0x52, 0x00,
  0x00, 0x29, 0x00, 0x18, 0x52, 0x00, 0x00, 0x29, 0x00, 0x18, 0x52, 0x00,
  0x00, 0x29, 0x00, 0x18, 0x52, 0x00, 0x00, 0x29, 0x00, 0x18, 0x52, 0x00,
  0x00, 0x29, 0x00, 0x18, 0x52, 0x00, 0x00, 0x29, 0x00, 0x18, 0x52, 0x00,
  0x00, 0x29, 0x00, 0x18, 0x52, 0x00, 0x00, 0x29, 0x00, 0x18, 0x52, 0x00,
  0x00, 0x29, 0x00, 0x18, 0x52, 0x00, 0x00, 0x29, 0x00, 0x18, 0x52, 0x00,
  0x18, 0x52, 0x00, 0x00, 0x29, 0x00, 0x18, 0x52, 0x00, 0x00, 0x29, 0x00,
  0x18, 0x52, 0x00, 0x00, 0x29, 0x00, 0x18, 0x52, 0x00, 0x00, 0x29, 0x00,
  0x18, 0x52, 0x00, 0x00, 0x29, 0x00, 0x18, 0x52, 0x00, 0x00, 0x29, 0x00,
  0x18, 0x52, 0x00, 0x00, 0x29, 0x00, 0x18, 0x52, 0x00, 0x00, 0x29, 0x00,
  0x18, 0x52, 0x00, 0x00, 0x29, 0x00, 0x18, 0x52, 0x00, 0x00, 0x29, 0x00,
  0x18, 0x52, 0x00, 0x00, 0x29, 0x00, 0x18, 0x52, 0x00, 0x00, 0x29, 0x00,
  0x18, 0x52, 0x00, 0x00, 0x29, 0x00, 0x18, 0x52, 0x00, 0x00, 0x29, 0x00,
  0x18, 0x52, 0x00, 0x00, 0x29, 0x00, 0x18, 0x52, 0x00, 0x00, 0x29, 0x00,
  0x18, 0x52, 0x00, 0x00, 0x29, 0x00, 0x18, 0x52, 0x00, 0x00, 0x29, 0x00,
  0x18, 0x52, 0x00, 0x00, 0x29, 0x00, 0x18, 0x52, 0x00, 0x00, 0x29, 0x00,
  0x18, 0x52, 0x00, 0x00, 0x29, 0x00, 0x18, 0x52, 0x00, 0x00, 0x29, 0x00,
  0x18, 0x52, 0x00, 0x00, 0x29, 0x00, 0x18, 0x52, 0x00, 0x00, 0x29, 0x00,
  0x18, 0x52, 0x00, 0x00, 0x29, 0x00, 0x18, 0x52, 0x00, 0x00, 0x29, 0x00,
  0x18, 0x52, 0x00, 0x00, 0x29, 0x00, 0x18, 0x52, 0x00, 0x00, 0x29, 0x00,
  0x18, 0x52, 0x00, 0x00, 0x29, 0x00, 0x18, 0x52, 0x00, 0x00, 0x29, 0x00,
  0x18, 0x52, 0x00, 0x00, 0x29, 0x00, 0x18, 0x52, 0x00, 0x00, 0x29, 0x00,
  0x18, 0x52, 0x00, 0x00, 0x29, 0x00, 0x18, 0x52, 0x00, 0x00, 0x29, 0x00,
  0x18, 0x52, 0x00, 0x00, 0x29, 0x00, 0x18, 0x52, 0x00, 0x00, 0x29, 0x00,
  0x18, 0x52, 0x00, 0x00, 0x29, 0x00, 0x18, 0x52, 0x00, 0x00, 0x29, 0x00,
  0x18, 0x52, 0x00, 0x00, 0x29, 0x00, 0x18, 0x52, 0x00, 0x00, 0x29, 0x00,
  0x18, 0x52, 0x00, 0x00, 0x29, 0x00, 0x18, 0x52, 0x00, 0x00, 0x29, 0x00,
  0x18, 0x52, 0x00, 0x00, 0x29, 0x00, 0x18, 0x52, 0x00, 0x00, 0x29, 0x00,
  0x18, 0x52, 0x00, 0x00, 0x29, 0x00, 0x18, 0x52, 0x00, 0x00, 0x29, 0x00,
  0x18, 0x52, 0x00, 0x00, 0x29, 0x00, 0x18, 0x52, 0x00, 0x00, 0x29, 0x00,
  0x18, 0x52, 0x00, 0x00, 0x29, 0x00, 0x18, 0x52, 0x00, 0x00, 0x29, 0x00,
  0x18, 0x52, 0x00, 0x00, 0x29, 0x00, 0x18, 0x52, 0x00, 0x00, 0x29, 0x00,
  0x18, 0x52, 0x00, 0x00, 0x29, 0x00, 0x18, 0x52, 0x00, 0x00, 0x29, 0x00,
  0x18, 0x52, 0x00, 0x00, 0x29, 0x00, 0x18, 0x52, 0x00, 0x00, 0x29, 0x00,
  0x18, 0x52, 0x00, 0x00, 0x29, 0x00, 0x18, 0x52, 0x00, 0x00, 0x29, 0x00,
  0x18, 0x52, 0x00, 0x00, 0x29, 0x00, 0x18, 0x52, 0x00, 0x00, 0x29, 0x00,
  0x18, 0x52, 0x00, 0x00, 0x29, 0x00, 0x18, 0x52, 0x00, 0x00, 0x29, 0x00,
  0x18, 0x52, 0x00, 0x00, 0x29, 0x00, 0x18, 0x52, 0x00, 0x00, 0x29, 0x00,
  0x18, 0x52, 0x00, 0x00, 0x29, 0x00, 0x18, 0x52, 0x00, 0x00, 0x29, 0x00,
  0x18, 0x52, 0x00, 0x00, 0x29, 0x00, 0x18, 0x52, 0x00, 0x00, 0x29, 0x00,
  0x18, 0x52, 0x00, 0x00, 0x29, 0x00, 0x18, 0x52, 0x00, 0x00, 0x29, 0x00,
  0x18, 0x52, 0x00, 0x00, 0x29, 0x00, 0x18, 0x52, 0x00, 0x00, 0x29, 0x00,
  0x18, 0x52, 0x00, 0x00, 0x29, 0x00, 0x18, 0x52, 0x00, 0x00, 0x29, 0x00,
  0x18, 0x52, 0x00, 0x00, 0x29, 0x00, 0x18, 0x52, 0x00, 0x00, 0x29, 0x00,
  0x18, 0x52, 0x00, 0x00, 0x29, 0x00, 0x18, 0x52, 0x00, 0x00, 0x29, 0x00,
  0x18, 0x52, 0x00, 0x00, 0x29, 0x00, 0x18, 0x52, 0x00, 0x00, 0x29, 0x00,
  0x18, 0x52, 0x00, 0x00, 0x29, 0x00, 0x18, 0x52, 0x00, 0x00, 0x29, 0x00,
  0x18, 0x52, 0x00, 0x00, 0x29, 0x00, 0x18, 0x52, 0x00, 0x00, 0x29, 0x00,
  0x18, 0x52, 0x00, 0x00, 0x29, 0x00, 0x18, 0x52, 0x00, 0x00, 0x29, 0x00,
  0x18, 0x52, 0x00, 0x00, 0x29, 0x00, 0x18, 0x52, 0x00, 0x00, 0x29, 0x00,
  0x18, 0x52, 0x00, 0x00, 0x29, 0x00, 0x18, 0x52, 0x00, 0x00, 0x29, 0x00,
  0x18, 0x52, 0x00, 0x00, 0x29, 0x00, 0x18, 0x52, 0x00, 0x00, 0x29, 0x00,
  0x18, 0x52, 0x00, 0x00, 0x29, 0x00, 0x18, 0x52, 0x00, 0x00, 0x29, 0x00,
  0x18, 0x52, 0x00, 0x00, 0x29, 0x00, 0x18, 0x52, 0x00, 0x00, 0x29, 0x00,
  0x18, 0x52, 0x00, 0x00, 0x29, 0x00, 0x18, 0x52, 0x00, 0x00, 0x29, 0x00,
  0x18, 0x52, 0x00, 0x00, 0x29, 0x00, 0x18, 0x52, 0x00, 0x00, 0x29, 0x00,
  0x18, 0x52, 0x00, 0x00, 0x29, 0x00, 0x18, 0x52, 0x00, 0x00, 0x29, 0x00,
  0x18, 0x52, 0x00, 0x00, 0x29, 0x00, 0x18, 0x52, 0x00, 0x00, 0x29, 0x00,
  0x18, 0x52, 0x00, 0x00, 0x29, 0x00, 0x18, 0x52, 0x00, 0x00, 0x29, 0x00,
  0x18, 0x52, 0x00, 0x00, 0x29, 0x00, 0x18, 0x52, 0x00, 0x00, 0x29, 0x00,
  0x18, 0x52, 0x00, 0x00, 0x29, 0x00, 0x18, 0x52, 0x00, 0x00, 0x29, 0x00,
  0x18, 0x52, 0x00, 0x00, 0x29, 0x00, 0x18, 0x52, 0x00, 0x00, 0x29, 0x00,
  0x18, 0x52, 0x00, 0x00, 0x29, 0x00, 0x18, 0x52, 0x00, 0x00, 0x29, 0x00,
  0x18, 0x52, 0x00, 0x00, 0x29, 0x00, 0x18, 0x52, 0x00, 0x00, 0x29, 0x00,
  0x18, 0x52, 0x00, 0x00, 0x29, 0x00, 0x18, 0x52, 0x00, 0x00, 0x29, 0x00,
  0x18, 0x52, 0x00, 0x00, 0x29, 0x00, 0x18, 0x52, 0x00, 0x00, 0x29, 0x00,
  0x18, 0x52, 0x00, 0x00, 0x29, 0x00, 0x18, 0x52, 0x00, 0x00, 0x29, 0x00,
  0x18, 0x52, 0x00, 0x00, 0x29, 0x00, 0x18, 0x52, 0x00, 0x00, 0x29, 0x00,
  0x18, 0x52, 0x00, 0x00, 0x29, 0x00, 0x18, 0x52, 0x00, 0x00, 0x29, 0x00,
  0x18, 0x52, 0x00, 0x00, 0x29, 0x00, 0x18, 0x52, 0x00, 0x00, 0x29, 0x00,
  0x00, 0x29, 0x00, 0x18, 0x52, 0x00, 0x00, 0x29, 0x00, 0x18, 0x52, 0x00,
  0x00, 0x29, 0x00, 0x18, 0x52, 0x00, 0x00, 0x29, 0x00, 0x18, 0x52, 0x00,
  0x00, 0x29, 0x00, 0x18, 0x52, 0x00, 0x00, 0x29, 0x00, 0x18, 0x52, 0x00,
  0x00, 0x29, 0x00, 0x18, 0x52, 0x00, 0x00, 0x29, 0x00, 0x18, 0x52, 0x00,
  0x00, 0x29, 0x00, 0x18, 0x52, 0x00, 0x00, 0x29, 0x00, 0x18, 0x52, 0x00,
  0x00, 0x29, 0x00, 0x18, 0x52, 0x00, 0x00, 0x29, 0x00, 0x18, 0x52, 0x00,
  0x00, 0x29, 0x00, 0x18, 0x52, 0x00, 0x00, 0x29, 0x00, 0x18, 0x52, 0x00,
  0x00, 0x29, 0x00, 0x18, 0x52, 0x00, 0x00, 0x29, 0x00, 0x18, 0x52, 0x00,
  0x00, 0x29, 0x00, 0x18, 0x52, 0x00, 0x00, 0x29, 0x00, 0x18, 0x52, 0x00,
  0x00, 0x29, 0x00, 0x18, 0x52, 0x00, 0x00, 0x29, 0x00, 0x18, 0x52, 0x00,
  0x00, 0x29, 0x00, 0x18, 0x52, 0x00, 0x00, 0x29, 0x00, 0x18, 0x52, 0x00,
  0x00, 0x29, 0x00, 0x18, 0x52, 0x00, 0x00, 0x29, 0x00, 0x18, 0x52, 0x00,
  0x00, 0x29, 0x00, 0x18, 0x52, 0x00, 0x00, 0x29, 0x00, 0x18, 0x52, 0x00,
  0x00, 0x29, 0x00, 0x18, 0x52, 0x00, 0x00, 0x29, 0x00, 0x18, 0x52, 0x00,
  0x00, 0x29, 0x00, 0x18, 0x52, 0x00, 0x00, 0x29, 0x00, 0x18, 0x52, 0x00,
  0x00, 0x29, 0x00, 0x18, 0x52, 0x00, 0x00, 0x29, 0x00, 0x18, 0x52, 0x00,
  0x00, 0x29, 0x00, 0x18, 0x52, 0x00, 0x00, 0x29, 0x00, 0x18, 0x52, 0x00,
  0x00, 0x29, 0x00, 0x18, 0x52, 0x00, 0x00, 0x29, 0x00, 0x18, 0x52, 0x00,
  0x00, 0x29, 0x00, 0x18, 0x52, 0x00, 0x00, 0x29, 0x00, 0x18, 0x52, 0x00,
  0x00, 0x29, 0x00, 0x18, 0x52, 0x00, 0x00, 0x29, 0x00, 0x18, 0x52, 0x00,
  0x00, 0x29, 0x00, 0x18, 0x52, 0x00, 0x00, 0x29, 0x00, 0x18, 0x52, 0x00,
  0x00, 0x29, 0x00, 0x18, 0x52, 0x00, 0x00, 0x29, 0x00, 0x18, 0x52, 0x00,
  0x00, 0x29, 0x00, 0x18, 0x52, 0x00, 0x00, 0x29, 0x00, 0x18, 0x52, 0x00,
  0x00, 0x29, 0x00, 0x18, 0x52, 0x00, 0x00, 0x29, 0x00, 0x18, 0x52, 0x00,
  0x00, 0x29, 0x00, 0x18, 0x52, 0x00, 0x00, 0x29, 0x00, 0x18, 0x52, 0x00,
  0x00, 0x29, 0x00, 0x18, 0x52, 0x00, 0x00, 0x29, 0x00, 0x18, 0x52, 0x00,
  0x00, 0x29, 0x00, 0x18, 0x52, 0x00, 0x00, 0x29, 0x00, 0x18, 0x52, 0x00,
  0x00, 0x29, 0x00, 0x18, 0x52, 0x00, 0x00, 0x29, 0x00, 0x18, 0x52, 0x00,
  0x00, 0x29, 0x00, 0x18, 0x52, 0x00, 0x00, 0x29, 0x00, 0x18, 0x52, 0x00,
  0x00, 0x29, 0x00, 0x18, 0x52, 0x00, 0x00, 0x29, 0x00, 0x18, 0x52, 0x00,
  0x00, 0x29, 0x00, 0x18, 0x52, 0x00, 0x00, 0x29, 0x00, 0x18, 0x52, 0x00,
  0x00, 0x29, 0x00, 0x18, 0x52, 0x00, 0x00, 0x29, 0x00, 0x18, 0x52, 0x00,
  0x00, 0x29, 0x00, 0x18, 0x52, 0x00, 0x00, 0x29, 0x00, 0x18, 0x52, 0x00,
  0x00, 0x29, 0x00, 0x18, 0x52, 0x00, 0x00, 0x29, 0x00, 0x18, 0x52, 0x00,
  0x00, 0x29, 0x00, 0x18, 0x52, 0x00, 0x00, 0x29, 0x00, 0x18, 0x52, 0x00,
  0x00, 0x29, 0x00, 0x18, 0x52, 0x00, 0x00, 0x29, 0x00, 0x18, 0x52, 0x00,
  0x00, 0x29, 0x00, 0x18, 0x52, 0x00, 0x00, 0x29, 0x00, 0x18, 0x52, 0x00,
  0x00, 0x29, 0x00, 0x18, 0x52, 0x00, 0x00, 0x29, 0x00, 0x18, 0x52, 0x00,
  0x00, 0x29, 0x00, 0x18, 0x52, 0x00, 0x00, 0x29, 0x00, 0x18, 0x52, 0x00,
  0x00, 0x29, 0x00, 0x18, 0x52, 0x00, 0x00, 0x29, 0x00, 0x18, 0x52, 0x00,
  0x00, 0x29, 0x00, 0x18, 0x52, 0x00, 0x00, 0x29, 0x00, 0x18, 0x52, 0x00,
  0x00, 0x29, 0x00, 0x18, 0x52, 0x00, 0x00, 0x29, 0x00, 0x18, 0x52, 0x00,
  0x00, 0x29, 0x00, 0x18, 0x52, 0x00, 0x00, 0x29, 0x00, 0x18, 0x52, 0x00,
  0x00, 0x29, 0x00, 0x18, 0x52, 0x00, 0x00, 0x29, 0x00, 0x18, 0x52, 0x00,
  0x00, 0x29, 0x00, 0x18, 0x52, 0x00, 0x00, 0x29, 0x00, 0x18, 0x52, 0x00,
  0x00, 0x29, 0x00, 0x18, 0x52, 0x00, 0x00, 0x29, 0x00, 0x18, 0x52, 0x00,
  0x00, 0x29, 0x00, 0x18, 0x52, 0x00, 0x00, 0x29, 0x00, 0x18, 0x52, 0x00,
  0x00, 0x29, 0x00, 0x18, 0x52, 0x00, 0x00, 0x29, 0x00, 0x18, 0x52, 0x00,
  0x00, 0x29, 0x00, 0x18, 0x52, 0x00, 0x00, 0x29, 0x00, 0x18, 0x52, 0x00,
  0x00, 0x29, 0x00, 0x18, 0x52, 0x00, 0x00, 0x29, 0x00, 0x18, 0x52, 0x00,
  0x00, 0x29, 0x00, 0x18, 0x52, 0x00, 0x00, 0x29, 0x00, 0x18, 0x52, 0x00,
  0x00, 0x29, 0x00, 0x18, 0x52, 0x00, 0x00, 0x29, 0x00, 0x18, 0x52, 0x00,
  0x00, 0x29, 0x00, 0x18, 0x52, 0x00, 0x00, 0x29, 0x00, 0x18, 0x52, 0x00,
  0x00, 0x29, 0x00, 0x18, 0x52, 0x00, 0x00, 0x29, 0x00, 0x18, 0x52, 0x00,
  0x00, 0x29, 0x00, 0x18, 0x52, 0x00, 0x00, 0x29, 0x00, 0x18, 0x52, 0x00,
  0x00, 0x29, 0x00, 0x18, 0x52, 0x00, 0x00, 0x29, 0x00, 0x18, 0x52, 0x00,
  0x00, 0x29, 0x00, 0x18, 0x52, 0x00, 0x00, 0x29, 0x00, 0x18, 0x52, 0x00,
  0x00, 0x29, 0x00, 0x18, 0x52, 0x00, 0x00, 0x29, 0x00, 0x18, 0x52, 0x00,
  0x00, 0x29, 0x00, 0x18, 0x52, 0x00, 0x00, 0x29, 0x00, 0x18, 0x52, 0x00,
  0x00, 0x29, 0x00, 0x18, 0x52, 0x00, 0x00, 0x29, 0x00, 0x18, 0x52, 0x00,
  0x00, 0x29, 0x00, 0x18, 0x52, 0x00, 0x00, 0x29, 0x00, 0x18, 0x52, 0x00,
  0x00, 0x29, 0x00, 0x18, 0x52, 0x00, 0x00, 0x29, 0x00, 0x18, 0x52, 0x00,
  0x00, 0x29, 0x00, 0x18, 0x52, 0x00, 0x00, 0x29, 0x00, 0x18, 0x52, 0x00,
  0x00, 0x29, 0x00, 0x18, 0x52, 0x00, 0x00, 0x29, 0x00, 0x18, 0x52, 0x00,
  0x18, 0x52, 0x00, 0x00, 0x29, 0x00, 0x18, 0x52, 0x00, 0x00, 0x29, 0x00,
  0x18, 0x52, 0x00, 0x00, 0x29, 0x00, 0x18, 0x52, 0x00, 0x00, 0x29, 0x00,
  0x18, 0x52, 0x00, 0x00, 0x29, 0x00, 0x18, 0x52, 0x00, 0x00, 0x29, 0x00,
  0x18, 0x52, 0x00, 0x00, 0x29, 0x00, 0x18, 0x52, 0x00, 0x00, 0x29, 0x00,
  0x18, 0x52, 0x00, 0x00, 0x29, 0x00, 0x18, 0x52, 0x00, 0x00, 0x29, 0x00,
  0x18, 0x52, 0x00, 0x00, 0x29, 0x00, 0x18, 0x52, 0x00, 0x00, 0x29, 0x00,
  0x18, 0x52, 0x00, 0x00, 0x29, 0x00, 0x18, 0x52, 0x00, 0x00, 0x29, 0x00,
  0x18, 0x52, 0x00, 0x00, 0x29, 0x00, 0x18, 0x52, 0x00, 0x00, 0x29, 0x00,
  0x18, 0x52, 0x00, 0x00, 0x29, 0x00, 0x18, 0x52, 0x00, 0x00, 0x29, 0x00,
  0x18, 0x52, 0x00, 0x00, 0x29, 0x00, 0x18, 0x52, 0x00, 0x00, 0x29, 0x00,
  0x18, 0x52, 0x00, 0x00, 0x29, 0x00, 0x18, 0x52, 0x00, 0x00, 0x29, 0x00,
  0x18, 0x52, 0x00, 0x00, 0x29, 0x00, 0x18, 0x52, 0x00, 0x00, 0x29, 0x00,
  0x18, 0x52, 0x00, 0x00, 0x29, 0x00, 0x18, 0x52, 0x00, 0x00, 0x29, 0x00,
  0x18, 0x52, 0x00, 0x00, 0x29, 0x00, 0x18, 0x52, 0x00, 0x00, 0x29, 0x00,
  0x18, 0x52, 0x00, 0x00, 0x29, 0x00, 0x18, 0x52, 0x00, 0x00, 0x29, 0x00,
  0x18, 0x52, 0x00, 0x00, 0x29, 0x00, 0x18, 0x52, 0x00, 0x00, 0x29, 0x00,
  0x18, 0x52, 0x00, 0x00, 0x29, 0x00, 0x18, 0x52, 0x00, 0x00, 0x29, 0x00,
  0x18, 0x52, 0x00, 0x00, 0x29, 0x00, 0x18, 0x52, 0x00, 0x00, 0x29, 0x00,
  0x18, 0x52, 0x00, 0x00, 0x29, 0x00, 0x18, 0x52, 0x00, 0x00, 0x29, 0x00,
  0x18, 0x52, 0x00, 0x00, 0x29, 0x00, 0x18, 0x52, 0x00, 0x00, 0x29, 0x00,
  0x18, 0x52, 0x00, 0x00, 0x29, 0x00, 0x18, 0x52, 0x00, 0x00, 0x29, 0x00,
  0x18, 0x52, 0x00, 0x00, 0x29, 0x00, 0x18, 0x52, 0x00, 0x00, 0x29, 0x00,
  0x18, 0x52, 0x00, 0x00, 0x29, 0x00, 0x18, 0x52, 0x00, 0x00, 0x29, 0x00,
  0x18, 0x52, 0x00, 0x00, 0x29, 0x00, 0x18, 0x52, 0x00, 0x00, 0x29, 0x00,
  0x18, 0x52, 0x00, 0x00, 0x29, 0x00, 0x18, 0x52, 0x00, 0x00, 0x29, 0x00,
  0x18, 0x52, 0x00, 0x00, 0x29, 0x00, 0x18, 0x52, 0x00, 0x00, 0x29, 0x00,
  0x18, 0x52, 0x00, 0x00, 0x29, 0x00, 0x18, 0x52, 0x00, 0x00, 0x29, 0x00,
  0x18, 0x52, 0x00, 0x00, 0x29, 0x00, 0x18, 0x52, 0x00, 0x00, 0x29, 0x00,
  0x18, 0x52, 0x00, 0x00, 0x29, 0x00, 0x18, 0x52, 0x00, 0x00, 0x29, 0x00,
  0x18, 0x52, 0x00, 0x00, 0x29, 0x00, 0x18, 0x52, 0x00, 0x00, 0x29, 0x00,
  0x18, 0x52, 0x00, 0x00, 0x29, 0x00, 0x18, 0x52, 0x00, 0x00, 0x29, 0x00,
  0x18, 0x52, 0x00, 0x00, 0x29, 0x00, 0x18, 0x52, 0x00, 0x00, 0x29, 0x00,
  0x18, 0x52, 0x00, 0x00, 0x29, 0x00, 0x18, 0x52, 0x00, 0x00, 0x29, 0x00,
  0x18, 0x52, 0x00, 0x00, 0x29, 0x00, 0x18, 0x52, 0x00, 0x00, 0x29, 0x00,
  0x18, 0x52, 0x00, 0x00, 0x29, 0x00, 0x18, 0x52, 0x00, 0x00, 0x29, 0x00,
  0x18, 0x52, 0x00, 0x00, 0x29, 0x00, 0x18, 0x52, 0x00, 0x00, 0x29, 0x00,
  0x18, 0x52, 0x00, 0x00, 0x29, 0x00, 0x18, 0x52, 0x00, 0x00, 0x29, 0x00,
  0x18, 0x52, 0x00, 0x00, 0x29, 0x00, 0x18, 0x52, 0x00, 0x00, 0x29, 0x00,
  0x18, 0x52, 0x00, 0x00, 0x29, 0x00, 0x18, 0x52, 0x00, 0x00, 0x29, 0x00,
  0x18, 0x52, 0x00, 0x00, 0x29, 0x00, 0x18, 0x52, 0x00, 0x00, 0x29, 0x00,
  0x18, 0x52, 0x00, 0x00, 0x29, 0x00, 0x18, 0x52, 0x00, 0x00, 0x29, 0x00,
  0x18, 0x52, 0x00, 0x00, 0x29, 0x00, 0x18, 0x52, 0x00, 0x00, 0x29, 0x00,
  0x18, 0x52, 0x00, 0x00, 0x29, 0x00, 0x18, 0x52, 0x00, 0x00, 0x29, 0x00,
  0x18, 0x52, 0x00, 0x00, 0x29, 0x00, 0x18, 0x52, 0x00, 0x00, 0x29, 0x00,
  0x18, 0x52, 0x00, 0x00, 0x29, 0x00, 0x18, 0x52, 0x00, 0x00, 0x29, 0x00,
  0x18, 0x52, 0x00, 0x00, 0x29, 0x00, 0x18, 0x52, 0x00, 0x00, 0x29, 0x00,
  0x18, 0x52, 0x00, 0x00, 0x29, 0x00, 0x18, 0x52, 0x00, 0x00, 0x29, 0x00,
  0x18, 0x52, 0x00, 0x00, 0x29, 0x00, 0x18, 0x52, 0x00, 0x00, 0x29, 0x00,
  0x18, 0x52, 0x00, 0x00, 0x29, 0x00, 0x18, 0x52, 0x00, 0x00, 0x29, 0x00,
  0x18, 0x52, 0x00, 0x00, 0x29, 0x00, 0x18, 0x52, 0x00, 0x00, 0x29, 0x00,
  0x18, 0x52, 0x00, 0x00, 0x29, 0x00, 0x18, 0x52, 0x00, 0x00, 0x29, 0x00,
  0x18, 0x52, 0x00, 0x00, 0x29, 0x00, 0x18, 0x52, 0x00, 0x00, 0x29, 0x00,
  0x18, 0x52, 0x00, 0x00, 0x29, 0x00, 0x18, 0x52, 0x00, 0x00, 0x29, 0x00,
  0x18, 0x52, 0x00, 0x00, 0x29, 0x00, 0x18, 0x52, 0x00, 0x00, 0x29, 0x00,
  0x18, 0x52, 0x00, 0x00, 0x29, 0x00, 0x18, 0x52, 0x00, 0x00, 0x29, 0x00,
  0x18, 0x52, 0x00, 0x00, 0x29, 0x00, 0x18, 0x52, 0x00, 0x00, 0x29, 0x00,
  0x18, 0x52, 0x00, 0x00, 0x29, 0x00, 0x18, 0x52, 0x00, 0x00, 0x29, 0x00,
  0x18, 0x52, 0x00, 0x00, 0x29, 0x00, 0x18, 0x52, 0x00, 0x00, 0x29, 0x00,
  0x18, 0x52, 0x00, 0x00, 0x29, 0x00, 0x18, 0x52, 0x00, 0x00, 0x29, 0x00,
  0x18, 0x52, 0x00, 0x00, 0x29, 0x00, 0x18, 0x52, 0x00, 0x00, 0x29, 0x00,
  0x18, 0x52, 0x00, 0x00, 0x29, 0x00, 0x18, 0x52, 0x00, 0x00, 0x29, 0x00,
  0x18, 0x52, 0x00, 0x00, 0x29, 0x00, 0x18, 0x52, 0x00, 0x00, 0x29, 0x00,
  0x18, 0x52, 0x00, 0x00, 0x29, 0x00, 0x18, 0x52, 0x00, 0x00, 0x29, 0x00,
  0x18, 0x52, 0x00, 0x00, 0x29, 0x00, 0x18, 0x52, 0x00, 0x00, 0x29, 0x00,
  0x00, 0x29, 0x00, 0x18, 0x52, 0x00, 0x00, 0x29, 0x00, 0x18, 0x52, 0x00,
  0x00, 0x29, 0x00, 0x18, 0x52, 0x00, 0x00, 0x29, 0x00, 0x18, 0x52, 0x00,
  0x00, 0x29, 0x00, 0x18, 0x52, 0x00, 0x00, 0x29, 0x00, 0x18, 0x52, 0x00,
  0x00, 0x29, 0x00, 0x18, 0x52, 0x00, 0x00, 0x29, 0x00, 0x18, 0x52, 0x00,
  0x00, 0x29, 0x00, 0x18, 0x52, 0x00, 0x00, 0x29, 0x00, 0x18, 0x52, 0x00,
  0x00, 0x29, 0x00, 0x18, 0x52, 0x00, 0x00, 0x29, 0x00, 0x18, 0x52, 0x00,
  0x00, 0x29, 0x00, 0x18, 0x52, 0x00, 0x00, 0x29, 0x00, 0x18, 0x52, 0x00,
  0x00, 0x29, 0x00, 0x18, 0x52, 0x00, 0x00, 0x29, 0x00, 0x18, 0x52, 0x00,
  0x00, 0x29, 0x00, 0x18, 0x52, 0x00, 0x00, 0x29, 0x00, 0x18, 0x52, 0x00,
  0x00, 0x29, 0x00, 0x18, 0x52, 0x00, 0x00, 0x29, 0x00, 0x18, 0x52, 0x00,
  0x00, 0x29, 0x00, 0x18, 0x52, 0x00, 0x00, 0x29, 0x00, 0x18, 0x52, 0x00,
  0x00, 0x29, 0x00, 0x18, 0x52, 0x00, 0x00, 0x29, 0x00, 0x18, 0x52, 0x00,
  0x00, 0x29, 0x00, 0x18, 0x52, 0x00, 0x00, 0x29, 0x00, 0x18, 0x52, 0x00,
  0x00, 0x29, 0x00, 0x18, 0x52, 0x00, 0x00, 0x29, 0x00, 0x18, 0x52, 0x00,
  0x00, 0x29, 0x00, 0x18, 0x52, 0x00, 0x00, 0x29, 0x00, 0x18, 0x52, 0x00,
  0x00, 0x29, 0x00, 0x18, 0x52, 0x00, 0x00, 0x29, 0x00, 0x18, 0x52, 0x00,
  0x00, 0x29, 0x00, 0x18, 0x52, 0x00, 0x00, 0x29, 0x00, 0x18, 0x52, 0x00,
  0x00, 0x29, 0x00, 0x18, 0x52, 0x00, 0x00, 0x29, 0x00, 0x18, 0x52, 0x00,
  0x00, 0x29, 0x00, 0x18, 0x52, 0x00, 0x00, 0x29, 0x00, 0x18, 0x52, 0x00,
  0x00, 0x29, 0x00, 0x18, 0x52, 0x00, 0x00, 0x29, 0x00, 0x18, 0x52, 0x00,
  0x00, 0x29, 0x00, 0x18, 0x52, 0x00, 0x00, 0x29, 0x00, 0x18, 0x52, 0x00,
  0x00, 0x29, 0x00, 0x18, 0x52, 0x00, 0x00, 0x29, 0x00, 0x18, 0x52, 0x00,
  0x00, 0x29, 0x00, 0x18, 0x52, 0x00, 0x00, 0x29, 0x00, 0x18, 0x52, 0x00,
  0x00, 0x29, 0x00, 0x18, 0x52, 0x00, 0x00, 0x29, 0x00, 0x18, 0x52, 0x00,
  0x00, 0x29, 0x00, 0x18, 0x52, 0x00, 0x00, 0x29, 0x00, 0x18, 0x52, 0x00,
  0x00, 0x29, 0x00, 0x18, 0x52, 0x00, 0x00, 0x29, 0x00, 0x18, 0x52, 0x00,
  0x00, 0x29, 0x00, 0x18, 0x52, 0x00, 0x00, 0x29, 0x00, 0x18, 0x52, 0x00,
  0x00, 0x29, 0x00, 0x18, 0x52, 0x00, 0x00, 0x29, 0x00, 0x18, 0x52, 0x00,
  0x00, 0x29, 0x00, 0x18, 0x52, 0x00, 0x00, 0x29, 0x00, 0x18, 0x52, 0x00,
  0x00, 0x29, 0x00, 0x18, 0x52, 0x00, 0x00, 0x29, 0x00, 0x18, 0x52, 0x00,
  0x00, 0x29, 0x00, 0x18, 0x52, 0x00, 0x00, 0x29, 0x00, 0x18, 0x52, 0x00,
  0x00, 0x29, 0x00, 0x18, 0x52, 0x00, 0x00, 0x29, 0x00, 0x18, 0x52, 0x00,
  0x00, 0x29, 0x00, 0x18, 0x52, 0x00, 0x00, 0x29, 0x00, 0x18, 0x52, 0x00,
  0x00, 0x29, 0x00, 0x18, 0x52, 0x00, 0x00, 0x29, 0x00, 0x18, 0x52, 0x00,
  0x00, 0x29, 0x00, 0x18, 0x52, 0x00, 0x00, 0x29, 0x00, 0x18, 0x52, 0x00,
  0x00, 0x29, 0x00, 0x18, 0x52, 0x00, 0x00, 0x29, 0x00, 0x18, 0x52, 0x00,
  0x00, 0x29, 0x00, 0x18, 0x52, 0x00, 0x00, 0x29, 0x00, 0x18, 0x52, 0x00,
  0x00, 0x29, 0x00, 0x18, 0x52, 0x00, 0x00, 0x29, 0x00, 0x18, 0x52, 0x00,
  0x00, 0x29, 0x00, 0x18, 0x52, 0x00, 0x00, 0x29, 0x00, 0x18, 0x52, 0x00,
  0x00, 0x29, 0x00, 0x18, 0x52, 0x00, 0x00, 0x29, 0x00, 0x18, 0x52, 0x00,
  0x00, 0x29, 0x00, 0x18, 0x52, 0x00, 0x00, 0x29, 0x00, 0x18, 0x52, 0x00,
  0x00, 0x29, 0x00, 0x18, 0x52, 0x00, 0x00, 0x29, 0x00, 0x18, 0x52, 0x00,
  0x00, 0x29, 0x00, 0x18, 0x52, 0x00, 0x00, 0x29, 0x00, 0x18, 0x52, 0x00,
  0x00, 0x29, 0x00, 0x18, 0x52, 0x00, 0x00, 0x29, 0x00, 0x18, 0x52, 0x00,
  0x00, 0x29, 0x00, 0x18, 0x52, 0x00, 0x00, 0x29, 0x00, 0x18, 0x52, 0x00,
  0x00, 0x29, 0x00, 0x18, 0x52, 0x00, 0x00, 0x29, 0x00, 0x18, 0x52, 0x00,
  0x00, 0x29, 0x00, 0x18, 0x52, 0x00, 0x00, 0x29, 0x00, 0x18, 0x52, 0x00,
  0x00, 0x29, 0x00, 0x18, 0x52, 0x00, 0x00, 0x29, 0x00, 0x18, 0x52, 0x00,
  0x00, 0x29, 0x00, 0x18, 0x52, 0x00, 0x00, 0x29, 0x00, 0x18, 0x52, 0x00,
  0x00, 0x29, 0x00, 0x18, 0x52, 0x00, 0x00, 0x29, 0x00, 0x18, 0x52, 0x00,
  0x00, 0x29, 0x00, 0x18, 0x52, 0x00, 0x00, 0x29, 0x00, 0x18, 0x52, 0x00,
  0x00, 0x29, 0x00, 0x18, 0x52, 0x00, 0x00, 0x29, 0x00, 0x18, 0x52, 0x00,
  0x00, 0x29, 0x00, 0x18, 0x52, 0x00, 0x00, 0x29, 0x00, 0x18, 0x52, 0x00,
  0x00, 0x29, 0x00, 0x18, 0x52, 0x00, 0x00, 0x29, 0x00, 0x18, 0x52, 0x00,
  0x00, 0x29, 0x00, 0x18, 0x52, 0x00, 0x00, 0x29, 0x00, 0x18, 0x52, 0x00,
  0x00, 0x29, 0x00, 0x18, 0x52, 0x00, 0x00, 0x29, 0x00, 0x18, 0x52, 0x00,
  0x00, 0x29, 0x00, 0x18, 0x52, 0x00, 0x00, 0x29, 0x00, 0x18, 0x52, 0x00,
  0x00, 0x29, 0x00, 0x18, 0x52, 0x00, 0x00, 0x29, 0x00, 0x18, 0x52, 0x00,
  0x00, 0x29, 0x00, 0x18, 0x52, 0x00, 0x00, 0x29, 0x00, 0x18, 0x52, 0x00,
  0x00, 0x29, 0x00, 0x18, 0x52, 0x00, 0x00, 0x29, 0x00, 0x18, 0x52, 0x00,
  0x00, 0x29, 0x00, 0x18, 0x52, 0x00, 0x00, 0x29, 0x00, 0x18, 0x52, 0x00,
  0x00, 0x29, 0x00, 0x18, 0x52, 0x00, 0x00, 0x29, 0x00, 0x18, 0x52, 0x00,
  0x00, 0x29, 0x00, 0x18, 0x52, 0x00, 0x00, 0x29, 0x00, 0x18, 0x52, 0x00,
  0x00, 0x29, 0x00, 0x18, 0x52, 0x00, 0x00, 0x29, 0x00, 0x18, 0x52, 0x00,
  0x18, 0x52, 0x00, 0x00, 0x29, 0x00, 0x18, 0x52, 0x00, 0x00, 0x29, 0x00,
  0x18, 0x52, 0x00, 0x00, 0x29, 0x00, 0x18, 0x52, 0x00, 0x00, 0x29, 0x00,
  0x18, 0x52, 0x00, 0x00, 0x29, 0x00, 0x18, 0x52, 0x00, 0x00, 0x29, 0x00,
  0x18, 0x52, 0x00, 0x00, 0x29, 0x00, 0x18, 0x52, 0x00, 0x00, 0x29, 0x00,
  0x18, 0x52, 0x00, 0x00, 0x29, 0x00, 0x18, 0x52, 0x00, 0x00, 0x29, 0x00,
  0x18, 0x52, 0x00, 0x00, 0x29, 0x00, 0x18, 0x52, 0x00, 0x00, 0x29, 0x00,
  0x18, 0x52, 0x00, 0x00, 0x29, 0x00, 0x18, 0x52, 0x00, 0x00, 0x29, 0x00,
  0x18, 0x52, 0x00, 0x00, 0x29, 0x00, 0x18, 0x52, 0x00, 0x00, 0x29, 0x00,
  0x18, 0x52, 0x00, 0x00, 0x29, 0x00, 0x18, 0x52, 0x00, 0x00, 0x29, 0x00,
  0x18, 0x52, 0x00, 0x00, 0x29, 0x00, 0x18, 0x52, 0x00, 0x00, 0x29, 0x00,
  0x18, 0x52, 0x00, 0x00, 0x29, 0x00, 0x18, 0x52, 0x00, 0x00, 0x29, 0x00,
  0x18, 0x52, 0x00, 0x00, 0x29, 0x00, 0x18, 0x52, 0x00, 0x00, 0x29, 0x00,
  0x18, 0x52, 0x00, 0x00, 0x29, 0x00, 0x18, 0x52, 0x00, 0x00, 0x29, 0x00,
  0x18, 0x52, 0x00, 0x00, 0x29, 0x00, 0x18, 0x52, 0x00, 0x00, 0x29, 0x00,
  0x18, 0x52, 0x00, 0x00, 0x29, 0x00, 0x18, 0x52, 0x00, 0x00, 0x29, 0x00,
  0x18, 0x52, 0x00, 0x00, 0x29, 0x00, 0x18, 0x52, 0x00, 0x00, 0x29, 0x00,
  0x18, 0x52, 0x00, 0x00, 0x29, 0x00, 0x18, 0x52, 0x00, 0x00, 0x29, 0x00,
  0x18, 0x52, 0x00, 0x00, 0x29, 0x00, 0x18, 0x52, 0x00, 0x00, 0x29, 0x00,
  0x18, 0x52, 0x00, 0x00, 0x29, 0x00, 0x18, 0x52, 0x00, 0x00, 0x29, 0x00,
  0x18, 0x52, 0x00, 0x00, 0x29, 0x00, 0x18, 0x52, 0x00, 0x00, 0x29, 0x00,
  0x18, 0x52, 0x00, 0x00, 0x29, 0x00, 0x18, 0x52, 0x00, 0x00, 0x29, 0x00,
  0x18, 0x52, 0x00, 0x00, 0x29, 0x00, 0x18, 0x52, 0x00, 0x00, 0x29, 0x00,
  0x18, 0x52, 0x00, 0x00, 0x29, 0x00, 0x18, 0x52, 0x00, 0x00, 0x29, 0x00,
  0x18, 0x52, 0x00, 0x00, 0x29, 0x00, 0x18, 0x52, 0x00, 0x00, 0x29, 0x00,
  0x18, 0x52, 0x00, 0x00, 0x29, 0x00, 0x18, 0x52, 0x00, 0x00, 0x29, 0x00,
  0x18, 0x52, 0x00, 0x00, 0x29, 0x00, 0x18, 0x52, 0x00, 0x00, 0x29, 0x00,
  0x18, 0x52, 0x00, 0x00, 0x29, 0x00, 0x18, 0x52, 0x00, 0x00, 0x29, 0x00,
  0x18, 0x52, 0x00, 0x00, 0x29, 0x00, 0x18, 0x52, 0x00, 0x00, 0x29, 0x00,
  0x18, 0x52, 0x00, 0x00, 0x29, 0x00, 0x18, 0x52, 0x00, 0x00, 0x29, 0x00,
  0x18, 0x52, 0x00, 0x00, 0x29, 0x00, 0x18, 0x52, 0x00, 0x00, 0x29, 0x00,
  0x18, 0x52, 0x00, 0x00, 0x29, 0x00, 0x18, 0x52, 0x00, 0x00, 0x29, 0x00,
  0x18, 0x52, 0x00, 0x00, 0x29, 0x00, 0x18, 0x52, 0x00, 0x00, 0x29, 0x00,
  0x18, 0x52, 0x00, 0x00, 0x29, 0x00, 0x18, 0x52, 0x00, 0x00, 0x29, 0x00,
  0x18, 0x52, 0x00, 0x00, 0x29, 0x00, 0x18, 0x52, 0x00, 0x00, 0x29, 0x00,
  0x18, 0x52, 0x00, 0x00, 0x29, 0x00, 0x18, 0x52, 0x00, 0x00, 0x29, 0x00,
  0x18, 0x52, 0x00, 0x00, 0x29, 0x00, 0x18, 0x52, 0x00, 0x00, 0x29, 0x00,
  0x18, 0x52, 0x00, 0x00, 0x29, 0x00, 0x18, 0x52, 0x00, 0x00, 0x29, 0x00,
  0x18, 0x52, 0x00, 0x00, 0x29, 0x00, 0x18, 0x52, 0x00, 0x00, 0x29, 0x00,
  0x18, 0x52, 0x00, 0x00, 0x29, 0x00, 0x18, 0x52, 0x00, 0x00, 0x29, 0x00,
  0x18, 0x52, 0x00, 0x00, 0x29, 0x00, 0x18, 0x52, 0x00, 0x00, 0x29, 0x00,
  0x18, 0x52, 0x00, 0x00, 0x29, 0x00, 0x18, 0x52, 0x00, 0x00, 0x29, 0x00,
  0x18, 0x52, 0x00, 0x00, 0x29, 0x00, 0x18, 0x52, 0x00, 0x00, 0x29, 0x00,
  0x18, 0x52, 0x00, 0x00, 0x29, 0x00, 0x18, 0x52, 0x00, 0x00, 0x29, 0x00,
  0x18, 0x52, 0x00, 0x00, 0x29, 0x00, 0x18, 0x52, 0x00, 0x00, 0x29, 0x00,
  0x18, 0x52, 0x00, 0x00, 0x29, 0x00, 0x18, 0x52, 0x00, 0x00, 0x29, 0x00,
  0x18, 0x52, 0x00, 0x00, 0x29, 0x00, 0x18, 0x52, 0x00, 0x00, 0x29, 0x00,
  0x18, 0x52, 0x00, 0x00, 0x29, 0x00, 0x18, 0x52, 0x00, 0x00, 0x29, 0x00,
  0x18, 0x52, 0x00, 0x00, 0x29, 0x00, 0x18, 0x52, 0x00, 0x00, 0x29, 0x00,
  0x18, 0x52, 0x00, 0x00, 0x29, 0x00, 0x18, 0x52, 0x00, 0x00, 0x29, 0x00,
  0x18, 0x52, 0x00, 0x00, 0x29, 0x00, 0x18, 0x52, 0x00, 0x00, 0x29, 0x00,
  0x18, 0x52, 0x00, 0x00, 0x29, 0x00, 0x18, 0x52, 0x00, 0x00, 0x29, 0x00,
  0x18, 0x52, 0x00, 0x00, 0x29, 0x00, 0x18, 0x52, 0x00, 0x00, 0x29, 0x00,
  0x18, 0x52, 0x00, 0x00, 0x29, 0x00, 0x18, 0x52, 0x00, 0x00, 0x29, 0x00,
  0x18, 0x52, 0x00, 0x00, 0x29, 0x00, 0x18, 0x52, 0x00, 0x00, 0x29, 0x00,
  0x18, 0x52, 0x00, 0x00, 0x29, 0x00, 0x18, 0x52, 0x00, 0x00, 0x29, 0x00,
  0x18, 0x52, 0x00, 0x00, 0x29, 0x00, 0x18, 0x52, 0x00, 0x00, 0x29, 0x00,
  0x18, 0x52, 0x00, 0x00, 0x29, 0x00, 0x18, 0x52, 0x00, 0x00, 0x29, 0x00,
  0x18, 0x52, 0x00, 0x00, 0x29, 0x00, 0x18, 0x52, 0x00, 0x00, 0x29, 0x00,
  0x18, 0x52, 0x00, 0x00, 0x29, 0x00, 0x18, 0x52, 0x00, 0x00, 0x29, 0x00,
  0x18, 0x52, 0x00, 0x00, 0x29, 0x00, 0x18, 0x52, 0x00, 0x00, 0x29, 0x00,
  0x18, 0x52, 0x00, 0x00, 0x29, 0x00, 0x18, 0x52, 0x00, 0x00, 0x29, 0x00,
  0x18, 0x52, 0x00, 0x00, 0x29, 0x00, 0x18, 0x52, 0x00, 0x00, 0x29, 0x00,
  0x18, 0x52, 0x00, 0x00, 0x29, 0x00, 0x18, 0x52, 0x00, 0x00, 0x29, 0x00,
  0x18, 0x52, 0x00, 0x00, 0x29, 0x00, 0x18, 0x52, 0x00, 0x00, 0x29, 0x00,
  0x00, 0x29, 0x00, 0x18, 0x52, 0x00, 0x00, 0x29, 0x00, 0x18, 0x52, 0x00,
  0x00, 0x29, 0x00, 0x18, 0x52, 0x00, 0x00, 0x29, 0x00, 0x18, 0x52, 0x00,
  0x00, 0x29, 0x00, 0x18, 0x52, 0x00, 0x00, 0x29, 0x00, 0x18, 0x52, 0x00,
  0x00, 0x29, 0x00, 0x18, 0x52, 0x00, 0x00, 0x29, 0x00, 0x18, 0x52, 0x00,
  0x00, 0x29, 0x00, 0x18, 0x52, 0x00, 0x00, 0x29, 0x00, 0x18, 0x52, 0x00,
  0x00, 0x29, 0x00, 0x18, 0x52, 0x00, 0x00, 0x29, 0x00, 0x18, 0x52, 0x00,
  0x00, 0x29, 0x00, 0x18, 0x52, 0x00, 0x00, 0x29, 0x00, 0x18, 0x52, 0x00,
  0x00, 0x29, 0x00, 0x18, 0x52, 0x00, 0x00, 0x29, 0x00, 0x18, 0x52, 0x00,
  0x00, 0x29, 0x00, 0x18, 0x52, 0x00, 0x00, 0x29, 0x00, 0x18, 0x52, 0x00,
  0x00, 0x29, 0x00, 0x18, 0x52, 0x00, 0x00, 0x29, 0x00, 0x18, 0x52, 0x00,
  0x00, 0x29, 0x00, 0x18, 0x52, 0x00, 0x00, 0x29, 0x00, 0x18, 0x52, 0x00,
  0x00, 0x29, 0x00, 0x18, 0x52, 0x00, 0x00, 0x29, 0x00, 0x18, 0x52, 0x00,
  0x00, 0x29, 0x00, 0x18, 0x52, 0x00, 0x00, 0x29, 0x00, 0x18, 0x52, 0x00,
  0x00, 0x29, 0x00, 0x18, 0x52, 0x00, 0x00, 0x29, 0x00, 0x18, 0x52, 0x00,
  0x00, 0x29, 0x00, 0x18, 0x52, 0x00, 0x00, 0x29, 0x00, 0x18, 0x52, 0x00,
  0x00, 0x29, 0x00, 0x18, 0x52, 0x00, 0x00, 0x29, 0x00, 0x18, 0x52, 0x00,
  0x00, 0x29, 0x00, 0x18, 0x52, 0x00, 0x00, 0x29, 0x00, 0x18, 0x52, 0x00,
  0x00, 0x29, 0x00, 0x18, 0x52, 0x00, 0x00, 0x29, 0x00, 0x18, 0x52, 0x00,
  0x00, 0x29, 0x00, 0x18, 0x52, 0x00, 0x00, 0x29, 0x00, 0x18, 0x52, 0x00,
  0x00, 0x29, 0x00, 0x18, 0x52, 0x00, 0x00, 0x29, 0x00, 0x18, 0x52, 0x00,
  0x00, 0x29, 0x00, 0x18, 0x52, 0x00, 0x00, 0x29, 0x00, 0x18, 0x52, 0x00,
  0x00, 0x29, 0x00, 0x18, 0x52, 0x00, 0x00, 0x29, 0x00, 0x18, 0x52, 0x00,
  0x00, 0x29, 0x00, 0x18, 0x52, 0x00, 0x00, 0x29, 0x00, 0x18, 0x52, 0x00,
  0x00, 0x29, 0x00, 0x18, 0x52, 0x00, 0x00, 0x29, 0x00, 0x18, 0x52, 0x00,
  0x00, 0x29, 0x00, 0x18, 0x52, 0x00, 0x00, 0x29, 0x00, 0x18, 0x52, 0x00,
  0x00, 0x29, 0x00, 0x18, 0x52, 0x00, 0x00, 0x29, 0x00, 0x18, 0x52, 0x00,
  0x00, 0x29, 0x00, 0x18, 0x52, 0x00, 0x00, 0x29, 0x00, 0x18, 0x52, 0x00,
  0x00, 0x29, 0x00, 0x18, 0x52, 0x00, 0x00, 0x29, 0x00, 0x18, 0x52, 0x00,
  0x00, 0x29, 0x00, 0x18, 0x52, 0x00, 0x00, 0x29, 0x00, 0x18, 0x52, 0x00,
  0x00, 0x29, 0x00, 0x18, 0x52, 0x00, 0x00, 0x29, 0x00, 0x18, 0x52, 0x00,
  0x00, 0x29, 0x00, 0x18, 0x52, 0x00, 0x00, 0x29, 0x00, 0x18, 0x52, 0x00,
  0x00, 0x29, 0x00, 0x18, 0x52, 0x00, 0x00, 0x29, 0x00, 0x18, 0x52, 0x00,
  0x00, 0x29, 0x00, 0x18, 0x52, 0x00, 0x00, 0x29, 0x00, 0x18, 0x52, 0x00,
  0x00, 0x29, 0x00, 0x18, 0x52, 0x00, 0x00, 0x29, 0x00, 0x18, 0x52, 0x00,
  0x00, 0x29, 0x00, 0x18, 0x52, 0x00, 0x00, 0x29, 0x00, 0x18, 0x52, 0x00,
  0x00, 0x29, 0x00, 0x18, 0x52, 0x00, 0x00, 0x29, 0x00, 0x18, 0x52, 0x00,
  0x00, 0x29, 0x00, 0x18, 0x52, 0x00, 0x00, 0x29, 0x00, 0x18, 0x52, 0x00,
  0x00, 0x29, 0x00, 0x18, 0x52, 0x00, 0x00, 0x29, 0x00, 0x18, 0x52, 0x00,
  0x00, 0x29, 0x00, 0x18, 0x52, 0x00, 0x00, 0x29, 0x00, 0x18, 0x52, 0x00,
  0x00, 0x29, 0x00, 0x18, 0x52, 0x00, 0x00, 0x29, 0x00, 0x18, 0x52, 0x00,
  0x00, 0x29, 0x00, 0x18, 0x52, 0x00, 0x00, 0x29, 0x00, 0x18, 0x52, 0x00,
  0x00, 0x29, 0x00, 0x18, 0x52, 0x00, 0x00, 0x29, 0x00, 0x18, 0x52, 0x00,
  0x00, 0x29, 0x00, 0x18, 0x52, 0x00, 0x00, 0x29, 0x00, 0x18, 0x52, 0x00,
  0x00, 0x29, 0x00, 0x18, 0x52, 0x00, 0x00, 0x29, 0x00, 0x18, 0x52, 0x00,
  0x00, 0x29, 0x00, 0x18, 0x52, 0x00, 0x00, 0x29, 0x00, 0x18, 0x52, 0x00,
  0x00, 0x29, 0x00, 0x18, 0x52, 0x00, 0x00, 0x29, 0x00, 0x18, 0x52, 0x00,
  0x00, 0x29, 0x00, 0x18, 0x52, 0x00, 0x00, 0x29, 0x00, 0x18, 0x52, 0x00,
  0x00, 0x29, 0x00, 0x18, 0x52, 0x00, 0x00, 0x29, 0x00, 0x18, 0x52, 0x00,
  0x00, 0x29, 0x00, 0x18, 0x52, 0x00, 0x00, 0x29, 0x00, 0x18, 0x52, 0x00,
  0x00, 0x29, 0x00, 0x18, 0x52, 0x00, 0x00, 0x29, 0x00, 0x18, 0x52, 0x00,
  0x00, 0x29, 0x00, 0x18, 0x52, 0x00, 0x00, 0x29, 0x00, 0x18, 0x52, 0x00,
  0x00, 0x29, 0x00, 0x18, 0x52, 0x00, 0x00, 0x29, 0x00, 0x18, 0x52, 0x00,
  0x00, 0x29, 0x00, 0x18, 0x52, 0x00, 0x00, 0x29, 0x00, 0x18, 0x52, 0x00,
  0x00, 0x29, 0x00, 0x18, 0x52, 0x00, 0x00, 0x29, 0x00, 0x18, 0x52, 0x00,
  0x00, 0x29, 0x00, 0x18, 0x52, 0x00, 0x00, 0x29, 0x00, 0x18, 0x52, 0x00,
  0x00, 0x29, 0x00, 0x18, 0x52, 0x00, 0x00, 0x29, 0x00, 0x18, 0x52, 0x00,
  0x00, 0x29, 0x00, 0x18, 0x52, 0x00, 0x00, 0x29, 0x00, 0x18, 0x52, 0x00,
  0x00, 0x29, 0x00, 0x18, 0x52, 0x00, 0x00, 0x29, 0x00, 0x18, 0x52, 0x00,
  0x00, 0x29, 0x00, 0x18, 0x52, 0x00, 0x00, 0x29, 0x00, 0x18, 0x52, 0x00,
  0x00, 0x29, 0x00, 0x18, 0x52, 0x00, 0x00, 0x29, 0x00, 0x18, 0x52, 0x00,
  0x00, 0x29, 0x00, 0x18, 0x52, 0x00, 0x00, 0x29, 0x00, 0x18, 0x52, 0x00,
  0x00, 0x29, 0x00, 0x18, 0x52, 0x00, 0x00, 0x29, 0x00, 0x18, 0x52, 0x00,
  0x00, 0x29, 0x00, 0x18, 0x52, 0x00, 0x00, 0x29, 0x00, 0x18, 0x52, 0x00,
  0x00, 0x29, 0x00, 0x18, 0x52, 0x00, 0x00, 0x29, 0x00, 0x18, 0x52, 0x00,
  0x18, 0x52, 0x00, 0x00, 0x29, 0x00, 0x18, 0x52, 0x00, 0x00, 0x29, 0x00,
  0x18, 0x52, 0x00, 0x00, 0x29, 0x00, 0x18, 0x52, 0x00, 0x00, 0x29, 0x00,
  0x18, 0x52, 0x00, 0x00, 0x29, 0x00, 0x18, 0x52, 0x00, 0x00, 0x29, 0x00,
  0x18, 0x52, 0x00, 0x00, 0x29, 0x00, 0x18, 0x52, 0x00, 0x00, 0x29, 0x00,
  0x18, 0x52, 0x00, 0x00, 0x29, 0x00, 0x18, 0x52, 0x00, 0x00, 0x29, 0x00,
  0x18, 0x52, 0x00, 0x00, 0x29, 0x00, 0x18, 0x52, 0x00, 0x00, 0x29, 0x00,
  0x18, 0x52, 0x00, 0x00, 0x29, 0x00, 0x18, 0x52, 0x00, 0x00, 0x29, 0x00,
  0x18, 0x52, 0x00, 0x00, 0x29, 0x00, 0x18, 0x52, 0x00, 0x00, 0x29, 0x00,
  0x18, 0x52, 0x00, 0x00, 0x29, 0x00, 0x18, 0x52, 0x00, 0x00, 0x29, 0x00,
  0x18, 0x52, 0x00, 0x00, 0x29, 0x00, 0x18, 0x52, 0x00, 0x00, 0x29, 0x00,
  0x18, 0x52, 0x00, 0x00, 0x29, 0x00, 0x18, 0x52, 0x00, 0x00, 0x29, 0x00,
  0x18, 0x52, 0x00, 0x00, 0x29, 0x00, 0x18, 0x52, 0x00, 0x00, 0x29, 0x00,
  0x18, 0x52, 0x00, 0x00, 0x29, 0x00, 0x18, 0x52, 0x00, 0x00, 0x29, 0x00,
  0x18, 0x52, 0x00, 0x00, 0x29, 0x00, 0x18, 0x52, 0x00, 0x00, 0x29, 0x00,
  0x18, 0x52, 0x00, 0x00, 0x29, 0x00, 0x18, 0x52, 0x00, 0x00, 0x29, 0x00,
  0x18, 0x52, 0x00, 0x00, 0x29, 0x00, 0x18, 0x52, 0x00, 0x00, 0x29, 0x00,
  0x18, 0x52, 0x00, 0x00, 0x29, 0x00, 0x18, 0x52, 0x00, 0x00, 0x29, 0x00,
  0x18, 0x52, 0x00, 0x00, 0x29, 0x00, 0x18, 0x52, 0x00, 0x00, 0x29, 0x00,
  0x18, 0x52, 0x00, 0x00, 0x29, 0x00, 0x18, 0x52, 0x00, 0x00, 0x29, 0x00,
  0x18, 0x52, 0x00, 0x00, 0x29, 0x00, 0x18, 0x52, 0x00, 0x00, 0x29, 0x00,
  0x18, 0x52, 0x00, 0x00, 0x29, 0x00, 0x18, 0x52, 0x00, 0x00, 0x29, 0x00,
  0x18, 0x52, 0x00, 0x00, 0x29, 0x00, 0x18, 0x52, 0x00, 0x00, 0x29, 0x00,
  0x18, 0x52, 0x00, 0x00, 0x29, 0x00, 0x18, 0x52, 0x00, 0x00, 0x29, 0x00,
  0x18, 0x52, 0x00, 0x00, 0x29, 0x00, 0x18, 0x52, 0x00, 0x00, 0x29, 0x00,
  0x18, 0x52, 0x00, 0x00, 0x29, 0x00, 0x18, 0x52, 0x00, 0x00, 0x29, 0x00,
  0x18, 0x52, 0x00, 0x00, 0x29, 0x00, 0x18, 0x52, 0x00, 0x00, 0x29, 0x00,
  0x18, 0x52, 0x00, 0x00, 0x29, 0x00, 0x18, 0x52, 0x00, 0x00, 0x29, 0x00,
  0x18, 0x52, 0x00, 0x00, 0x29, 0x00, 0x18, 0x52, 0x00, 0x00, 0x29, 0x00,
  0x18, 0x52, 0x00, 0x00, 0x29, 0x00, 0x18, 0x52, 0x00, 0x00, 0x29, 0x00,
  0x18, 0x52, 0x00, 0x00, 0x29, 0x00, 0x18, 0x52, 0x00, 0x00, 0x29, 0x00,
  0x18, 0x52, 0x00, 0x00, 0x29, 0x00, 0x18, 0x52, 0x00, 0x00, 0x29, 0x00,
  0x18, 0x52, 0x00, 0x00, 0x29, 0x00, 0x18, 0x52, 0x00, 0x00, 0x29, 0x00,
  0x18, 0x52, 0x00, 0x00, 0x29, 0x00, 0x18, 0x52, 0x00, 0x00, 0x29, 0x00,
  0x18, 0x52, 0x00, 0x00, 0x29, 0x00, 0x18, 0x52, 0x00, 0x00, 0x29, 0x00,
  0x18, 0x52, 0x00, 0x00, 0x29, 0x00, 0x18, 0x52, 0x00, 0x00, 0x29, 0x00,
  0x18, 0x52, 0x00, 0x00, 0x29, 0x00, 0x18, 0x52, 0x00, 0x00, 0x29, 0x00,
  0x18, 0x52, 0x00, 0x00, 0x29, 0x00, 0x18, 0x52, 0x00, 0x00, 0x29, 0x00,
  0x18, 0x52, 0x00, 0x00, 0x29, 0x00, 0x18, 0x52, 0x00, 0x00, 0x29, 0x00,
  0x18, 0x52, 0x00, 0x00, 0x29, 0x00, 0x18, 0x52, 0x00, 0x00, 0x29, 0x00,
  0x18, 0x52, 0x00, 0x00, 0x29, 0x00, 0x18, 0x52, 0x00, 0x00, 0x29, 0x00,
  0x18, 0x52, 0x00, 0x00, 0x29, 0x00, 0x18, 0x52, 0x00, 0x00, 0x29, 0x00,
  0x18, 0x52, 0x00, 0x00, 0x29, 0x00, 0x18, 0x52, 0x00, 0x00, 0x29, 0x00,
  0x18, 0x52, 0x00, 0x00, 0x29, 0x00, 0x18, 0x52, 0x00, 0x00, 0x29, 0x00,
  0x18, 0x52, 0x00, 0x00, 0x29, 0x00, 0x18, 0x52, 0x00, 0x00, 0x29, 0x00,
  0x18, 0x52, 0x00, 0x00, 0x29, 0x00, 0x18, 0x52, 0x00, 0x00, 0x29, 0x00,
  0x18, 0x52, 0x00, 0x00, 0x29, 0x00, 0x18, 0x52, 0x00, 0x00, 0x29, 0x00,
  0x18, 0x52, 0x00, 0x00, 0x29, 0x00, 0x18, 0x52, 0x00, 0x00, 0x29, 0x00,
  0x18, 0x52, 0x00, 0x00, 0x29, 0x00, 0x18, 0x52, 0x00, 0x00, 0x29, 0x00,
  0x18, 0x52, 0x00, 0x00, 0x29, 0x00, 0x18, 0x52, 0x00, 0x00, 0x29, 0x00,
  0x18, 0x52, 0x00, 0x00, 0x29, 0x00, 0x18, 0x52, 0x00, 0x00, 0x29, 0x00,
  0x18, 0x52, 0x00, 0x00, 0x29, 0x00, 0x18, 0x52, 0x00, 0x00, 0x29, 0x00,
  0x18, 0x52, 0x00, 0x00, 0x29, 0x00, 0x18, 0x52, 0x00, 0x00, 0x29, 0x00,
  0x18, 0x52, 0x00, 0x00, 0x29, 0x00, 0x18, 0x52, 0x00, 0x00, 0x29, 0x00,
  0x18, 0x52, 0x00, 0x00, 0x29, 0x00, 0x18, 0x52, 0x00, 0x00, 0x29, 0x00,
  0x18, 0x52, 0x00, 0x00, 0x29, 0x00, 0x18, 0x52, 0x00, 0x00, 0x29, 0x00,
  0x18, 0x52, 0x00, 0x00, 0x29, 0x00, 0x18, 0x52, 0x00, 0x00, 0x29, 0x00,
  0x18, 0x52, 0x00, 0x00, 0x29, 0x00, 0x18, 0x52, 0x00, 0x00, 0x29, 0x00,
  0x18, 0x52, 0x00, 0x00, 0x29, 0x00, 0x18, 0x52, 0x00, 0x00, 0x29, 0x00,
  0x18, 0x52, 0x00, 0x00, 0x29, 0x00, 0x18, 0x52, 0x00, 0x00, 0x29, 0x00,
  0x18, 0x52, 0x00, 0x00, 0x29, 0x00, 0x18, 0x52, 0x00, 0x00, 0x29, 0x00,
  0x18, 0x52, 0x00, 0x00, 0x29, 0x00, 0x18, 0x52, 0x00, 0x00, 0x29, 0x00,
  0x18, 0x52, 0x00, 0x00, 0x29, 0x00, 0x18, 0x52, 0x00, 0x00, 0x29, 0x00,
  0x18, 0x52, 0x00, 0x00, 0x29, 0x00, 0x18, 0x52, 0x00, 0x00, 0x29, 0x00,
  0x18, 0x52, 0x00, 0x00, 0x29, 0x00, 0x18, 0x52, 0x00, 0x00, 0x29, 0x00,
  0x00, 0x29, 0x00, 0x18, 0x52, 0x00, 0x00, 0x29, 0x00, 0x18, 0x52, 0x00,
  0x00, 0x29, 0x00, 0x18, 0x52, 0x00, 0x00, 0x29, 0x00, 0x18, 0x52, 0x00,
  0x00, 0x29, 0x00, 0x18, 0x52, 0x00, 0x00, 0x29, 0x00, 0x18, 0x52, 0x00,
  0x00, 0x29, 0x00, 0x18, 0x52, 0x00, 0x00, 0x29, 0x00, 0x18, 0x52, 0x00,
  0x00, 0x29, 0x00, 0x18, 0x52, 0x00, 0x00, 0x29, 0x00, 0x18, 0x52, 0x00,
  0x00, 0x29, 0x00, 0x18, 0x52, 0x00, 0x00, 0x29, 0x00, 0x18, 0x52, 0x00,
  0x00, 0x29, 0x00, 0x18, 0x52, 0x00, 0x00, 0x29, 0x00, 0x18, 0x52, 0x00,
  0x00, 0x29, 0x00, 0x18, 0x52, 0x00, 0x00, 0x29, 0x00, 0x18, 0x52, 0x00,
  0x00, 0x29, 0x00, 0x18, 0x52, 0x00, 0x00, 0x29, 0x00, 0x18, 0x52, 0x00,
  0x00, 0x29, 0x00, 0x18, 0x52, 0x00, 0x00, 0x29, 0x00, 0x18, 0x52, 0x00,
  0x00, 0x29, 0x00, 0x18, 0x52, 0x00, 0x00, 0x29, 0x00, 0x18, 0x52, 0x00,
  0x00, 0x29, 0x00, 0x18, 0x52, 0x00, 0x00, 0x29, 0x00, 0x18, 0x52, 0x00,
  0x00, 0x29, 0x00, 0x18, 0x52, 0x00, 0x00, 0x29, 0x00, 0x18, 0x52, 0x00,
  0x00, 0x29, 0x00, 0x18, 0x52, 0x00, 0x00, 0x29, 0x00, 0x18, 0x52, 0x00,
  0x00, 0x29, 0x00, 0x18, 0x52, 0x00, 0x00, 0x29, 0x00, 0x18, 0x52, 0x00,
  0x00, 0x29, 0x00, 0x18, 0x52, 0x00, 0x00, 0x29, 0x00, 0x18, 0x52, 0x00,
  0x00, 0x29, 0x00, 0x18, 0x52, 0x00, 0x00, 0x29, 0x00, 0x18, 0x52, 0x00,
  0x00, 0x29, 0x00, 0x18, 0x52, 0x00, 0x00, 0x29, 0x00, 0x18, 0x52, 0x00,
  0x00, 0x29, 0x00, 0x18, 0x52, 0x00, 0x00, 0x29, 0x00, 0x18, 0x52, 0x00,
  0x00, 0x29, 0x00, 0x18, 0x52, 0x00, 0x00, 0x29, 0x00, 0x18, 0x52, 0x00,
  0x00, 0x29, 0x00, 0x18, 0x52, 0x00, 0x00, 0x29, 0x00, 0x18, 0x52, 0x00,
  0x00, 0x29, 0x00, 0x18, 0x52, 0x00, 0x00, 0x29, 0x00, 0x18, 0x52, 0x00,
  0x00, 0x29, 0x00, 0x18, 0x52, 0x00, 0x00, 0x29, 0x00, 0x18, 0x52, 0x00,
  0x00, 0x29, 0x00, 0x18, 0x52, 0x00, 0x00, 0x29, 0x00, 0x18, 0x52, 0x00,
  0x00, 0x29, 0x00, 0x18, 0x52, 0x00, 0x00, 0x29, 0x00, 0x18, 0x52, 0x00,
  0x00, 0x29, 0x00, 0x18, 0x52, 0x00, 0x00, 0x29, 0x00, 0x18, 0x52, 0x00,
  0x00, 0x29, 0x00, 0x18, 0x52, 0x00, 0x00, 0x29, 0x00, 0x18, 0x52, 0x00,
  0x00, 0x29, 0x00, 0x18, 0x52, 0x00, 0x00, 0x29, 0x00, 0x18, 0x52, 0x00,
  0x00, 0x29, 0x00, 0x18, 0x52, 0x00, 0x00, 0x29, 0x00, 0x18, 0x52, 0x00,
  0x00, 0x29, 0x00, 0x18, 0x52, 0x00, 0x00, 0x29, 0x00, 0x18, 0x52, 0x00,
  0x00, 0x29, 0x00, 0x18, 0x52, 0x00, 0x00, 0x29, 0x00, 0x18, 0x52, 0x00,
  0x00, 0x29, 0x00, 0x18, 0x52, 0x00, 0x00, 0x29, 0x00, 0x18, 0x52, 0x00,
  0x00, 0x29, 0x00, 0x18, 0x52, 0x00, 0x00, 0x29, 0x00, 0x18, 0x52, 0x00,
  0x00, 0x29, 0x00, 0x18, 0x52, 0x00, 0x00, 0x29, 0x00, 0x18, 0x52, 0x00,
  0x00, 0x29, 0x00, 0x18, 0x52, 0x00, 0x00, 0x29, 0x00, 0x18, 0x52, 0x00,
  0x00, 0x29, 0x00, 0x18, 0x52, 0x00, 0x00, 0x29, 0x00, 0x18, 0x52, 0x00,
  0x00, 0x29, 0x00, 0x18, 0x52, 0x00, 0x00, 0x29, 0x00, 0x18, 0x52, 0x00,
  0x00, 0x29, 0x00, 0x18, 0x52, 0x00, 0x00, 0x29, 0x00, 0x18, 0x52, 0x00,
  0x00, 0x29, 0x00, 0x18, 0x52, 0x00, 0x00, 0x29, 0x00, 0x18, 0x52, 0x00,
  0x00, 0x29, 0x00, 0x18, 0x52, 0x00, 0x00, 0x29, 0x00, 0x18, 0x52, 0x00,
  0x00, 0x29, 0x00, 0x18, 0x52, 0x00, 0x00, 0x29, 0x00, 0x18, 0x52, 0x00,
  0x00, 0x29, 0x00, 0x18, 0x52, 0x00, 0x00, 0x29, 0x00, 0x18, 0x52, 0x00,
  0x00, 0x29, 0x00, 0x18, 0x52, 0x00, 0x00, 0x29, 0x00, 0x18, 0x52, 0x00,
  0x00, 0x29, 0x00, 0x18, 0x52, 0x00, 0x00, 0x29, 0x00, 0x18, 0x52, 0x00,
  0x00, 0x29, 0x00, 0x18, 0x52, 0x00, 0x00, 0x29, 0x00, 0x18, 0x52, 0x00,
  0x00, 0x29, 0x00, 0x18, 0x52, 0x00, 0x00, 0x29, 0x00, 0x18, 0x52, 0x00,
  0x00, 0x29, 0x00, 0x18, 0x52, 0x00, 0x00, 0x29, 0x00, 0x18, 0x52, 0x00,
  0x00, 0x29, 0x00, 0x18, 0x52, 0x00, 0x00, 0x29, 0x00, 0x18, 0x52, 0x00,
  0x00, 0x29, 0x00, 0x18, 0x52, 0x00, 0x00, 0x29, 0x00, 0x18, 0x52, 0x00,
  0x00, 0x29, 0x00, 0x18, 0x52, 0x00, 0x00, 0x29, 0x00, 0x18, 0x52, 0x00,
  0x00, 0x29, 0x00, 0x18, 0x52, 0x00, 0x00, 0x29, 0x00, 0x18, 0x52, 0x00,
  0x00, 0x29, 0x00, 0x18, 0x52, 0x00, 0x00, 0x29, 0x00, 0x18, 0x52, 0x00,
  0x00, 0x29, 0x00, 0x18, 0x52, 0x00, 0x00, 0x29, 0x00, 0x18, 0x52, 0x00,
  0x00, 0x29, 0x00, 0x18, 0x52, 0x00, 0x00, 0x29, 0x00, 0x18, 0x52, 0x00,
  0x00, 0x29, 0x00, 0x18, 0x52, 0x00, 0x00, 0x29, 0x00, 0x18, 0x52, 0x00,
  0x00, 0x29, 0x00, 0x18, 0x52, 0x00, 0x00, 0x29, 0x00, 0x18, 0x52, 0x00,
  0x00, 0x29, 0x00, 0x18, 0x52, 0x00, 0x00, 0x29, 0x00, 0x18, 0x52, 0x00,
  0x00, 0x29, 0x00, 0x18, 0x52, 0x00, 0x00, 0x29, 0x00, 0x18, 0x52, 0x00,
  0x00, 0x29, 0x00, 0x18, 0x52, 0x00, 0x00, 0x29, 0x00, 0x18, 0x52, 0x00,
  0x00, 0x29, 0x00, 0x18, 0x52, 0x00, 0x00, 0x29, 0x00, 0x18, 0x52, 0x00,
  0x00, 0x29, 0x00, 0x18, 0x52, 0x00, 0x00, 0x29, 0x00, 0x18, 0x52, 0x00,
  0x00, 0x29, 0x00, 0x18, 0x52, 0x00, 0x00, 0x29, 0x00, 0x18, 0x52, 0x00,
  0x00, 0x29, 0x00, 0x18, 0x52, 0x00, 0x00, 0x29, 0x00, 0x18, 0x52, 0x00,
  0x00, 0x29, 0x00, 0x18, 0x52, 0x00, 0x00, 0x29, 0x00, 0x18, 0x52, 0x00
};
unsigned int sky_tex_raw_len = 76800;
